FanID,Age
13,66
16,81
25,47
44,70
49,68
61,51
75,42
83,70
85,48
103,72
124,68
131,36
137,55
218,47
227,54
228,68
229,50
230,45
232,35
235,65
239,77
246,67
271,69
315,61
322,57
323,43
330,71
331,70
357,46
412,83
413,48
434,65
437,47
439,77
446,79
459,40
474,80
477,43
479,47
483,56
488,85
493,57
515,64
529,44
543,68
545,81
563,79
569,33
572,87
582,40
599,78
617,93
618,53
654,74
656,76
664,70
677,56
683,74
715,36
721,63
736,78
737,40
740,76
770,53
789,49
799,39
800,44
802,61
810,89
832,39
852,38
853,67
856,40
892,45
911,62
919,37
921,62
924,38
964,56
1013,56
1034,52
1045,64
1081,43
1199,56
1202,99
1222,72
1228,49
1246,55
1250,44
1254,36
1264,56
1329,42
1338,64
1352,34
1377,40
1413,55
1445,64
1506,75
1518,74
1539,81
1542,68
1548,67
1562,72
1573,60
1610,72
1622,93
1625,76
1627,40
1642,57
1651,58
1658,40
1672,77
1719,45
1779,70
1785,82
1788,42
1797,77
1800,35
1802,54
1813,46
1837,40
1838,59
1881,42
1891,71
1902,53
1904,36
1938,65
1948,46
1949,40
1959,76
1991,75
2006,59
2034,74
2039,40
2044,39
2049,49
2050,42
2054,93
2064,70
2077,62
2104,71
2111,63
2114,38
2127,73
2139,43
2189,79
2192,69
2198,86
2226,55
2230,39
2238,70
2245,47
2247,76
2256,88
2268,60
2285,38
2287,36
2300,83
2307,78
2311,36
2317,37
2343,46
2351,39
2375,72
2386,40
2394,71
2416,41
2430,79
2448,49
2457,95
2459,41
2488,91
2498,70
2509,39
2516,75
2532,81
2542,69
2548,67
2561,80
2566,50
2569,36
2571,78
2592,54
2597,63
2599,72
2609,50
2610,54
2638,68
2656,41
2658,78
2664,54
2667,52
2675,50
2678,66
2689,43
2717,58
2728,45
2733,57
2740,48
2746,41
2770,59
2772,50
2773,71
2791,54
2816,41
2821,89
2822,64
2827,47
2840,78
2842,70
2860,69
2874,50
2896,73
2904,77
2950,54
2959,56
2979,73
2992,46
3018,61
3055,73
3065,81
3081,61
3084,66
3085,68
3095,83
3151,70
3163,62
3171,45
3178,71
3239,70
3255,71
3274,73
3277,34
3343,61
3354,42
3387,50
3391,67
3395,51
3441,66
3448,56
3467,83
3476,83
3482,41
3508,74
3512,38
3525,47
3528,81
3536,74
3562,74
3563,46
3624,79
3628,48
3631,44
3638,59
3639,58
3644,39
3651,67
3658,66
3661,59
3668,68
3671,57
3689,37
3695,38
3700,73
3701,41
3710,68
3730,43
3732,58
3738,45
3742,49
3751,72
3760,79
3764,72
3765,40
3771,61
3777,38
3801,79
3876,83
3900,60
3906,80
3909,59
3914,63
3930,76
3951,74
3967,70
3968,75
3987,52
3996,80
4005,74
4034,58
4040,53
4061,39
4065,50
4067,81
4070,67
4076,57
4099,48
4101,68
4105,56
4107,50
4109,79
4121,68
4122,62
4124,40
4136,47
4165,52
4168,75
4174,65
4186,55
4187,84
4204,35
4206,45
4207,47
4213,67
4229,73
4238,82
4273,65
4277,81
4292,73
4300,46
4311,38
4312,74
4318,61
4322,69
4326,42
4335,35
4362,57
4364,59
4378,64
4417,92
4420,71
4428,77
4432,69
4448,80
4497,74
4503,50
4511,65
4514,73
4534,37
4538,35
4541,74
4549,36
4550,74
4552,38
4555,39
4563,35
4565,66
4573,39
4579,43
4588,59
4596,77
4597,75
4605,87
4633,78
4657,92
4738,31
4739,55
4750,35
4751,51
4755,75
4761,67
4763,42
4829,39
4833,37
4841,77
4857,43
4860,78
4888,71
4893,43
4905,36
4916,42
4928,69
4937,49
4944,43
4958,48
4959,54
4983,62
4987,51
4994,38
5002,39
5026,62
5044,80
5052,38
5062,79
5081,53
5085,71
5088,54
5090,67
5095,65
5102,41
5104,77
5110,40
5120,77
5134,44
5137,55
5138,39
5147,40
5149,40
5178,41
5181,43
5211,38
5233,46
5258,41
5262,46
5268,74
5278,81
5305,46
5308,48
5310,45
5322,41
5362,39
5366,41
5371,41
5379,69
5401,76
5405,40
5413,45
5419,78
5420,47
5424,47
5427,62
5428,70
5437,38
5456,65
5464,57
5471,53
5485,51
5494,38
5503,41
5523,72
5525,72
5538,91
5543,63
5616,77
5629,55
5674,37
5704,68
5721,60
5736,70
5737,44
5754,75
5767,82
5791,79
5798,51
5830,83
5840,44
5862,61
5933,62
5953,80
5963,40
6015,78
6017,42
6035,75
6078,41
6079,64
6090,67
6098,40
6106,78
6116,76
6134,87
6142,77
6147,41
6150,75
6160,84
6169,81
6175,78
6176,41
6189,43
6206,72
6270,35
6319,69
6327,70
6345,47
6362,50
6396,56
6440,41
6442,71
6448,73
6464,55
6465,69
6488,56
6529,40
6535,46
6548,56
6560,39
6564,40
6570,45
6571,60
6573,40
6574,56
6582,82
6590,49
6593,42
6597,62
6599,43
6600,72
6603,63
6606,35
6611,79
6614,69
6618,52
6637,68
6650,40
6651,41
6674,41
6675,53
6676,65
6686,53
6689,56
6692,45
6694,62
6712,66
6714,64
6715,48
6755,76
6758,55
6759,44
6782,56
6791,41
6792,48
6795,63
6836,52
6857,34
6865,40
6873,62
6898,67
6905,72
6906,43
6907,64
6913,38
6927,62
6970,51
6991,42
6994,82
6997,67
7015,44
7020,36
7033,40
7035,48
7048,70
7050,42
7051,74
7064,40
7065,38
7077,40
7079,48
7091,42
7103,67
7106,49
7107,49
7112,48
7118,50
7119,58
7120,60
7121,50
7122,58
7124,49
7125,67
7126,84
7127,44
7130,48
7131,49
7132,48
7133,50
7134,55
7135,47
7136,51
7137,51
7140,54
7142,52
7145,47
7146,49
7147,43
7148,51
7155,42
7156,43
7158,66
7161,42
7162,42
7164,40
7165,63
7191,78
7199,72
7203,84
7204,42
7208,58
7254,42
7258,41
7259,45
7260,79
7261,54
7262,16
7263,76
7264,48
7267,48
7268,44
7269,51
7272,38
7276,53
7277,54
7279,39
7280,83
7282,54
7290,55
7305,87
7315,78
7403,82
7411,71
7433,83
7459,89
7479,69
7523,54
7571,77
7572,53
7581,77
7582,47
7597,40
7614,64
7615,65
7623,48
7628,44
7634,81
7643,45
7651,41
7681,54
7692,47
7712,42
7746,61
7751,38
7753,69
7778,39
7785,36
7812,44
7830,81
7832,49
7839,47
7852,35
7860,61
7863,40
7870,35
7876,64
7887,53
7893,72
7909,74
7933,77
7934,68
7940,72
7965,77
7967,63
7971,44
7976,40
7984,66
7996,45
8014,40
8032,83
8058,78
8079,79
8086,44
8087,41
8116,53
8140,71
8153,44
8163,59
8188,76
8193,48
8195,43
8197,82
8200,92
8207,71
8209,82
8210,60
8252,64
8265,43
8293,39
8306,39
8315,69
8326,41
8328,73
8337,43
8339,43
8354,99
8360,68
8362,44
8371,71
8378,57
8379,78
8383,43
8393,71
8426,39
8428,50
8444,55
8447,56
8449,63
8450,51
8453,46
8455,46
8456,43
8460,70
8467,56
8468,38
8469,39
8495,72
8499,65
8500,75
8501,38
8503,64
8520,76
8521,46
8524,34
8525,40
8526,55
8527,61
8528,34
8530,35
8550,72
8553,71
8567,39
8575,75
8592,95
8681,78
8689,45
8690,68
8705,51
8720,56
8744,36
8757,81
8765,43
8771,36
8784,70
8785,90
8800,66
8805,70
8809,36
8816,35
8818,35
8876,31
8920,73
8922,57
8928,42
8944,72
8966,42
8971,78
8973,82
8981,78
8993,40
9001,39
9008,91
9009,50
9017,56
9058,69
9060,45
9073,44
9089,58
9090,81
9105,46
9148,72
9152,45
9155,56
9163,38
9175,53
9231,75
9235,41
9256,42
9261,53
9276,51
9316,77
9324,55
9347,78
9352,72
9416,68
9426,55
9442,58
9452,80
9456,56
9493,63
9498,43
9514,55
9530,64
9555,68
9574,53
9624,47
9625,47
9636,64
9640,43
9647,50
9663,69
9687,44
9690,35
9692,67
9734,58
9766,39
9792,65
9819,59
9854,81
9889,66
9899,70
9923,45
9924,58
9940,58
9956,41
9974,46
9975,56
9982,90
9989,68
10006,44
10029,80
10043,44
10056,35
10057,37
10058,35
10064,35
10067,60
10070,48
10079,36
10143,69
10153,40
10155,72
10180,37
10186,46
10191,40
10215,81
10217,41
10231,42
10242,83
10244,79
10245,57
10273,64
10274,63
10277,36
10318,44
10331,46
10340,64
10355,55
10374,83
10380,52
10394,74
10414,72
10416,48
10447,44
10453,67
10466,45
10471,74
10472,72
10483,54
10490,77
10491,47
10500,73
10506,52
10510,58
10523,31
10531,41
10532,41
10562,48
10578,75
10623,64
10632,45
10651,55
10697,60
10761,43
10764,61
10783,44
10792,59
10793,76
10795,57
10800,51
10802,55
10805,75
10806,60
10808,50
10810,54
10815,45
10816,52
10817,44
10822,45
10823,45
10825,48
10831,47
10835,73
10837,41
10840,79
10844,74
10845,40
10847,70
10850,40
10860,68
10861,62
10870,41
10885,62
10902,43
10908,71
10954,42
10983,65
10993,42
11011,52
11045,53
11093,45
11131,44
11165,49
11166,41
11176,43
11178,88
11192,39
11197,39
11205,83
11216,38
11283,39
11364,50
11373,42
11392,42
11398,38
11424,79
11431,62
11441,80
11482,74
11532,68
11545,39
11548,47
11555,62
11560,76
11587,79
11590,38
11596,79
11614,79
11620,43
11639,39
11665,77
11674,66
11677,64
11682,84
11709,84
11717,42
11728,56
11758,56
11831,65
11833,64
11868,67
11881,67
11888,70
11895,59
11909,54
11952,37
11966,78
12026,80
12043,35
12071,70
12086,44
12110,48
12115,62
12127,61
12174,42
12198,35
12220,39
12231,50
12238,75
12250,43
12283,60
12286,62
12300,67
12337,56
12371,44
12384,58
12394,56
12417,43
12438,66
12451,72
12456,76
12460,35
12473,66
12477,74
12514,40
12525,35
12526,55
12531,45
12533,35
12555,86
12563,50
12586,88
12591,46
12596,76
12598,40
12600,54
12601,63
12607,61
12646,41
12647,51
12672,74
12679,76
12684,56
12709,53
12711,43
12735,70
12749,58
12762,48
12763,41
12773,67
12816,77
12824,66
12825,52
12839,72
12857,77
12884,37
12906,78
12920,63
12922,47
12924,82
12940,40
12944,40
12950,49
12952,48
12961,50
12962,43
12964,56
12977,94
12982,55
12983,71
12986,80
12988,41
12992,44
13004,88
13046,64
13051,84
13060,44
13063,63
13080,54
13086,73
13113,77
13116,91
13142,42
13170,57
13204,40
13214,46
13262,54
13277,65
13297,40
13322,41
13335,94
13340,52
13379,39
13418,56
13426,40
13440,53
13453,48
13514,50
13524,49
13534,49
13542,75
13550,53
13557,48
13597,36
13624,54
13647,68
13649,52
13670,59
13704,53
13706,48
13727,82
13737,54
13747,48
13798,73
13829,57
13839,72
13844,38
13872,66
13885,35
13911,94
13918,80
13927,69
13942,45
13948,40
13998,67
14017,61
14023,73
14024,44
14030,79
14032,40
14047,80
14060,37
14061,35
14065,36
14066,36
14068,36
14072,35
14078,35
14080,77
14090,44
14107,54
14120,39
14122,69
14123,39
14126,63
14127,48
14132,77
14138,63
14139,65
14140,50
14141,40
14145,74
14147,48
14149,60
14151,44
14152,43
14154,71
14155,66
14156,65
14157,49
14159,46
14164,78
14167,44
14170,55
14171,52
14178,45
14181,69
14185,48
14187,41
14188,44
14190,91
14191,62
14195,65
14198,58
14203,49
14204,41
14207,60
14208,43
14210,44
14213,61
14214,53
14215,83
14219,64
14223,45
14227,48
14231,51
14233,43
14235,49
14236,34
14240,40
14241,57
14242,48
14243,54
14245,40
14251,88
14252,61
14253,76
14258,40
14260,82
14263,40
14266,50
14272,58
14276,41
14277,80
14278,60
14279,77
14288,42
14292,40
14295,40
14297,42
14312,53
14320,88
14322,50
14334,50
14343,55
14348,44
14350,57
14364,60
14433,69
14434,45
14519,61
14526,62
14538,77
14552,63
14564,60
14566,51
14567,68
14569,50
14573,42
14574,39
14614,89
14671,69
14714,85
14751,74
14757,69
14764,74
14770,40
14771,54
14774,69
14788,63
14818,48
14829,76
14848,41
14926,89
14952,40
14992,62
14996,76
14999,46
15050,89
15059,71
15068,93
15082,46
15094,51
15119,77
15128,77
15145,76
15155,42
15163,83
15173,69
15201,87
15216,49
15229,41
15251,73
15271,82
15281,74
15283,58
15307,55
15318,73
15358,65
15371,73
15389,78
15393,40
15395,85
15404,54
15434,62
15497,44
15500,60
15511,68
15544,69
15661,57
15715,59
15805,58
15839,85
15848,56
15869,56
15870,53
15871,72
15875,49
15887,77
15895,75
15897,37
15898,60
15900,54
15904,44
15905,46
15907,44
15909,81
15910,65
15911,62
15912,63
15913,67
15915,72
15919,77
15921,65
15922,45
15923,82
15924,66
15926,61
15928,41
15929,62
15930,43
15933,40
15934,39
15936,75
15938,55
15939,50
15940,58
15941,64
15944,63
15947,38
15948,67
15949,56
15950,80
15951,40
15952,46
15953,47
15955,63
15958,41
15959,74
15961,52
15964,71
15965,53
15968,70
15970,41
15972,54
15973,45
15974,43
15978,53
15979,49
15980,40
15982,57
15983,37
15985,70
15995,46
16002,41
16010,66
16011,60
16014,79
16015,48
16034,66
16043,56
16045,48
16051,61
16055,77
16056,69
16057,62
16058,37
16065,41
16067,67
16095,65
16111,69
16117,77
16118,51
16119,78
16120,71
16121,47
16122,47
16123,46
16124,47
16126,43
16127,42
16128,42
16129,41
16130,41
16131,40
16144,41
16154,72
16158,44
16160,56
16162,73
16165,40
16178,44
16179,56
16184,69
16190,70
16193,72
16194,36
16195,71
16196,36
16200,38
16213,47
16223,49
16261,43
16292,47
16301,77
16303,75
16309,35
16334,49
16350,42
16400,60
16405,67
16432,43
16468,69
16476,75
16485,69
16509,83
16519,69
16525,67
16527,72
16534,74
16557,64
16573,64
16575,40
16585,42
16602,53
16627,55
16637,82
16666,74
16676,45
16694,55
16716,48
16731,36
16779,45
16847,41
16856,64
16870,41
16876,57
16879,47
17045,52
17113,35
17160,54
17184,51
17188,62
17247,51
17248,63
17280,36
17361,49
17363,41
17392,50
17409,47
17457,70
17458,88
17461,56
17486,39
17498,45
17531,72
17540,75
17542,40
17573,44
17576,45
17589,37
17613,35
17614,80
17630,80
17657,39
17674,39
17714,40
17729,59
17788,84
17794,41
17797,55
17804,87
17818,71
17840,82
17849,42
17877,51
17910,88
18065,58
18066,55
18071,45
18142,54
18162,54
18167,91
18183,45
18186,60
18198,40
18203,70
18234,62
18239,46
18241,43
18244,77
18256,91
18321,88
18340,74
18349,83
18363,56
18366,70
18372,94
18373,81
18377,60
18379,60
18381,71
18382,77
18388,76
18432,32
18434,79
18450,81
18457,53
18464,53
18467,48
18468,58
18471,39
18489,69
18497,44
18498,79
18502,78
18517,80
18534,41
18553,76
18581,77
18606,61
18608,72
18626,86
18631,44
18638,44
18639,43
18649,69
18654,42
18674,58
18675,44
18698,43
18706,43
18722,73
18725,46
18730,88
18750,76
18780,46
18804,70
18823,48
18828,58
18833,62
18843,48
18847,41
18851,44
18858,78
18877,72
18881,55
18882,61
18885,53
18887,82
18888,73
18893,45
18894,43
18896,44
18897,44
18898,42
18899,42
18902,40
18903,42
18906,40
18907,49
18908,55
18910,44
18914,81
18917,58
18918,62
18919,57
18920,58
18923,62
18925,68
18926,51
18927,48
18934,76
18941,39
18971,80
18981,68
19018,38
19036,83
19045,83
19105,48
19143,85
19228,41
19271,44
19279,76
19298,83
19315,86
19318,74
19339,40
19344,78
19362,88
19379,75
19382,45
19402,78
19464,70
19482,77
19541,81
19565,43
19597,77
19605,49
19606,65
19635,76
19641,76
19646,85
19649,66
19655,82
19657,44
19669,67
19673,46
19683,48
19689,81
19695,68
19710,41
19714,33
19754,40
19756,82
19798,39
19833,46
19836,40
19859,38
19860,94
19869,39
19879,79
19894,47
19898,69
19912,67
19924,81
19925,52
19929,66
19943,78
19962,46
19993,68
19997,70
20062,90
20082,38
20086,47
20089,41
20094,59
20120,78
20131,69
20139,62
20141,46
20154,34
20155,39
20174,44
20182,91
20184,61
20187,78
20188,48
20189,74
20196,46
20197,41
20202,65
20260,63
20262,76
20266,80
20269,44
20273,64
20281,34
20292,41
20293,87
20296,41
20298,35
20299,65
20306,48
20317,34
20320,49
20323,58
20326,69
20330,64
20331,102
20335,59
20336,46
20338,51
20342,81
20343,48
20344,57
20345,55
20346,45
20351,44
20361,41
20363,43
20365,45
20373,54
20375,48
20376,58
20377,43
20378,41
20380,61
20383,70
20388,64
20395,41
20399,65
20400,42
20410,58
20413,57
20422,47
20425,38
20426,39
20428,46
20433,80
20435,68
20438,68
20466,70
20473,41
20515,80
20516,44
20524,82
20533,66
20550,42
20562,41
20570,78
20577,51
20587,45
20597,69
20606,55
20640,58
20641,59
20708,37
20713,40
20728,39
20729,42
20733,68
20758,37
20760,42
20769,71
20778,35
20792,38
20795,36
20798,40
20799,35
20822,40
20839,36
20846,48
20868,42
20870,38
20885,68
20911,78
20926,88
20929,65
20934,36
20942,44
20965,68
20987,76
21036,55
21047,83
21056,82
21059,38
21073,92
21075,58
21079,51
21082,74
21087,41
21089,51
21112,41
21153,35
21200,94
21222,85
21233,65
21239,82
21245,55
21273,75
21294,52
21302,55
21305,55
21325,40
21353,45
21358,79
21418,70
21434,80
21451,49
21452,87
21453,82
21480,41
21509,73
21525,38
21543,40
21558,56
21562,76
21565,55
21571,40
21572,40
21602,47
21621,63
21622,65
21631,77
21649,69
21662,44
21677,57
21683,54
21693,38
21699,54
21704,78
21714,54
21723,78
21725,47
21732,34
21733,39
21738,41
21752,46
21756,43
21760,77
21766,68
21786,69
21791,40
21794,66
21802,43
21805,73
21812,41
21823,40
21825,75
21831,49
21837,39
21849,47
21850,39
21860,54
21879,71
21918,78
21923,73
21928,32
21969,73
21982,59
22027,51
22062,90
22117,74
22120,44
22136,73
22151,65
22156,41
22157,42
22161,75
22178,51
22180,54
22186,66
22190,91
22212,82
22222,42
22232,72
22286,86
22287,40
22300,38
22321,57
22343,42
22353,45
22363,42
22365,69
22397,52
22441,48
22454,54
22467,72
22480,81
22498,59
22499,81
22518,75
22537,68
22566,72
22584,91
22586,88
22589,52
22598,75
22599,68
22607,50
22619,58
22623,64
22635,69
22640,71
22645,62
22646,66
22668,72
22671,38
22675,72
22687,71
22690,39
22696,46
22705,69
22713,44
22714,74
22723,69
22729,55
22731,48
22733,69
22737,44
22758,51
22759,70
22769,56
22775,49
22786,78
22790,40
22805,74
22820,65
22821,76
22829,39
22832,37
22838,39
22857,75
22861,54
22862,38
22863,39
22889,42
22890,43
22924,76
22927,41
22929,60
22930,56
22931,42
22932,39
22933,86
22934,50
22936,64
22937,42
22939,48
22940,40
22942,42
22943,42
22944,42
22948,45
22951,53
22953,56
22954,53
22955,53
22956,48
22957,43
22958,43
22960,54
22961,40
22965,53
22966,42
22970,44
22971,46
22977,42
22980,44
22981,40
22982,67
22983,41
22986,48
22987,61
22989,43
22991,29
22992,41
22993,54
22994,44
22995,60
22997,56
23000,51
23001,55
23002,42
23004,67
23005,44
23007,38
23008,71
23009,39
23011,50
23014,57
23017,55
23026,33
23042,40
23052,71
23086,54
23105,73
23143,59
23144,69
23163,53
23172,51
23173,64
23177,46
23178,61
23189,62
23190,46
23210,60
23228,76
23249,68
23261,43
23264,41
23271,37
23279,80
23292,74
23331,68
23340,44
23355,45
23359,71
23378,46
23398,42
23402,41
23457,84
23481,77
23616,93
23645,72
23647,79
23744,60
23756,77
23757,41
23776,81
23795,80
23797,69
23804,69
23833,74
23853,60
23875,53
23878,69
23899,88
23908,40
23923,60
23924,41
23973,82
24027,68
24054,79
24105,80
24122,65
24130,43
24137,89
24145,38
24156,71
24179,58
24181,41
24267,65
24272,72
24278,41
24282,69
24288,73
24332,52
24365,55
24371,76
24379,71
24392,62
24397,79
24398,72
24402,50
24405,50
24407,65
24411,61
24438,41
24439,53
24453,46
24469,56
24470,42
24471,43
24472,90
24473,47
24475,39
24476,40
24479,55
24483,42
24484,70
24487,46
24499,40
24523,79
24531,71
24539,47
24540,36
24543,70
24554,67
24555,69
24574,39
24583,48
24588,65
24592,55
24598,74
24599,41
24608,37
24619,71
24623,54
24647,64
24659,54
24685,36
24707,77
24724,64
24739,44
24744,76
24771,47
24775,47
24799,35
24816,65
24823,35
24864,63
24866,43
24867,43
24874,42
24892,82
24901,58
24905,38
24911,81
24914,35
24935,53
24954,88
24960,61
24970,76
25008,67
25013,70
25019,69
25026,76
25046,82
25068,46
25084,73
25087,54
25094,87
25113,80
25117,46
25137,40
25167,38
25175,47
25185,66
25204,69
25211,41
25217,80
25228,44
25235,39
25258,74
25264,44
25272,54
25278,72
25288,65
25301,59
25304,71
25320,77
25329,37
25335,47
25339,55
25348,59
25352,73
25356,62
25360,53
25379,72
25398,71
25414,52
25418,36
25420,73
25424,57
25435,52
25444,43
25458,72
25471,38
25473,80
25474,55
25476,48
25492,71
25522,47
25549,76
25551,55
25562,73
25590,43
25624,81
25639,68
25667,58
25676,58
25748,58
25749,40
25751,38
25774,38
25784,67
25805,82
25809,48
25836,39
25868,47
25916,74
25940,76
25957,84
25973,72
25985,57
25992,72
25999,69
26023,76
26024,94
26028,38
26038,73
26101,72
26111,83
26115,47
26127,80
26169,64
26182,42
26199,82
26237,45
26238,79
26247,43
26281,70
26287,69
26301,45
26302,62
26334,79
26361,56
26364,76
26416,48
26418,42
26422,53
26423,47
26426,76
26431,54
26454,55
26476,39
26481,45
26490,81
26518,73
26547,70
26559,77
26573,80
26575,37
26601,85
26609,55
26610,72
26665,46
26667,67
26668,49
26670,67
26671,45
26673,65
26674,46
26675,65
26676,43
26677,64
26678,46
26680,55
26682,46
26683,67
26686,67
26687,47
26689,44
26691,65
26692,74
26693,76
26694,53
26695,74
26696,55
26697,63
26698,61
26700,86
26706,55
26711,56
26712,71
26713,40
26715,47
26719,54
26721,42
26724,44
26727,48
26734,34
26735,55
26736,57
26739,69
26741,36
26750,59
26751,85
26755,82
26760,51
26775,41
26776,44
26777,44
26778,43
26782,52
26787,42
26788,43
26789,78
26790,42
26793,39
26794,40
26797,45
26798,41
26799,40
26800,40
26801,41
26802,41
26803,43
26804,39
26807,41
26808,40
26809,42
26810,39
26811,42
26812,40
26816,47
26817,40
26821,71
26823,54
26824,41
26826,56
26831,39
26833,65
26835,36
26836,39
26837,38
26838,44
26840,45
26841,58
26842,40
26844,44
26845,40
26850,44
26862,45
26868,45
26869,49
26878,38
26894,56
26895,49
26921,60
26924,42
26942,44
26952,58
26953,75
26968,37
27002,57
27031,77
27041,45
27062,76
27120,48
27142,64
27157,38
27219,47
27234,37
27285,55
27294,43
27296,73
27307,41
27314,66
27317,41
27338,77
27370,66
27380,49
27399,40
27414,91
27418,44
27433,38
27470,74
27474,55
27484,66
27491,58
27500,50
27506,38
27509,65
27516,59
27527,67
27535,43
27540,78
27558,80
27573,50
27575,37
27603,88
27607,64
27639,82
27702,81
27712,74
27713,55
27722,76
27730,39
27742,78
27754,51
27816,42
27820,47
27832,70
27869,53
27880,56
27898,76
27930,58
27935,41
27936,62
27956,55
27961,85
27994,43
28001,44
28005,40
28013,77
28032,78
28042,47
28057,44
28058,79
28065,42
28068,81
28084,74
28093,47
28099,58
28102,39
28108,57
28111,37
28119,71
28136,57
28140,39
28153,77
28154,47
28156,62
28161,46
28175,51
28186,72
28199,55
28207,50
28215,41
28216,45
28217,82
28218,57
28234,56
28236,68
28243,41
28253,65
28254,46
28267,38
28276,70
28277,59
28289,51
28290,56
28291,44
28292,39
28293,42
28295,43
28303,54
28304,84
28331,79
28342,44
28365,47
28367,40
28368,74
28370,39
28373,41
28374,62
28378,39
28380,46
28383,44
28384,63
28388,41
28390,46
28397,51
28401,47
28402,47
28403,43
28405,72
28408,59
28411,56
28414,49
28415,77
28416,42
28417,39
28420,45
28421,41
28422,50
28423,82
28425,43
28469,69
28504,86
28521,72
28574,53
28581,41
28591,78
28628,72
28639,52
28640,47
28668,87
28686,47
28688,35
28700,86
28727,74
28728,35
28737,86
28746,72
28753,42
28757,39
28764,36
28776,79
28777,46
28784,72
28788,64
28790,45
28793,45
28801,65
28806,39
28808,69
28813,48
28838,55
28841,43
28842,55
28851,77
28858,58
28870,50
28878,73
28898,44
28899,48
28912,38
28916,87
28919,42
28924,56
28932,65
28935,79
28939,56
28952,56
28956,51
28984,79
28993,79
29001,78
29008,38
29013,41
29028,80
29039,48
29048,74
29147,59
29193,78
29231,44
29271,57
29291,50
29357,48
29378,63
29392,35
29452,62
29458,54
29483,38
29491,51
29513,43
29551,55
29583,75
29596,74
29597,58
29604,63
29629,45
29675,48
29686,53
29713,49
29745,59
29798,43
29814,40
29845,70
29903,46
29906,41
29914,93
29940,75
29953,71
29958,58
29980,42
29981,39
30025,71
30026,62
30032,50
30043,40
30045,47
30062,68
30063,48
30064,35
30067,41
30069,76
30071,48
30072,59
30074,79
30122,45
30127,46
30131,64
30170,47
30195,86
30231,43
30239,78
30240,46
30255,82
30271,79
30316,41
30317,38
30321,35
30322,75
30324,35
30327,62
30331,48
30345,35
30346,87
30348,36
30352,39
30353,36
30401,50
30403,50
30412,35
30426,60
30429,70
30453,45
30472,73
30474,65
30483,75
30491,59
30495,41
30503,71
30507,66
30508,43
30518,72
30528,71
30530,84
30534,63
30535,59
30541,60
30546,55
30547,71
30555,69
30558,63
30561,66
30563,39
30566,41
30572,42
30575,59
30581,60
30583,59
30584,45
30590,80
30611,43
30620,76
30666,39
30710,39
30717,58
30725,52
30732,64
30746,43
30769,69
30790,47
30792,37
30795,70
30806,39
30819,86
30833,48
30835,69
30841,49
30847,61
30865,76
30868,85
30869,68
30897,30
30906,53
30907,60
30910,42
30926,77
30932,40
30959,74
30967,55
30974,81
30975,36
30981,45
30983,36
30984,88
30985,76
30987,48
30991,62
30994,88
31037,46
31044,74
31051,46
31052,61
31055,73
31062,41
31081,79
31085,72
31103,43
31117,69
31136,39
31181,90
31194,66
31198,58
31200,90
31206,42
31211,68
31221,76
31263,49
31277,46
31291,86
31332,96
31339,41
31367,80
31394,93
31439,66
31457,56
31460,54
31492,75
31507,37
31534,75
31587,85
31620,57
31662,37
31681,42
31690,64
31711,58
31726,51
31769,93
31788,40
31794,55
31807,58
31811,66
31817,43
31818,60
31825,37
31827,44
31840,37
31846,68
31859,54
31878,73
31906,62
31921,74
31957,46
31984,39
32005,69
32008,51
32010,38
32014,52
32016,37
32059,43
32061,61
32098,77
32107,39
32112,51
32116,38
32180,38
32181,80
32190,72
32200,46
32203,50
32206,79
32214,55
32270,69
32308,37
32334,75
32342,56
32348,62
32425,83
32464,61
32471,49
32474,52
32483,68
32485,72
32489,49
32513,81
32521,56
32522,81
32583,38
32590,74
32613,46
32621,38
32649,43
32652,38
32653,48
32677,41
32690,57
32695,48
32720,44
32752,78
32774,46
32805,77
32816,74
32817,76
32876,48
32889,47
32898,50
32902,58
32951,70
32959,37
32969,48
32974,56
32978,38
32986,55
32988,55
32990,57
32999,41
33011,39
33012,41
33036,64
33047,35
33053,76
33105,73
33113,74
33164,77
33190,53
33195,50
33198,83
33202,68
33207,41
33210,77
33224,75
33227,64
33228,78
33229,73
33230,72
33232,76
33242,99
33245,63
33249,92
33251,90
33254,76
33353,55
33391,68
33411,75
33430,77
33455,63
33458,91
33483,78
33510,75
33516,42
33567,77
33575,40
33581,40
33586,76
33596,85
33605,82
33613,46
33625,78
33644,77
33655,56
33662,70
33666,56
33677,59
33762,74
33770,75
33776,34
33805,80
33824,77
33831,40
33834,37
33872,79
33886,71
33895,71
33962,77
33987,74
34000,88
34015,64
34028,77
34045,49
34074,59
34079,86
34100,36
34102,43
34107,35
34108,68
34109,35
34116,39
34123,35
34125,51
34126,58
34133,44
34136,71
34141,40
34145,72
34147,52
34148,56
34149,53
34150,88
34151,48
34152,56
34154,42
34155,44
34156,77
34158,39
34159,92
34160,39
34169,49
34173,68
34182,77
34184,48
34193,93
34206,82
34210,66
34214,34
34217,41
34219,36
34226,52
34228,61
34234,59
34235,62
34243,50
34249,66
34250,38
34254,78
34261,65
34264,64
34269,49
34272,65
34285,69
34295,54
34301,38
34302,38
34303,82
34304,70
34306,50
34307,41
34313,77
34314,69
34321,98
34322,77
34331,40
34342,72
34361,54
34363,84
34364,66
34367,41
34368,44
34380,62
34386,69
34393,66
34400,41
34418,86
34427,38
34434,75
34454,57
34501,37
34512,40
34524,46
34527,59
34530,44
34573,74
34582,79
34618,82
34705,40
34747,70
34756,39
34759,99
34831,50
34835,37
34844,73
34867,62
34908,81
34945,58
34986,73
34995,87
35055,69
35122,73
35146,75
35239,66
35240,63
35275,75
35276,40
35284,73
35292,54
35307,76
35321,68
35372,84
35380,55
35381,77
35481,41
35494,91
35517,55
35529,55
35536,56
35541,35
35562,37
35563,67
35575,45
35579,42
35605,79
35607,80
35609,59
35615,79
35619,76
35621,55
35648,70
35657,35
35706,56
35717,60
35721,71
35730,64
35745,51
35793,63
35803,40
35807,55
35813,68
35814,38
35828,64
35832,73
35834,79
35845,60
35847,53
35852,38
35854,32
35877,46
35896,63
35900,40
35915,54
35934,48
35935,42
35973,57
36003,44
36013,47
36016,67
36019,34
36038,59
36100,41
36122,37
36142,53
36153,88
36182,79
36202,70
36302,60
36380,79
36431,72
36461,83
36462,54
36463,75
36464,46
36465,60
36467,46
36474,64
36484,47
36485,66
36487,41
36489,54
36492,53
36493,51
36496,86
36498,43
36499,63
36504,40
36526,58
36660,43
36674,42
36680,44
36682,58
36689,49
36705,34
36714,37
36722,51
36750,75
36759,79
36762,47
36763,45
36765,43
36766,41
36767,38
36770,42
36775,64
36814,39
36831,45
36833,45
36845,83
36847,39
36852,41
36865,42
36867,70
36873,78
36881,69
36882,40
36883,53
36886,46
36890,53
36893,56
36897,82
36899,56
36904,48
36907,54
36922,58
36926,70
36927,33
36928,39
36947,56
36961,55
36962,41
36963,41
36964,66
36965,61
36966,49
36989,74
36998,77
37006,48
37007,78
37011,42
37012,39
37013,53
37015,65
37018,39
37019,70
37037,38
37050,51
37051,51
37053,43
37063,58
37078,76
37085,39
37092,44
37093,44
37094,38
37096,37
37097,46
37107,47
37121,79
37136,49
37147,74
37170,51
37185,57
37200,37
37204,40
37206,40
37229,43
37236,65
37251,89
37252,38
37256,56
37298,61
37302,42
37303,40
37317,37
37324,76
37325,38
37350,78
37361,50
37384,50
37407,43
37412,56
37418,40
37428,37
37508,80
37530,76
37542,80
37549,56
37556,76
37565,34
37568,93
37590,57
37591,42
37593,75
37595,37
37621,75
37629,65
37642,63
37668,48
37672,43
37673,74
37674,64
37678,40
37679,74
37681,64
37682,39
37693,39
37700,70
37702,42
37703,59
37705,44
37708,78
37715,37
37728,58
37737,71
37769,52
37779,53
37781,79
37785,47
37790,42
37800,50
37803,47
37805,41
37806,76
37809,64
37812,66
37813,39
37814,79
37823,36
37826,63
37832,61
37864,56
37865,43
37888,78
37889,38
37891,77
37913,57
37928,46
37942,76
37949,39
37955,45
37967,40
37970,58
37981,79
37989,65
37995,37
38000,80
38017,69
38026,40
38029,38
38037,49
38038,43
38039,71
38043,91
38044,39
38045,46
38049,56
38053,53
38056,41
38069,73
38078,48
38084,53
38093,40
38098,59
38099,37
38110,42
38112,38
38117,40
38120,41
38124,50
38144,35
38161,60
38177,53
38180,50
38198,51
38222,50
38260,76
38262,45
38266,76
38267,77
38286,41
38298,69
38307,65
38311,39
38316,41
38328,62
38337,48
38344,41
38349,78
38350,41
38352,40
38354,39
38372,46
38379,77
38381,41
38398,71
38399,49
38404,75
38414,74
38423,72
38479,72
38535,65
38607,71
38698,40
38732,32
38749,84
38752,56
38763,50
38781,80
38821,73
38847,79
38890,60
38891,56
38895,54
38901,42
38935,80
38995,87
39039,67
39042,64
39054,69
39136,80
39146,87
39172,91
39287,64
39297,82
39327,62
39329,32
39347,76
39374,73
39397,59
39564,72
39633,55
39690,60
39694,75
39727,68
39735,72
39755,78
39807,71
39846,67
39864,73
39881,76
39908,97
39927,82
40024,59
40053,80
40063,77
40093,65
40139,59
40144,73
40154,45
40158,53
40166,46
40201,65
40205,69
40209,39
40216,72
40220,42
40225,61
40236,79
40253,36
40254,70
40265,71
40274,36
40285,41
40293,40
40296,69
40338,39
40346,41
40355,75
40376,39
40377,54
40381,43
40391,44
40408,74
40415,65
40424,69
40434,64
40446,70
40450,82
40453,34
40460,41
40477,64
40499,87
40572,54
40598,43
40601,72
40605,78
40658,62
40667,40
40697,44
40700,64
40704,40
40770,78
40774,32
40776,47
40778,82
40790,70
40793,41
40800,40
40803,37
40822,79
40829,37
40832,39
40842,40
40864,83
40881,58
40884,65
40886,74
40887,69
40907,63
40929,70
40948,62
40979,67
40987,64
40992,39
41001,38
41005,48
41007,33
41011,48
41012,78
41030,42
41031,59
41033,40
41035,40
41036,62
41039,41
41041,39
41045,41
41050,43
41051,63
41070,50
41072,50
41092,62
41104,74
41115,34
41119,65
41127,40
41152,69
41153,39
41161,76
41162,47
41179,87
41186,79
41193,71
41197,69
41206,59
41209,78
41216,40
41217,74
41223,55
41225,42
41237,42
41238,42
41243,68
41248,61
41253,61
41259,49
41270,55
41305,84
41306,40
41341,59
41342,45
41343,45
41344,41
41345,40
41347,42
41349,39
41354,87
41397,42
41434,58
41462,55
41495,39
41581,93
41780,52
41783,67
41790,47
41801,57
41817,35
41829,50
41833,39
41839,60
41912,56
41923,46
41932,75
42055,75
42063,34
42094,42
42111,85
42122,73
42127,70
42133,44
42134,39
42135,76
42136,39
42137,39
42138,39
42144,83
42155,55
42163,38
42191,40
42192,59
42199,71
42203,72
42205,44
42206,38
42208,71
42214,37
42215,39
42231,37
42232,36
42242,46
42274,58
42284,42
42301,39
42303,66
42312,72
42314,70
42324,62
42332,36
42389,80
42461,56
42476,76
42480,54
42485,77
42515,42
42516,41
42540,58
42559,43
42569,31
42574,48
42638,47
42649,52
42680,90
42709,70
42761,52
42772,53
42788,54
42790,52
42792,55
42793,55
42797,49
42798,41
42799,62
42800,41
42801,40
42803,63
42805,59
42807,44
42808,39
42811,38
42814,48
42815,44
42817,45
42874,43
42898,64
42904,78
42939,81
42947,58
42989,66
43048,79
43076,56
43084,77
43115,74
43146,68
43185,77
43234,48
43257,70
43285,70
43287,55
43340,63
43355,55
43361,68
43376,80
43431,43
43439,45
43446,78
43473,66
43503,65
43504,42
43505,40
43511,84
43531,63
43536,51
43541,61
43572,45
43580,85
43623,77
43656,59
43676,73
43680,46
43686,73
43705,41
43710,90
43719,95
43775,78
43828,68
43837,55
43878,51
43896,68
43940,66
43961,61
44024,70
44031,68
44050,72
44058,58
44125,84
44229,54
44244,41
44323,87
44351,85
44380,34
44502,78
44550,77
44612,94
44615,51
44620,75
44680,82
44692,57
44699,101
44723,42
44724,91
44725,38
44728,41
44732,39
44735,64
44740,37
44741,64
44742,55
44743,51
44745,62
44747,59
44751,38
44759,75
44766,41
44767,64
44779,39
44796,58
44827,79
44839,79
44845,73
44871,84
44886,38
44891,43
44906,72
44944,33
44952,73
44965,54
45016,50
45022,38
45025,59
45032,76
45087,75
45113,80
45145,41
45159,41
45163,37
45166,40
45168,45
45175,75
45183,67
45184,39
45206,68
45219,43
45223,47
45225,39
45237,48
45261,55
45271,78
45309,81
45313,42
45325,44
45326,42
45327,39
45328,41
45331,45
45332,66
45334,38
45336,61
45339,55
45342,40
45349,40
45352,41
45363,70
45367,61
45369,40
45373,41
45381,46
45393,71
45394,42
45406,60
45416,41
45427,39
45455,45
45469,71
45471,41
45473,40
45476,40
45492,40
45493,69
45505,69
45513,39
45528,68
45536,85
45541,50
45542,37
45543,43
45546,52
45548,80
45555,40
45573,52
45576,46
45579,89
45583,39
45585,53
45586,37
45596,38
45604,68
45608,42
45609,91
45612,66
45629,38
45632,38
45667,41
45668,57
45672,52
45673,44
45674,39
45675,38
45687,72
45689,71
45691,38
45695,38
45701,63
45703,88
45705,38
45707,53
45709,36
45712,81
45713,44
45715,47
45725,43
45728,41
45741,79
45744,38
45745,38
45747,48
45749,60
45752,92
45753,39
45754,69
45778,41
45800,39
45801,68
45805,69
45838,42
45845,82
45856,41
45870,42
45872,44
45879,49
45888,51
45891,41
45895,36
45896,53
45902,37
45906,79
45918,38
45919,46
45920,38
45931,38
45943,37
45957,41
45959,44
45961,46
45963,61
45966,47
45969,39
45971,38
45979,70
45998,72
46007,37
46009,42
46024,40
46029,91
46034,69
46035,65
46047,54
46080,49
46095,38
46098,48
46100,57
46101,38
46103,38
46113,67
46118,78
46121,42
46132,38
46133,39
46137,39
46143,83
46149,79
46152,38
46166,39
46170,77
46192,38
46196,83
46202,46
46227,63
46229,63
46230,76
46262,72
46284,57
46285,51
46292,72
46305,38
46308,60
46310,37
46315,42
46349,77
46386,55
46398,66
46449,45
46458,66
46459,50
46466,76
46484,71
46514,99
46579,75
46589,44
46645,81
46648,74
46649,43
46651,53
46667,33
46675,57
46676,51
46768,58
46787,76
46790,46
46810,85
46817,40
46826,76
46828,58
46856,37
46857,40
46858,79
46865,54
46867,86
46875,61
46883,70
46930,100
46946,48
46968,59
46974,60
46976,37
46978,43
46996,52
47013,85
47036,64
47115,43
47139,40
47141,72
47162,71
47179,124
47192,85
47196,35
47199,43
47223,38
47224,78
47273,28
47293,58
47313,82
47323,38
47325,59
47329,74
47345,77
47352,71
47374,82
47388,48
47405,40
47411,41
47412,60
47437,71
47456,86
47492,76
47506,81
47507,42
47517,36
47530,70
47538,79
47540,75
47542,64
47675,59
47762,97
47771,71
47883,58
47907,45
47926,41
47966,90
47967,79
47980,51
47984,57
47987,52
48004,37
48008,40
48010,52
48012,54
48061,42
48063,40
48064,38
48065,47
48068,44
48070,42
48071,40
48080,78
48081,41
48092,51
48099,83
48119,82
48160,39
48186,39
48192,64
48204,43
48215,74
48224,59
48249,76
48269,77
48276,81
48311,69
48312,64
48351,37
48372,60
48377,70
48379,37
48398,37
48400,33
48418,39
48436,77
48458,76
48480,71
48486,42
48488,57
48489,71
48501,61
48509,74
48538,38
48550,57
48555,42
48575,75
48581,67
48591,77
48609,70
48641,53
48660,69
48689,43
48697,33
48730,38
48743,95
48760,86
48814,69
48818,76
48866,80
48871,50
48874,43
48893,63
48903,38
48907,41
48919,45
48924,57
48926,55
48939,37
48944,47
48966,42
48969,43
48988,51
48991,56
49000,46
49012,80
49015,34
49022,52
49045,55
49051,80
49075,55
49077,42
49085,55
49135,77
49162,61
49178,60
49194,61
49201,55
49208,33
49225,65
49243,82
49244,48
49247,41
49279,56
49291,48
49331,42
49334,51
49341,40
49342,49
49343,48
49351,37
49356,51
49380,53
49387,38
49390,74
49393,80
49406,58
49413,46
49414,38
49437,52
49447,43
49486,53
49509,39
49519,58
49526,48
49539,45
49540,40
49541,54
49542,47
49543,50
49557,56
49560,36
49594,44
49596,52
49597,39
49598,82
49604,65
49622,87
49624,37
49658,80
49664,69
49669,67
49672,58
49677,75
49679,76
49683,47
49689,72
49694,77
49696,82
49706,44
49708,76
49715,86
49725,78
49732,77
49749,72
49751,52
49772,38
49777,98
49873,92
49883,32
49897,64
49925,47
49927,77
49955,67
50030,45
50033,69
50052,83
50062,68
50077,88
50081,73
50114,62
50121,78
50150,71
50179,94
50244,75
50266,67
50288,77
50306,42
50308,54
50317,80
50458,62
50491,64
50522,37
50605,42
50629,42
50632,40
50645,39
50673,68
50676,64
50681,52
50693,78
50702,44
50714,53
50715,53
50716,49
50728,73
50744,40
50751,66
50753,71
50757,56
50759,80
50760,39
50773,35
50784,39
50815,41
50838,69
50857,65
50867,39
50880,45
50884,76
50886,67
50892,70
50895,65
50897,59
50903,88
50907,97
50908,38
50913,51
50914,51
50915,59
50919,55
50921,42
50922,76
50926,39
50928,50
50933,45
50942,38
50944,42
50949,83
50950,58
50951,57
50952,44
50953,78
50968,49
50978,61
50980,61
50983,56
51002,72
51003,67
51014,40
51019,39
51036,88
51040,65
51052,82
51057,66
51084,68
51087,76
51101,65
51102,74
51103,64
51105,46
51106,45
51107,56
51108,40
51109,41
51110,38
51113,39
51126,38
51128,56
51130,36
51173,72
51174,67
51181,57
51182,62
51184,41
51188,39
51190,66
51191,41
51199,57
51208,54
51218,63
51240,40
51265,46
51271,73
51273,47
51274,44
51275,40
51277,42
51278,64
51284,43
51306,81
51314,80
51327,33
51335,58
51346,50
51364,38
51383,82
51392,39
51430,56
51455,81
51478,77
51487,82
51517,52
51544,74
51562,71
51599,45
51606,78
51616,40
51620,35
51647,48
51707,55
51757,84
51793,77
51825,89
51847,56
51849,72
51868,83
51923,44
51942,40
52008,88
52017,84
52028,51
52038,76
52060,37
52093,42
52183,46
52217,77
52264,64
52272,46
52274,56
52286,40
52290,44
52296,70
52299,41
52325,80
52326,73
52336,50
52339,60
52345,42
52353,64
52354,44
52365,59
52370,66
52381,60
52409,46
52412,79
52444,50
52451,53
52462,64
52469,37
52470,65
52471,44
52481,83
52488,48
52491,76
52499,48
52539,58
52541,48
52542,46
52549,45
52559,50
52560,43
52564,34
52627,72
52636,82
52642,39
52659,36
52676,55
52677,39
52680,39
52681,39
52683,59
52697,57
52707,41
52708,72
52711,45
52720,58
52722,84
52737,40
52740,40
52741,47
52809,45
52811,77
52857,73
52887,41
52924,60
52945,41
52951,72
52954,46
52966,77
52979,63
52983,78
52986,42
52990,76
53015,81
53037,78
53068,58
53175,52
53245,65
53331,59
53341,71
53343,79
53350,40
53351,41
53352,38
53357,58
53358,40
53364,77
53375,80
53382,38
53399,88
53415,49
53422,67
53423,50
53424,44
53426,77
53428,47
53430,38
53431,39
53443,39
53498,40
53539,42
53540,58
53552,72
53553,66
53554,78
53555,49
53556,52
53557,39
53558,39
53563,46
53565,56
53573,52
53575,65
53580,57
53591,46
53592,41
53595,42
53596,40
53602,42
53605,42
53607,50
53610,42
53611,55
53613,40
53614,46
53616,58
53617,66
53618,43
53622,44
53626,67
53638,42
53640,41
53645,42
53690,49
53709,72
53710,40
53722,86
53724,53
53729,62
53731,65
53733,49
53734,40
53735,44
53736,48
53739,48
53740,45
53742,44
53744,51
53746,41
53748,73
53749,42
53751,41
53752,102
53778,43
53785,34
53787,38
53793,44
53794,39
53795,75
53800,50
53810,41
53811,38
53812,48
53823,56
53826,91
53828,41
53833,56
53836,41
53847,52
53848,48
53849,46
53850,51
53852,73
53859,42
53861,58
53866,39
53870,75
53885,40
53889,61
53893,42
53899,61
53901,39
53903,45
53904,46
53912,59
53923,43
53971,63
53976,38
53981,40
53985,76
53988,65
54003,78
54017,52
54026,42
54035,71
54037,49
54050,65
54060,35
54071,51
54101,48
54103,77
54106,42
54118,54
54121,41
54126,51
54127,51
54128,47
54133,42
54135,41
54136,40
54141,38
54144,37
54145,37
54149,42
54150,59
54153,60
54157,49
54161,54
54167,40
54171,38
54185,96
54190,48
54249,53
54258,40
54264,71
54273,72
54278,54
54287,54
54316,38
54323,50
54328,50
54337,51
54340,67
54369,85
54375,38
54384,39
54388,37
54404,50
54408,69
54423,45
54426,38
54427,56
54428,78
54430,51
54445,37
54449,54
54453,39
54507,71
54512,37
54515,66
54527,39
54537,39
54544,44
54545,40
54546,47
54548,44
54550,40
54564,78
54573,62
54587,54
54589,69
54603,53
54606,56
54610,38
54628,39
54632,63
54634,38
54640,94
54643,39
54658,38
54659,75
54660,38
54673,69
54678,65
54685,45
54708,77
54727,38
54741,81
54748,60
54749,55
54752,64
54754,49
54755,40
54773,74
54774,40
54778,38
54780,62
54782,85
54820,39
54824,76
54831,40
54845,38
54855,39
54856,38
54858,38
54861,45
54863,40
54868,72
54872,40
54880,47
54913,78
54921,49
54922,34
54931,60
54937,58
54938,59
54940,59
54958,42
54970,67
54980,84
54982,78
54992,75
54993,51
55007,44
55025,49
55035,80
55061,58
55079,35
55132,53
55140,87
55147,71
55150,40
55194,61
55195,40
55210,43
55215,78
55223,79
55236,67
55241,46
55246,38
55309,50
55319,45
55338,55
55371,75
55387,56
55415,71
55443,80
55477,62
55486,78
55511,85
55621,38
55633,65
55691,78
55746,46
55801,53
55806,76
55829,73
55854,84
55915,55
55947,48
55979,66
56044,77
56055,68
56079,82
56113,66
56126,79
56154,39
56177,85
56203,77
56300,46
56323,71
56346,51
56355,69
56361,33
56407,48
56439,62
56478,89
56496,79
56499,70
56529,75
56566,69
56569,51
56570,71
56576,50
56581,73
56710,73
56713,59
56721,55
56836,56
56846,78
56872,88
56882,72
56929,87
56953,65
57014,49
57030,59
57032,72
57033,45
57035,45
57037,42
57049,53
57052,42
57082,54
57089,65
57120,63
57129,35
57149,68
57211,51
57253,58
57260,56
57308,49
57337,51
57340,38
57347,40
57348,57
57355,41
57362,59
57389,34
57439,71
57452,80
57469,58
57470,49
57487,42
57493,66
57496,72
57514,83
57533,49
57556,39
57559,76
57589,45
57627,54
57631,63
57632,83
57641,55
57644,42
57651,65
57654,46
57669,64
57710,55
57723,61
57728,81
57730,43
57733,38
57734,40
57736,38
57741,98
57752,67
57764,34
57774,66
57787,39
57799,82
57807,45
57818,62
57851,89
57861,44
57875,64
57879,62
57886,58
57890,38
57891,39
57899,40
57905,50
57914,33
57932,51
57933,88
57936,50
57938,46
57939,53
57940,50
57941,38
57948,74
57952,74
57967,36
57977,49
57982,57
57996,67
57998,54
58007,73
58012,54
58031,40
58040,44
58041,43
58049,55
58065,71
58067,55
58075,68
58078,67
58083,53
58084,67
58090,42
58113,80
58118,52
58134,35
58149,87
58165,70
58179,47
58208,83
58209,57
58242,69
58256,78
58264,62
58275,79
58284,95
58347,64
58355,44
58363,44
58378,76
58393,38
58408,48
58413,39
58419,39
58431,60
58471,49
58578,60
58597,68
58669,74
58719,43
58723,79
58731,66
58748,72
58757,66
58800,37
58809,64
58823,50
58838,43
58845,37
58846,43
58849,47
58850,72
58852,36
58871,38
58878,44
58879,44
58881,43
58884,42
58898,68
58901,78
58905,38
58907,78
58908,41
58918,53
58931,84
58936,39
58938,37
58939,55
58941,79
58949,69
58958,43
58972,71
58988,61
58992,72
58996,37
59022,72
59030,86
59057,67
59114,57
59195,44
59206,87
59225,62
59293,82
59336,65
59338,49
59353,62
59358,71
59372,70
59380,55
59391,62
59395,54
59407,54
59472,87
59473,70
59475,64
59496,77
59508,85
59537,70
59547,86
59559,79
59561,66
59562,31
59627,50
59669,74
59721,76
59759,74
59766,52
59811,51
59850,56
59853,72
59868,79
59886,75
59893,80
59902,48
59911,50
59913,37
59927,77
59937,74
59946,78
60021,79
60028,55
60070,74
60088,75
60168,78
60177,76
60194,83
60197,33
60210,45
60214,40
60215,49
60217,36
60220,69
60222,78
60223,64
60225,41
60228,37
60235,38
60237,51
60240,87
60246,45
60248,67
60257,47
60258,50
60259,58
60265,50
60268,44
60271,32
60274,45
60275,36
60276,76
60292,40
60294,47
60296,58
60305,51
60312,45
60314,36
60321,44
60334,41
60336,49
60337,57
60343,37
60346,37
60354,78
60367,67
60368,73
60388,66
60394,68
60409,94
60454,39
60471,67
60500,61
60645,44
60707,76
60751,40
60812,82
60859,77
60887,43
60915,93
60978,80
61039,75
61117,71
61127,47
61172,62
61173,41
61190,37
61197,75
61203,72
61204,39
61205,51
61207,79
61212,48
61215,64
61216,54
61217,38
61235,47
61240,46
61241,45
61243,41
61244,48
61325,41
61326,60
61327,36
61328,55
61330,55
61332,63
61335,39
61336,44
61338,44
61340,69
61341,58
61350,73
61357,35
61359,85
61362,69
61368,50
61369,43
61374,79
61377,48
61380,53
61382,46
61386,47
61391,78
61399,44
61406,44
61407,42
61408,47
61411,52
61412,45
61414,44
61415,43
61418,40
61419,45
61420,41
61421,41
61422,39
61423,40
61424,42
61453,70
61472,79
61481,70
61501,77
61515,74
61536,61
61594,53
61619,46
61632,79
61679,49
61686,77
61724,54
61725,78
61738,44
61739,39
61743,40
61744,85
61751,58
61764,37
61768,42
61780,38
61792,40
61799,80
61800,71
61801,45
61803,85
61814,37
61827,56
61833,39
61840,39
61846,41
61850,67
61861,74
61862,40
61868,40
61873,38
61875,42
61879,36
61883,58
61886,37
61887,38
61895,58
61898,52
61919,47
61929,84
61933,62
61943,51
61955,40
61961,40
61964,77
61965,71
61966,40
61980,42
61982,38
61983,47
61986,85
61988,52
61989,37
61999,49
62002,35
62009,39
62011,45
62015,46
62020,81
62026,66
62027,41
62029,66
62032,75
62033,37
62037,38
62039,81
62040,39
62047,80
62049,73
62054,68
62056,38
62058,39
62062,63
62063,80
62074,48
62081,56
62084,38
62086,40
62095,39
62097,46
62098,52
62100,76
62102,68
62111,74
62113,39
62115,56
62124,55
62131,43
62144,36
62146,37
62157,42
62158,41
62159,39
62162,82
62163,68
62164,42
62168,67
62170,47
62171,40
62172,51
62174,59
62182,39
62183,54
62185,37
62190,37
62201,44
62213,37
62214,68
62217,64
62218,47
62219,38
62226,39
62232,46
62238,63
62253,39
62254,41
62256,54
62257,44
62270,48
62273,37
62274,61
62281,44
62282,40
62284,38
62285,36
62295,39
62306,80
62323,40
62324,35
62327,40
62329,37
62330,61
62338,39
62344,56
62351,61
62369,40
62374,56
62375,40
62382,85
62387,65
62388,42
62389,80
62415,55
62422,40
62426,38
62427,41
62435,41
62461,59
62477,39
62480,77
62486,43
62495,38
62497,79
62498,37
62524,38
62526,38
62529,46
62532,58
62575,73
62604,47
62605,78
62606,53
62607,39
62611,54
62613,39
62614,78
62617,56
62620,59
62634,67
62650,68
62653,39
62654,39
62657,81
62667,64
62671,37
62679,54
62690,47
62702,42
62703,44
62710,50
62714,41
62718,62
62722,43
62727,65
62754,36
62757,68
62758,38
62760,62
62762,85
62768,38
62769,36
62770,38
62779,36
62784,50
62791,68
62798,41
62807,54
62822,42
62828,53
62840,37
62845,41
62863,65
62873,37
62875,66
62878,70
62879,62
62883,71
62892,46
62893,82
62896,36
62897,62
62906,40
62912,40
62915,43
62919,39
62921,66
62941,80
62959,72
63072,69
63090,72
63169,42
63177,73
63194,60
63198,34
63206,34
63240,78
63268,33
63269,77
63277,54
63305,71
63374,74
63437,37
63444,39
63461,68
63473,79
63488,81
63500,64
63507,62
63538,86
63547,85
63549,70
63552,55
63584,63
63589,44
63606,79
63615,37
63621,38
63640,38
63646,67
63649,67
63651,75
63675,40
63714,65
63730,73
63743,33
63751,37
63757,38
63785,59
63795,73
63799,40
63810,57
63819,40
63852,74
63857,50
63885,84
63901,60
63908,78
63953,47
63989,71
64015,76
64063,83
64076,87
64089,60
64112,44
64133,73
64156,63
64177,38
64218,81
64304,78
64324,61
64326,77
64332,78
64367,49
64383,75
64421,79
64463,80
64471,58
64480,73
64527,71
64548,39
64603,47
64615,50
64618,55
64622,79
64654,60
64671,49
64675,51
64712,39
64725,71
64741,55
64751,56
64768,76
64777,74
64780,34
64810,85
64820,89
64847,81
64851,88
64852,78
64853,82
64854,74
64855,84
64856,72
64857,73
64859,37
64860,56
64862,66
64863,44
64864,41
64868,56
64869,37
64870,43
64871,61
64872,38
64873,77
64874,40
64875,51
64876,39
64883,71
64884,57
64886,46
64891,72
64893,43
64894,42
64895,39
64896,52
64898,36
64900,44
64904,47
64906,44
64908,34
64909,55
64911,44
64916,39
64919,37
64921,38
64924,69
64926,69
64929,39
64930,62
64932,60
64933,49
64934,83
64936,65
64937,49
64938,47
64939,48
64940,41
64941,85
64944,39
64946,40
64947,58
64948,47
64950,74
64952,53
64953,52
64954,48
64956,60
64958,73
64959,41
64972,89
64989,38
64990,61
64991,37
64997,77
64999,57
65006,80
65007,36
65059,83
65062,69
65079,83
65112,45
65124,78
65140,59
65146,37
65147,56
65152,38
65155,59
65163,58
65165,64
65168,46
65197,66
65227,38
65232,72
65233,36
65234,38
65243,36
65245,42
65246,39
65247,44
65248,41
65250,59
65254,44
65276,46
65297,37
65312,41
65384,35
65399,46
65402,81
65441,56
65475,58
65498,73
65507,67
65528,88
65532,48
65538,68
65544,39
65548,74
65553,54
65594,58
65597,82
65606,75
65619,68
65640,70
65649,47
65657,67
65664,50
65673,51
65725,37
65747,39
65778,91
65779,72
65892,60
66071,81
66144,79
66215,55
66289,72
66462,62
66611,81
66616,46
66619,55
66620,68
66629,47
66631,45
66632,44
66635,42
66638,42
66666,69
66693,42
66766,64
66770,36
66850,61
66974,36
66980,68
66986,35
66994,29
66995,37
67003,50
67035,35
67062,73
67129,45
67134,51
67139,52
67158,37
67185,33
67186,57
67192,50
67201,34
67205,78
67206,44
67356,42
67372,41
67385,81
67410,42
67443,82
67444,38
67445,51
67448,40
67452,41
67455,69
67456,76
67457,45
67467,73
67500,35
67543,71
67553,60
67554,41
67559,37
67562,39
67571,56
67579,72
67585,39
67587,80
67590,39
67597,84
67606,37
67611,47
67613,86
67616,70
67637,59
67639,61
67647,45
67649,63
67654,79
67663,32
67667,70
67672,51
67676,34
67682,54
67683,69
67692,70
67695,35
67721,53
67735,62
67742,37
67745,40
67746,33
67757,40
67769,57
67780,78
67787,69
67792,47
67807,46
67820,72
67825,56
67849,71
67857,74
67865,39
67912,74
67927,75
67935,77
67952,75
67969,32
68001,77
68021,79
68040,70
68041,87
68057,65
68085,37
68202,69
68210,63
68289,72
68299,42
68308,78
68309,38
68315,47
68334,37
68335,42
68344,36
68349,41
68352,57
68354,36
68356,71
68357,71
68365,40
68366,36
68368,38
68369,42
68375,37
68379,46
68383,74
68397,39
68426,52
68432,66
68449,67
68456,72
68472,69
68493,35
68506,79
68508,48
68514,39
68516,45
68522,66
68537,57
68541,76
68557,42
68569,67
68574,50
68578,66
68579,37
68585,39
68589,57
68594,37
68597,48
68605,46
68617,35
68625,66
68626,38
68630,36
68632,38
68633,37
68643,63
68654,82
68658,77
68659,71
68661,50
68663,78
68666,32
68668,67
68669,69
68670,56
68671,69
68675,75
68678,68
68681,44
68683,77
68686,49
68687,42
68688,57
68694,56
68696,72
68697,59
68698,66
68699,68
68700,63
68701,52
68702,54
68703,48
68704,49
68706,48
68707,91
68708,73
68709,48
68710,55
68715,58
68726,36
68729,78
68742,66
68743,51
68747,50
68748,49
68749,43
68750,49
68751,76
68753,44
68756,47
68764,44
68766,43
68768,42
68769,45
68770,74
68772,45
68773,46
68775,50
68776,48
68777,70
68780,38
68781,37
68782,38
68784,38
68785,59
68786,38
68787,41
68791,36
68792,38
68794,37
68795,39
68796,74
68797,37
68799,40
68800,36
68802,53
68814,71
68815,34
68818,54
68820,57
68830,40
68838,50
68843,54
68850,31
68852,57
68853,36
68864,53
68915,85
68930,80
68938,70
68963,78
68967,35
68968,36
68979,47
68983,76
69005,65
69009,71
69015,54
69018,79
69023,35
69027,77
69036,59
69066,70
69068,103
69096,76
69101,81
69106,37
69113,78
69117,75
69150,66
69170,88
69198,84
69207,85
69216,72
69226,73
69244,71
69264,72
69275,83
69283,36
69292,36
69294,36
69297,76
69306,68
69311,78
69320,73
69352,37
69367,64
69374,82
69400,76
69409,38
69530,55
69633,70
69645,47
69656,80
69679,87
69745,77
69801,73
69835,72
69876,49
69904,80
69911,79
69929,43
69948,74
70013,44
70047,68
70051,72
70121,80
70135,39
70137,47
70167,76
70185,38
70186,73
70203,77
70244,70
70253,68
70309,37
70337,71
70347,68
70367,42
70388,35
70414,77
70557,80
70595,64
70605,61
70614,67
70622,38
70623,87
70643,81
70670,75
70742,86
70756,41
70759,77
70768,71
70820,72
70821,71
70828,53
70846,44
70853,59
70857,68
70875,75
70877,67
70886,87
70887,38
70899,65
70906,89
70929,71
70936,46
70962,33
70964,71
70975,71
70983,53
70995,48
71010,35
71015,67
71029,38
71031,63
71041,36
71055,57
71059,78
71064,55
71069,52
71077,58
71087,64
71095,77
71110,48
71115,78
71157,82
71220,72
71224,67
71231,74
71233,69
71248,37
71249,78
71250,34
71255,37
71264,51
71268,31
71272,31
71278,36
71290,55
71295,60
71302,41
71305,41
71316,77
71319,77
71321,87
71335,79
71340,70
71357,36
71358,41
71373,41
71377,67
71386,61
71388,57
71391,50
71403,35
71405,38
71407,73
71410,76
71416,92
71424,69
71425,38
71444,64
71463,54
71469,65
71497,78
71524,60
71525,72
71532,42
71539,48
71553,65
71585,37
71591,45
71598,39
71603,35
71619,58
71641,79
71649,45
71668,38
71672,64
71678,65
71680,44
71682,85
71684,37
71685,65
71686,51
71688,84
71699,73
71719,69
71732,51
71733,56
71747,45
71757,39
71759,38
71761,38
71764,38
71765,35
71775,39
71778,70
71779,54
71780,37
71782,55
71783,40
71786,64
71787,37
71790,38
71820,35
71832,38
71835,55
71854,37
71859,68
71862,45
71865,71
71866,36
71868,35
71869,35
71872,37
71875,34
71878,38
71883,37
71900,37
71901,36
71904,45
71907,36
71953,64
71955,38
71960,36
71992,49
71995,74
72004,54
72006,27
72025,37
72027,46
72029,38
72030,37
72037,71
72041,58
72049,39
72056,38
72058,38
72065,77
72066,35
72085,37
72091,59
72093,57
72100,43
72106,36
72120,37
72121,38
72123,66
72134,38
72149,35
72150,36
72157,86
72162,36
72173,44
72175,68
72178,36
72205,40
72207,34
72209,35
72226,48
72280,63
72333,79
72343,66
72352,85
72371,70
72391,93
72420,78
72437,63
72450,79
72455,37
72480,48
72545,41
72585,42
72586,46
72616,47
72625,42
72732,35
72737,75
72741,57
72762,40
72914,34
72933,60
72974,73
72999,70
73003,53
73007,85
73009,48
73026,78
73036,96
73064,76
73073,84
73091,75
73184,79
73246,66
73354,44
73371,95
73527,83
73544,75
73581,39
73586,36
73601,71
73609,38
73614,39
73619,76
73624,38
73653,42
73657,44
73663,56
73666,71
73667,39
73692,42
73694,38
73696,80
73697,39
73703,35
73708,46
73710,39
73713,36
73726,39
73732,44
73739,44
73746,37
73756,44
73768,82
73786,58
73787,38
73790,39
73805,40
73818,79
73874,37
73875,63
73879,39
73880,45
73881,36
73882,62
73887,40
73899,38
73900,39
73902,36
73907,39
73911,40
73926,51
73927,44
73934,38
73944,39
73949,67
73950,38
73951,36
73963,67
73969,40
73976,84
73977,60
73982,35
73992,50
74014,84
74037,61
74050,76
74089,86
74242,48
74281,74
74327,89
74352,48
74362,68
74372,62
74380,73
74416,80
74449,60
74471,73
74491,71
74495,58
74519,73
74547,82
74681,51
74690,85
74692,70
74696,81
74702,58
74760,74
74765,74
74770,76
74771,36
74830,38
74862,90
74863,72
74864,50
74868,41
74871,59
74872,77
74874,75
74875,43
74877,70
74878,75
74888,43
74916,70
74925,77
74927,60
74931,61
74948,68
74950,72
74986,59
75000,35
75002,33
75005,49
75023,82
75039,37
75043,40
75056,84
75075,58
75084,61
75111,79
75123,70
75125,46
75128,42
75130,44
75133,67
75136,67
75146,61
75165,58
75166,42
75168,82
75190,60
75220,63
75228,98
75233,62
75289,34
75290,36
75301,67
75310,38
75367,67
75374,42
75384,76
75417,71
75445,82
75453,79
75473,35
75477,34
75487,74
75515,74
75542,91
75561,88
75571,68
75597,75
75639,78
75647,35
75690,53
75695,36
75698,55
75701,33
75729,40
75755,46
75813,87
75831,72
75912,70
75945,49
76014,45
76023,83
76089,80
76116,79
76139,69
76149,93
76346,73
76353,56
76368,75
76388,73
76390,33
76459,71
76478,73
76499,95
76505,58
76520,71
76641,48
76648,69
76716,56
76731,35
76753,33
76787,71
76795,90
76802,79
76836,82
76845,35
76846,86
76870,63
76918,35
76948,53
76950,70
76959,54
76962,37
76970,50
76975,46
76987,75
76989,37
77001,35
77012,66
77037,37
77045,35
77054,41
77070,72
77080,94
77099,75
77119,69
77145,45
77159,72
77163,36
77178,38
77190,70
77237,77
77317,77
77325,70
77334,77
77362,78
77434,74
77444,92
77460,83
77472,52
77477,46
77478,42
77481,41
77482,36
77484,40
77486,55
77490,66
77504,40
77506,55
77508,42
77535,86
77620,93
77737,71
77756,98
77784,53
77793,87
77877,50
77908,62
77935,65
77945,69
77952,54
77963,47
77974,92
78069,72
78248,77
78261,84
78346,64
78418,77
78542,68
78679,71
78682,39
78686,39
78690,88
78708,41
78709,73
78711,55
78821,67
78864,81
78874,59
78885,78
78943,64
78958,67
78963,85
78992,65
79001,87
79019,65
79036,73
79048,36
79049,57
79069,86
79095,40
79099,63
79132,66
79217,55
79287,79
79288,59
79306,63
79345,55
79384,83
79395,58
79463,39
79490,69
79528,79
79547,73
79551,73
79557,38
79564,35
79566,37
79567,36
79568,37
79582,70
79600,81
79639,93
79653,46
79735,80
79756,68
79757,36
79761,83
79817,41
79833,82
79837,66
79850,70
79887,52
79898,74
79917,69
79934,81
79960,60
79971,77
79974,55
79994,69
79996,96
79998,56
80001,46
80007,38
80029,70
80062,93
80064,70
80071,45
80075,36
80078,81
80079,77
80081,41
80094,50
80097,33
80109,82
80122,59
80131,35
80165,48
80197,65
80205,41
80207,66
80228,55
80261,45
80263,68
80265,48
80270,81
80274,51
80289,41
80290,48
80313,58
80317,32
80320,53
80322,71
80324,48
80325,55
80360,73
80492,69
80512,78
80520,60
80552,40
80560,88
80567,50
80605,69
80615,73
80652,73
80683,63
80702,63
80729,58
80732,70
80760,42
80777,43
80817,52
80867,41
80914,74
80974,56
80987,70
81053,49
81060,70
81091,44
81094,76
81098,67
81099,67
81103,79
81107,87
81110,62
81112,61
81117,82
81124,36
81149,66
81162,55
81164,42
81166,56
81189,62
81203,78
81218,41
81219,73
81238,74
81243,38
81258,44
81264,62
81274,79
81278,76
81287,75
81288,37
81289,37
81292,77
81296,53
81299,44
81300,68
81311,41
81327,42
81339,50
81346,40
81354,35
81356,56
81362,78
81364,72
81368,37
81396,69
81406,36
81408,57
81410,56
81412,72
81419,49
81424,61
81427,35
81428,36
81429,35
81436,67
81439,41
81442,40
81452,67
81459,34
81470,79
81478,70
81481,34
81487,72
81491,62
81495,46
81497,48
81498,40
81512,44
81521,68
81525,67
81527,42
81532,68
81534,60
81553,83
81560,32
81657,73
81684,35
81697,78
81704,85
81741,86
81766,82
81789,80
81802,72
81828,79
81836,67
81838,85
81868,49
81910,77
81948,51
81986,82
81995,68
82005,86
82042,73
82061,71
82085,38
82088,36
82092,39
82094,72
82095,36
82103,74
82105,41
82112,78
82156,68
82157,77
82203,80
82218,52
82231,75
82235,36
82236,60
82241,68
82250,73
82261,39
82283,79
82286,32
82287,44
82321,44
82323,79
82329,72
82354,78
82357,72
82364,91
82367,46
82383,76
82392,72
82462,31
82463,45
82490,75
82499,79
82523,59
82599,81
82778,64
82788,38
82841,36
82917,39
82973,55
83004,81
83095,47
83137,61
83247,35
83338,69
83342,61
83366,60
83441,65
83465,69
83483,67
83486,55
83509,45
83526,65
83530,49
83553,43
83555,78
83688,80
83700,44
83703,54
83710,35
83763,59
83790,67
83796,52
83803,35
83807,65
83917,55
83931,79
83932,34
83934,62
83942,66
83944,81
83960,61
83963,68
83980,76
84014,55
84040,36
84042,68
84057,60
84081,81
84093,50
84097,61
84113,78
84140,56
84159,86
84164,69
84213,51
84215,36
84224,40
84225,39
84228,38
84229,52
84239,41
84242,67
84246,63
84252,38
84253,39
84263,92
84266,66
84285,42
84290,54
84308,40
84310,36
84311,37
84315,39
84316,40
84318,36
84319,49
84320,37
84322,69
84328,68
84330,37
84337,39
84338,44
84351,41
84354,62
84363,62
84364,39
84366,66
84367,39
84368,59
84379,37
84390,38
84393,55
84394,74
84403,81
84407,36
84408,56
84409,37
84410,42
84414,60
84415,40
84418,36
84424,39
84434,43
84439,90
84458,39
84471,39
84473,59
84475,58
84484,51
84495,81
84496,38
84497,46
84498,43
84501,35
84502,75
84503,37
84508,57
84519,36
84526,39
84531,69
84535,76
84543,37
84548,57
84550,37
84551,37
84557,60
84562,74
84573,75
84575,36
84577,39
84585,37
84586,43
84587,37
84588,43
84598,38
84602,81
84614,50
84617,42
84622,68
84647,57
84666,41
84675,72
84680,49
84687,61
84698,69
84709,85
84711,43
84727,84
84745,52
84755,36
84767,49
84777,80
84799,65
84809,38
84810,91
84814,46
84815,53
84816,51
84824,37
84841,61
84847,55
84915,84
84921,36
84923,37
84924,57
84927,40
84931,72
84956,63
84975,69
84982,69
85000,70
85031,75
85039,71
85055,68
85083,93
85100,56
85104,48
85111,74
85144,80
85146,63
85147,41
85162,79
85168,90
85186,36
85215,67
85241,39
85253,76
85264,82
85270,36
85287,60
85292,42
85311,83
85340,36
85354,43
85358,42
85366,58
85373,46
85377,93
85379,72
85403,35
85424,82
85429,36
85454,65
85456,64
85471,38
85480,36
85482,90
85495,67
85507,40
85523,39
85528,38
85541,38
85548,57
85557,40
85560,36
85569,52
85583,64
85599,90
85600,67
85602,49
85606,37
85608,48
85609,44
85612,36
85613,32
85615,39
85646,37
85670,73
85686,35
85689,42
85701,39
85713,36
85717,37
85725,41
85728,52
85731,82
85732,36
85733,37
85748,62
85751,63
85752,50
85758,38
85786,70
85805,36
85810,73
85815,61
85819,70
85829,59
85839,72
85848,64
85866,58
85867,32
85868,66
85885,71
85891,77
85931,66
85949,76
85967,70
85976,87
85998,73
86009,37
86017,78
86053,35
86070,33
86122,76
86126,78
86134,91
86144,80
86154,68
86163,56
86180,78
86199,41
86220,76
86230,77
86238,70
86247,78
86280,75
86285,46
86288,73
86323,70
86329,56
86335,60
86340,42
86346,56
86350,40
86366,38
86370,43
86371,50
86374,68
86376,39
86379,72
86381,54
86383,55
86390,76
86392,68
86395,88
86419,47
86469,86
86475,84
86489,81
86513,76
86576,68
86595,83
86615,50
86659,83
86687,90
86772,53
86817,51
86831,57
86853,77
86855,61
86880,84
86899,79
86919,37
87015,36
87031,67
87103,42
87116,58
87202,37
87224,60
87311,79
87371,60
87441,38
87446,85
87458,78
87474,77
87486,49
87531,71
87542,65
87558,78
87633,78
87643,49
87718,89
87751,66
87752,80
87764,37
87792,80
87807,37
87817,36
87820,51
87821,36
87837,36
87856,34
87858,36
87865,37
87867,42
87872,68
87893,73
87908,85
87914,37
87929,71
87940,70
87941,75
87953,73
87965,54
87996,55
87997,62
88026,61
88034,37
88045,56
88060,47
88066,55
88074,40
88083,55
88098,78
88118,70
88126,70
88155,73
88186,58
88199,78
88209,69
88225,37
88229,36
88231,96
88246,102
88257,81
88261,37
88265,85
88276,38
88277,55
88291,78
88293,37
88310,76
88342,31
88346,45
88348,48
88351,55
88356,65
88365,55
88412,90
88427,54
88431,53
88435,88
88437,45
88442,37
88459,75
88474,38
88511,68
88515,50
88521,54
88528,87
88580,84
88589,53
88605,51
88606,66
88607,44
88608,36
88611,37
88612,36
88614,80
88615,50
88621,40
88627,39
88638,54
88639,40
88640,63
88641,41
88643,71
88645,37
88650,51
88652,38
88653,49
88654,41
88656,66
88657,52
88659,36
88661,36
88662,38
88666,65
88670,81
88673,79
88674,43
88679,36
88684,65
88704,52
88713,55
88730,48
88733,54
88741,67
88747,35
88758,36
88762,36
88769,77
88778,43
88780,63
88798,78
88800,46
88804,58
88826,69
88828,69
88831,40
88834,38
88858,36
88860,52
88870,36
88882,31
88887,35
88888,38
88890,41
88898,66
88899,83
88939,52
88940,36
88948,37
88978,47
88984,36
88991,39
88997,37
89005,38
89016,41
89018,41
89020,45
89030,38
89033,68
89034,37
89035,42
89036,83
89037,61
89040,36
89041,63
89047,38
89049,58
89050,38
89052,76
89054,67
89056,31
89058,31
89060,64
89062,57
89065,40
89068,36
89069,55
89071,62
89072,37
89077,39
89087,39
89091,57
89119,70
89120,35
89123,37
89124,39
89125,38
89153,73
89168,43
89172,38
89183,36
89185,38
89202,40
89222,71
89240,67
89261,75
89319,65
89350,83
89429,46
89465,74
89474,73
89479,40
89602,54
89658,36
89762,31
89769,35
89772,45
89831,55
89876,73
89880,35
89886,80
89890,34
89991,80
90000,73
90009,69
90017,78
90020,36
90039,42
90050,76
90059,42
90061,61
90080,64
90088,79
90107,39
90121,54
90130,65
90142,85
90199,49
90321,75
90339,58
90382,37
90399,53
90414,36
90415,75
90417,56
90422,39
90423,38
90428,43
90438,74
90440,39
90444,38
90445,43
90446,74
90451,56
90453,88
90460,65
90467,42
90470,37
90472,35
90473,58
90477,67
90496,80
90503,80
90507,36
90523,75
90530,39
90533,33
90542,39
90544,33
90547,61
90554,41
90558,37
90568,39
90581,75
90584,41
90585,39
90590,80
90592,41
90594,40
90595,42
90609,39
90610,43
90616,77
90632,37
90644,42
90646,53
90662,37
90674,38
90691,71
90704,37
90711,37
90713,65
90718,73
90721,52
90727,77
90739,37
90762,42
90763,36
90769,42
90771,68
90785,64
90793,73
90800,81
90806,56
90809,36
90810,44
90812,38
90813,44
90816,46
90817,45
90819,45
90821,57
90826,39
90865,71
90883,36
90885,78
90886,40
90887,81
90900,36
90951,70
91018,43
91043,51
91064,63
91082,76
91092,74
91100,84
91145,80
91147,71
91158,48
91192,73
91206,40
91219,54
91255,49
91283,69
91352,82
91385,78
91424,71
91436,82
91461,37
91493,73
91502,78
91511,59
91547,79
91565,68
91603,82
91613,86
91649,66
91674,60
91676,75
91678,47
91696,63
91699,55
91700,51
91702,62
91703,62
91705,64
91707,49
91709,87
91710,60
91711,51
91712,64
91719,38
91721,34
91730,42
91731,44
91732,56
91735,37
91736,65
91753,54
91765,76
91783,35
91797,72
91804,44
91815,37
91833,53
91855,65
91875,83
91885,70
91895,62
91905,55
91944,59
91948,82
91952,82
91954,40
91956,33
91960,40
91961,43
91962,89
91963,41
91969,69
91971,73
91972,49
91973,41
91975,67
91979,52
91980,37
91981,34
91989,55
91991,37
91993,53
92001,70
92012,40
92013,54
92015,37
92021,37
92025,50
92026,32
92027,48
92029,51
92032,68
92035,38
92036,41
92038,41
92039,52
92040,36
92044,42
92045,40
92047,32
92049,46
92053,37
92055,43
92056,56
92057,45
92066,76
92068,45
92073,48
92075,57
92076,44
92077,69
92080,42
92082,50
92088,66
92090,72
92093,61
92094,37
92096,73
92097,83
92098,38
92099,79
92100,37
92106,77
92109,70
92113,40
92114,64
92121,32
92129,43
92131,60
92133,37
92136,50
92138,43
92140,71
92143,62
92145,57
92148,36
92149,38
92151,42
92154,37
92155,71
92157,60
92159,37
92162,47
92166,58
92169,51
92171,44
92208,58
92226,46
92246,61
92276,76
92286,36
92289,81
92313,36
92315,64
92319,65
92325,38
92332,38
92342,71
92358,71
92375,87
92379,56
92392,80
92400,79
92448,38
92461,68
92558,47
92561,76
92587,75
92636,86
92656,77
92691,95
92754,54
92766,74
92795,83
92834,75
92843,80
92860,45
92880,73
92900,73
92910,68
92968,70
92969,82
93010,89
93020,64
93067,86
93086,82
93124,80
93145,52
93151,68
93252,60
93256,69
93260,36
93286,82
93287,56
93290,70
93301,35
93305,78
93352,67
93367,80
93395,36
93402,82
93427,40
93432,38
93435,68
93447,34
93448,65
93452,62
93468,33
93488,66
93492,58
93505,68
93547,79
93568,65
93576,36
93579,37
93587,47
93596,84
93604,67
93606,39
93644,58
93650,66
93651,69
93682,59
93684,65
93705,67
93713,76
93728,36
93731,79
93739,66
93748,85
93790,70
93810,53
93828,51
93830,87
93832,34
93839,37
93888,38
93900,36
93915,80
93924,80
93929,51
93960,66
94061,76
94122,85
94153,63
94218,66
94258,67
94262,67
94264,66
94277,66
94316,75
94358,76
94466,86
94489,78
94547,79
94561,66
94562,32
94585,35
94636,90
94646,62
94683,82
94701,85
94719,84
94726,53
94773,73
94774,63
94788,68
94793,58
94795,71
94829,69
94873,79
94887,36
94957,84
94968,72
94986,75
94996,48
95039,67
95055,52
95064,33
95073,76
95077,72
95082,50
95085,82
95122,66
95169,86
95212,67
95303,47
95322,48
95355,67
95370,50
95386,61
95418,57
95426,77
95434,63
95487,79
95493,57
95553,40
95562,75
95582,86
95598,36
95602,69
95610,38
95612,91
95622,67
95626,51
95632,36
95636,48
95642,77
95652,87
95681,68
95682,73
95701,78
95743,59
95747,47
95753,82
95788,37
95807,34
95812,36
95844,37
95846,37
95937,35
95963,37
95964,89
96021,62
96059,89
96100,70
96104,37
96114,66
96120,37
96159,69
96169,44
96173,46
96182,37
96187,36
96220,73
96234,67
96245,65
96252,81
96258,32
96262,62
96263,36
96289,40
96304,61
96312,78
96321,48
96329,35
96340,85
96342,41
96370,56
96411,58
96431,89
96457,98
96461,65
96491,43
96507,81
96515,82
96527,35
96541,81
96564,63
96588,79
96603,35
96611,40
96625,79
96630,38
96641,58
96649,64
96660,67
96701,78
96720,74
96758,71
96761,52
96766,47
96792,57
96796,81
96871,51
96885,40
96889,44
96890,57
96899,48
96903,43
96978,73
96986,42
96990,37
96991,38
96996,39
97039,42
97058,86
97076,91
97082,45
97093,93
97124,81
97213,77
97228,56
97246,67
97260,76
97263,50
97318,73
97327,77
97347,81
97371,52
97376,77
97377,33
97389,40
97404,71
97413,83
97422,77
97427,52
97435,39
97486,71
97622,89
97667,80
97722,67
97742,74
97802,54
97803,47
97804,74
97812,36
97813,73
97818,66
97822,68
97875,41
97893,69
97900,70
97916,58
97925,77
97942,68
97966,70
97977,61
97980,38
97981,37
97982,37
97983,73
97994,35
97995,39
98000,67
98007,68
98011,42
98016,79
98025,42
98029,38
98044,40
98045,72
98054,64
98077,82
98079,38
98083,70
98084,40
98104,42
98133,35
98135,72
98138,92
98141,63
98142,58
98143,65
98146,61
98147,69
98148,69
98149,45
98150,46
98153,73
98155,35
98157,37
98160,53
98161,55
98163,69
98164,46
98167,46
98187,60
98193,41
98197,58
98203,42
98204,38
98212,70
98233,62
98261,66
98265,56
98335,87
98374,41
98452,33
98547,70
98595,72
98614,78
98644,81
98672,76
98685,80
98812,36
98819,73
98877,76
98894,45
98901,58
99016,64
99020,89
99076,52
99080,65
99085,67
99093,55
99094,55
99099,50
99100,42
99101,42
99105,38
99111,33
99148,55
99150,57
99202,61
99234,37
99246,44
99253,69
99255,54
99277,72
99325,78
99387,70
99404,56
99441,40
99525,45
99535,70
99611,61
99631,72
99641,81
99656,84
99674,53
99675,76
99694,93
99704,84
99725,46
99781,40
99843,36
99895,67
99905,86
99937,65
100143,39
100274,78
100330,72
100534,59
100689,40
100694,75
100734,85
100743,78
100751,89
100786,60
100796,84
100815,77
100843,74
100883,63
100892,58
100930,47
100965,72
101001,62
101042,77
101044,73
101114,51
101123,87
101135,31
101142,88
101156,86
101189,46
101195,69
101301,59
101375,72
101394,74
101404,76
101413,75
101422,79
101467,60
101481,68
101514,70
101532,63
101550,33
101569,86
101596,67
101598,45
101622,85
101698,60
101733,75
101820,74
101828,82
101938,62
101942,42
102035,77
102080,86
102096,63
102113,68
102131,72
102137,31
102140,69
102185,65
102195,82
102219,77
102264,65
102290,74
102425,78
102443,78
102448,66
102485,74
102624,62
102960,71
102991,59
103008,101
103017,59
103052,62
103189,45
103202,61
103210,78
103216,44
103240,80
103241,73
103270,53
103277,83
103285,50
103286,74
103296,77
103300,47
103341,59
103348,82
103383,83
103417,45
103428,65
103471,98
103481,65
103560,69
103561,61
103579,53
103598,85
103606,68
103608,67
103638,77
103649,47
103674,78
103699,70
103719,69
103731,69
103740,76
103777,72
103815,65
103824,66
103869,80
103914,80
104005,56
104006,48
104021,62
104022,72
104025,63
104026,38
104030,38
104031,63
104033,43
104037,46
104040,36
104042,36
104044,37
104045,37
104047,43
104048,42
104050,41
104064,73
104080,35
104081,64
104086,55
104088,29
104089,55
104093,38
104096,85
104102,60
104103,49
104105,60
104110,56
104111,61
104112,51
104113,51
104115,36
104117,41
104121,41
104125,63
104127,63
104131,66
104134,61
104141,40
104142,43
104149,50
104187,41
104190,55
104192,39
104194,59
104196,37
104197,65
104201,44
104204,59
104205,39
104206,37
104207,37
104208,37
104210,55
104211,47
104212,36
104213,48
104217,88
104221,89
104227,42
104228,46
104231,43
104238,49
104242,66
104244,62
104248,50
104249,47
104272,49
104282,82
104309,42
104312,43
104320,44
104329,38
104378,66
104397,78
104561,45
104591,84
104723,72
104773,83
104836,68
104895,77
104925,65
104928,68
104940,86
104942,41
104981,59
105015,57
105090,52
105139,91
105190,84
105209,56
105211,40
105222,35
105243,68
105265,68
105271,78
105317,34
105330,50
105331,47
105332,30
105376,87
105379,77
105389,80
105407,68
105415,77
105475,72
105501,75
105600,37
105607,36
105612,76
105613,48
105616,58
105621,39
105660,60
105667,43
105668,60
105676,59
105680,50
105692,44
105696,58
105705,59
105712,61
105715,59
105730,42
105733,64
105735,36
105737,59
105738,42
105740,37
105741,55
105742,33
105747,59
105749,61
105758,58
105759,47
105763,57
105772,50
105773,73
105774,40
105775,42
105784,35
105794,37
105801,54
105805,56
105819,35
105820,60
105824,38
105825,43
105828,33
105831,34
105834,33
105835,61
105840,57
105847,35
105861,58
105878,61
105887,64
105894,34
105933,60
105953,57
105957,33
105958,83
105960,42
105963,58
105969,64
105974,43
105976,40
105981,64
105988,47
105989,58
105992,61
106003,53
106005,54
106009,59
106013,35
106016,33
106019,34
106029,58
106038,34
106048,59
106057,61
106063,38
106066,62
106073,35
106076,59
106079,73
106087,33
106093,58
106108,84
106124,34
106137,59
106150,52
106152,48
106159,54
106183,59
106186,51
106192,55
106193,65
106214,38
106233,58
106243,73
106246,45
106247,48
106262,51
106264,45
106267,54
106270,76
106274,38
106276,40
106277,59
106281,35
106288,61
106298,49
106303,34
106305,37
106308,36
106310,120
106345,37
106348,39
106363,64
106364,61
106379,33
106380,56
106381,34
106383,67
106385,34
106386,38
106394,44
106405,39
106416,37
106442,53
106443,64
106454,48
106456,75
106466,77
106473,34
106477,34
106491,31
106492,66
106494,74
106495,58
106503,59
106504,52
106505,46
106506,58
106521,44
106541,59
106543,34
106549,62
106559,37
106569,61
106577,74
106580,69
106581,75
106582,65
106584,60
106588,47
106594,53
106600,37
106603,35
106607,39
106608,43
106610,40
106612,57
106614,64
106620,34
106621,58
106630,58
106635,73
106648,51
106655,59
106665,59
106683,57
106684,64
106689,85
106718,58
106722,59
106781,70
106805,59
106827,63
106834,64
106835,65
106854,58
106861,36
106881,46
106930,39
106960,41
106973,49
107033,48
107045,50
107092,73
107101,74
107109,46
107128,76
107190,69
107232,77
107276,57
107279,38
107280,51
107281,124
107299,56
107345,60
107346,45
107347,35
107373,58
107377,48
107382,68
107395,79
107404,75
107412,66
107422,53
107447,78
107457,83
107479,35
107513,95
107541,80
107559,73
107598,73
107613,82
107628,75
107662,32
107682,72
107754,76
107759,43
107782,71
107793,36
107808,78
107859,77
107898,79
107929,39
108003,29
108027,48
108083,41
108097,54
108130,67
108141,38
108198,53
108216,70
108239,34
108240,63
108263,80
108271,88
108276,72
108279,82
108281,71
108328,87
108343,58
108370,74
108380,68
108453,51
108466,92
108484,73
108540,83
108542,41
108559,69
108563,73
108594,46
108625,75
108635,70
108663,81
108674,46
108689,34
108755,61
108832,63
108881,60
108890,60
108900,77
108975,75
109014,50
109053,53
109054,59
109057,44
109075,37
109079,47
109112,78
109138,79
109163,44
109164,43
109183,73
109193,67
109202,68
109210,40
109212,65
109219,77
109230,76
109247,43
109249,83
109256,76
109264,69
109293,50
109346,78
109471,82
109501,79
109524,77
109625,71
109680,55
109681,86
109786,54
109811,52
109829,38
109859,68
109862,79
109891,64
109894,79
109898,61
109902,48
109914,59
109937,59
109948,62
109952,62
109964,52
109986,72
109987,73
109991,78
109995,37
110000,55
110014,82
110028,48
110056,68
110057,45
110058,37
110069,38
110070,50
110071,69
110072,54
110093,66
110096,65
110103,38
110105,64
110120,77
110155,63
110163,33
110192,35
110193,43
110206,38
110227,72
110249,54
110272,49
110273,51
110274,31
110277,54
110278,34
110292,76
110297,40
110299,51
110327,78
110328,66
110330,72
110331,48
110333,44
110349,34
110350,40
110382,46
110389,72
110390,62
110413,70
110458,63
110469,60
110491,49
110492,62
110498,77
110552,59
110598,62
110603,64
110612,63
110614,35
110629,64
110658,59
110669,66
110671,33
110728,53
110774,32
110779,68
110780,62
110781,61
110782,67
110784,61
110786,71
110792,64
110833,78
110841,83
110883,35
110903,74
110904,63
110911,33
110923,56
110935,49
110945,52
110992,60
111002,65
111005,73
111014,41
111018,44
111021,49
111023,63
111052,66
111057,93
111066,68
111084,69
111093,77
111103,64
111108,81
111113,44
111260,65
111267,34
111303,50
111380,76
111406,59
111416,62
111425,76
111448,33
111490,77
111569,90
111577,55
111674,50
111785,52
111786,84
111849,82
111894,35
111926,51
111990,75
112022,58
112028,67
112048,81
112058,69
112161,79
112247,35
112277,66
112287,93
112315,52
112318,55
112334,71
112343,70
112348,58
112353,90
112392,71
112411,89
112465,89
112477,61
112478,47
112479,47
112481,47
112482,48
112484,57
112516,75
112542,75
112617,71
112684,53
112708,70
112709,62
112714,35
112742,64
112746,53
112749,44
112756,69
112762,58
112764,56
112787,53
112830,39
112883,80
112983,48
113014,84
113044,68
113055,35
113076,44
113099,42
113101,48
113102,36
113136,36
113145,38
113149,42
113181,36
113309,59
113331,82
113359,59
113442,53
113529,60
113545,66
113553,79
113567,48
113572,45
113573,43
113594,50
113597,44
113653,84
113696,51
113706,45
113745,77
113779,81
113802,46
113819,76
113852,39
113882,37
113887,88
113958,85
113974,62
113996,48
114014,65
114049,79
114075,93
114158,89
114177,56
114298,48
114305,34
114378,65
114388,70
114398,40
114407,71
114471,58
114479,85
114495,62
114561,65
114585,64
114602,82
114635,84
114689,65
114696,51
114724,64
114727,40
114769,60
114786,62
114803,63
114819,66
114838,62
114848,73
114851,64
114858,61
114861,66
114866,89
114909,52
114915,48
114938,38
114947,61
114972,56
115017,72
115060,60
115063,78
115065,74
115066,62
115069,57
115072,92
115076,44
115081,42
115101,58
115105,40
115106,39
115108,41
115109,46
115121,79
115127,64
115131,34
115171,62
115173,43
115175,83
115176,58
115179,55
115180,57
115181,44
115182,44
115184,36
115190,68
115193,59
115194,79
115200,45
115201,33
115202,31
115218,37
115242,42
115261,58
115287,82
115292,35
115295,79
115314,66
115335,73
115336,46
115338,46
115346,68
115347,48
115348,57
115352,82
115353,50
115362,75
115369,84
115378,71
115382,59
115388,93
115397,84
115406,70
115413,38
115417,37
115418,35
115452,57
115464,51
115492,49
115527,58
115553,78
115563,70
115582,58
115592,65
115611,70
115629,77
115638,73
115647,74
115708,73
115718,74
115728,75
115748,79
115758,81
115768,78
115778,76
115797,81
115815,76
115832,82
115851,87
115870,77
115879,75
115885,70
115888,88
115896,57
115898,34
115977,34
115982,64
115984,30
116009,72
116018,91
116034,69
116071,94
116108,69
116127,68
116171,74
116194,34
116230,69
116240,74
116251,37
116316,84
116318,75
116320,35
116322,41
116324,50
116334,35
116362,74
116372,72
116409,78
116485,86
116512,71
116526,79
116537,66
116579,47
116605,82
116614,78
116758,41
116766,80
116785,84
116799,66
116896,36
116925,76
116937,34
116986,52
117054,64
117315,38
117489,77
117538,45
117627,78
117634,68
117665,77
117729,66
117734,39
117752,39
117759,37
117792,88
117807,41
117827,30
117828,81
117834,47
117840,64
117864,78
117962,63
118017,55
118146,44
118156,69
118183,53
118190,72
118199,89
118231,35
118234,81
118253,79
118278,73
118292,48
118305,67
118315,89
118334,79
118363,47
118381,80
118391,72
118411,78
118420,81
118429,37
118430,55
118440,60
118500,34
118584,71
118588,53
118731,69
118788,71
118823,37
118832,75
118855,84
118891,48
118912,35
118917,41
118934,76
118949,43
119020,68
119077,42
119107,72
119116,75
119153,57
119170,67
119197,68
119264,89
119323,59
119349,66
119354,42
119359,74
119369,73
119416,76
119441,75
119459,82
119480,71
119509,68
119519,67
119535,64
119617,63
119629,45
119658,65
119687,40
119690,56
119693,42
119694,28
119695,28
119697,28
119699,50
119704,66
119706,54
119714,58
119715,58
119719,41
119720,35
119722,40
119724,37
119726,40
119727,60
119729,75
119730,52
119732,55
119733,61
119745,63
119765,70
119793,83
119834,54
119896,47
119916,72
119923,66
119949,65
119963,38
119964,70
119974,62
119977,40
120013,63
120019,52
120034,44
120085,74
120104,67
120123,64
120221,70
120290,82
120452,59
120508,59
120526,36
120529,87
120596,48
120657,69
120671,68
120681,78
120708,50
120711,40
120732,41
120756,71
120764,70
120795,77
120806,35
120816,69
120833,80
120852,64
120854,41
120898,35
120944,79
120963,76
120968,74
121032,67
121098,42
121099,77
121118,72
121129,36
121130,46
121131,39
121132,65
121133,50
121137,65
121138,42
121139,47
121140,35
121143,36
121145,37
121147,45
121148,43
121149,38
121153,36
121154,67
121155,40
121157,64
121158,36
121161,44
121165,64
121167,35
121168,64
121169,49
121170,50
121201,40
121209,36
121210,45
121212,32
121217,99
121218,38
121220,39
121221,46
121224,37
121225,67
121226,57
121232,38
121233,50
121234,49
121236,56
121237,48
121239,53
121240,64
121242,65
121246,32
121251,36
121255,39
121256,85
121261,49
121264,37
121266,71
121269,55
121271,44
121272,79
121274,75
121275,70
121277,44
121278,66
121279,36
121280,43
121281,55
121283,80
121284,42
121285,61
121291,38
121295,75
121298,37
121304,47
121309,63
121311,42
121315,49
121316,62
121319,37
121321,40
121324,50
121328,57
121330,41
121331,35
121333,58
121335,44
121339,44
121342,42
121344,63
121371,54
121373,49
121374,59
121375,44
121378,51
121379,49
121382,71
121385,62
121386,36
121387,52
121389,46
121391,35
121393,57
121394,49
121395,58
121396,51
121397,69
121398,46
121399,86
121401,70
121402,53
121403,59
121404,36
121416,35
121429,40
121433,43
121434,44
121436,71
121438,43
121552,83
121604,45
121625,62
121644,94
121649,37
121654,68
121664,80
121683,74
121693,71
121703,72
121810,69
121840,66
121943,73
122035,65
122113,91
122195,52
122204,74
122229,43
122237,41
122242,40
122258,52
122270,78
122315,87
122352,71
122399,50
122419,42
122495,67
122514,76
122540,48
122551,77
122663,77
122725,35
122727,46
122731,49
122732,47
122733,41
122734,51
122735,39
122737,64
122746,71
122794,66
122838,66
122861,86
122901,45
122960,48
123007,58
123013,36
123017,36
123027,58
123034,58
123046,33
123047,78
123058,40
123068,75
123071,44
123076,56
123078,48
123079,33
123080,36
123081,36
123084,36
123086,34
123089,82
123090,48
123093,58
123099,59
123103,76
123105,48
123130,70
123136,60
123162,29
123163,60
123171,58
123173,75
123175,38
123181,58
123193,36
123200,59
123209,59
123224,42
123235,59
123254,58
123264,59
123273,45
123276,35
123278,61
123279,33
123280,33
123281,34
123282,50
123287,39
123289,74
123293,34
123296,59
123297,35
123298,52
123302,35
123305,61
123306,78
123315,60
123318,43
123320,37
123338,53
123339,58
123354,54
123357,61
123367,37
123371,64
123372,58
123373,55
123374,55
123375,83
123381,36
123388,35
123395,61
123405,53
123423,33
123429,48
123432,46
123444,60
123451,62
123452,36
123456,36
123460,58
123461,72
123465,66
123468,42
123489,45
123492,56
123500,47
123503,41
123504,44
123508,34
123519,60
123535,58
123541,34
123544,46
123545,38
123554,48
123575,42
123576,61
123580,34
123583,45
123594,34
123597,59
123600,33
123603,60
123607,35
123615,59
123617,49
123619,35
123621,46
123624,65
123625,71
123627,58
123630,42
123632,34
123636,58
123642,59
123644,54
123647,35
123649,50
123651,50
123654,34
123659,61
123660,38
123667,36
123668,50
123669,46
123671,41
123672,73
123676,58
123678,37
123679,40
123684,55
123685,45
123688,69
123693,54
123703,41
123707,67
123713,60
123720,64
123723,60
123724,67
123725,55
123729,58
123733,60
123745,44
123746,54
123747,50
123748,61
123750,34
123751,78
123752,66
123755,42
123757,39
123759,51
123761,34
123762,43
123763,46
123766,66
123769,73
123771,40
123772,33
123773,58
123777,58
123788,59
123805,81
123813,58
123820,58
123877,34
123881,36
123896,58
123903,57
123905,60
123909,35
123910,57
123911,67
123913,37
123914,58
123919,55
123925,39
123937,63
123967,87
123970,60
123988,48
123989,60
123994,34
123995,67
124001,66
124009,40
124020,56
124021,35
124025,35
124026,38
124027,34
124049,84
124104,51
124114,49
124172,70
124255,71
124265,85
124275,81
124288,44
124327,62
124355,70
124477,72
124493,69
124503,59
124594,75
124600,78
124603,83
124611,68
124613,79
124622,74
124638,32
124651,84
124677,67
124684,48
124689,36
124695,52
124749,31
124753,71
124763,80
124804,38
124808,61
124885,68
124918,58
124928,36
124959,46
124969,61
124982,37
124986,67
125035,70
125040,56
125114,36
125185,41
125195,95
125233,77
125247,69
125253,53
125269,60
125285,83
125330,79
125411,72
125440,59
125508,58
125565,57
125572,73
125587,62
125596,81
125620,66
125621,54
125640,84
125712,72
125717,67
125735,39
125776,54
125790,78
125799,45
125844,77
125951,35
125993,81
125995,70
126001,57
126004,36
126006,61
126049,53
126086,46
126094,80
126179,31
126210,59
126223,59
126233,61
126270,60
126300,58
126307,49
126328,58
126338,72
126341,62
126344,51
126345,33
126346,54
126348,43
126349,45
126350,40
126352,39
126399,78
126401,58
126411,58
126431,58
126438,86
126443,92
126444,58
126531,60
126556,77
126613,79
126664,37
126745,88
126750,91
126764,63
126771,48
126851,88
126857,74
126861,50
126864,70
126869,45
126884,66
126888,43
126900,62
126912,66
126945,30
126981,48
126990,68
126992,47
126993,59
127002,32
127005,33
127022,61
127027,73
127036,34
127039,74
127063,75
127082,57
127114,77
127131,77
127147,55
127167,57
127171,40
127178,65
127192,58
127213,59
127217,60
127226,64
127253,40
127256,44
127271,66
127273,33
127298,54
127300,56
127307,77
127325,59
127346,59
127354,56
127378,52
127435,60
127448,37
127451,77
127454,55
127488,62
127532,64
127562,46
127567,58
127600,36
127602,73
127604,63
127613,74
127621,53
127642,49
127651,68
127667,53
127687,70
127696,45
127725,61
127735,70
127743,81
127753,40
127777,31
127819,65
127826,60
127842,62
127844,62
127846,55
127852,83
127869,61
127881,35
127903,75
127931,43
127955,62
127958,57
127978,45
127993,33
128009,33
128018,76
128020,32
128035,98
128042,97
128051,69
128061,63
128122,33
128127,74
128128,78
128135,43
128144,73
128183,41
128200,70
128209,73
128281,64
128310,65
128322,62
128349,80
128367,78
128377,73
128387,78
128396,68
128400,83
128404,56
128426,70
128456,74
128499,33
128531,79
128553,46
128568,79
128626,77
128641,73
128836,36
128874,72
128923,45
128933,85
128977,35
129014,35
129044,41
129083,78
129108,83
129186,82
129188,37
129229,39
129261,44
129285,33
129298,41
129321,79
129339,77
129346,60
129348,66
129383,74
129384,75
129394,75
129442,39
129448,42
129465,58
129499,72
129508,37
129526,49
129549,44
129550,57
129556,38
129565,37
129573,72
129586,61
129595,42
129630,73
129639,66
129666,74
129675,82
129692,70
129695,39
129702,54
129727,52
129747,64
129757,58
129776,68
129777,42
129780,81
129789,34
129796,39
129806,72
129849,73
129861,48
129865,40
129874,69
129876,45
129883,62
129888,50
129916,82
129948,56
129949,43
130007,34
130024,81
130028,57
130031,90
130033,59
130034,67
130036,62
130038,54
130041,41
130042,40
130043,44
130044,39
130045,38
130046,38
130047,34
130049,33
130050,63
130052,40
130053,91
130072,73
130103,53
130135,42
130136,83
130155,64
130165,45
130203,61
130250,75
130314,56
130329,59
130333,39
130344,37
130348,81
130352,37
130389,55
130510,61
130529,55
130540,73
130560,72
130615,84
130622,83
130686,46
130936,81
130950,52
130991,78
130992,38
130997,36
131008,61
131010,70
131020,84
131035,39
131080,70
131148,73
131158,47
131161,41
131169,89
131246,73
131249,78
131253,36
131258,81
131326,38
131338,59
131364,78
131540,85
131549,60
131638,70
131698,80
131718,40
131726,63
131740,60
131838,68
131893,58
131912,40
131918,44
131920,38
131921,69
131922,50
131923,57
131934,53
131946,78
132004,62
132018,90
132027,34
132029,55
132038,52
132059,76
132072,60
132079,81
132084,66
132119,73
132131,62
132148,70
132153,45
132157,47
132171,74
132242,61
132251,75
132261,68
132268,66
132280,62
132289,36
132291,85
132301,69
132319,38
132326,77
132327,52
132363,64
132400,46
132414,64
132464,46
132469,79
132472,65
132537,47
132539,42
132542,55
132571,44
132591,55
132594,37
132597,82
132624,68
132659,41
132668,75
132693,74
132702,67
132706,62
132712,75
132718,37
132774,52
132778,70
132787,78
132810,51
132827,68
132849,85
132887,34
132890,48
132892,58
132895,60
132901,32
132903,29
132907,19
132909,55
132912,40
132913,39
132915,41
132959,61
132967,79
132970,37
132976,87
132992,35
132994,59
132996,56
132997,38
132999,42
133001,73
133002,58
133005,76
133008,53
133009,35
133012,44
133016,44
133040,60
133068,68
133085,59
133114,64
133178,69
133188,65
133314,84
133344,75
133345,70
133403,35
133404,37
133420,36
133422,76
133425,59
133431,65
133436,22
133442,38
133445,43
133447,42
133451,78
133454,36
133455,91
133461,79
133481,43
133483,45
133487,37
133488,50
133500,35
133524,36
133533,47
133536,67
133540,42
133542,36
133556,36
133558,42
133562,42
133581,36
133582,74
133594,59
133605,67
133606,33
133619,66
133620,67
133621,45
133629,42
133639,42
133645,34
133649,46
133689,42
133695,79
133714,95
133733,54
133805,71
133814,39
133871,54
133881,88
133908,78
133911,74
133917,68
133933,76
133936,53
133946,76
133964,82
133971,42
133973,71
133982,72
133987,74
133994,71
133998,83
134002,84
134022,50
134033,98
134035,73
134047,50
134050,87
134060,85
134080,47
134086,70
134093,61
134109,70
134124,82
134126,69
134127,56
134134,73
134149,82
134160,69
134165,49
134195,65
134248,72
134260,61
134275,74
134301,42
134307,70
134308,67
134327,73
134349,37
134368,68
134374,74
134390,95
134394,55
134430,84
134455,57
134475,87
134476,52
134532,60
134560,93
134579,86
134597,67
134598,72
134632,83
134649,62
134674,69
134695,43
134700,72
134716,95
134755,65
134826,81
134829,42
134843,67
134859,56
134911,86
134925,75
134954,87
134990,79
135195,87
135289,35
135290,62
135291,45
135293,62
135296,69
135307,30
135311,43
135313,35
135338,36
135339,73
135372,47
135373,47
135374,37
135376,30
135377,41
135400,66
135416,43
135426,103
135429,32
135434,70
135455,40
135484,34
135485,49
135491,56
135498,51
135532,35
135538,74
135562,82
135634,68
135670,75
135724,75
135743,62
135753,48
135793,52
135860,51
135866,70
135890,69
135892,52
135902,69
135914,68
135917,68
135928,69
135931,79
135939,72
135940,72
135943,75
135946,74
135959,68
135961,73
135975,73
135977,74
135980,82
135985,78
135993,73
135994,83
135997,67
136009,88
136015,67
136017,66
136019,68
136043,78
136053,71
136059,73
136063,70
136069,73
136080,65
136192,75
136241,72
136300,74
136356,57
136365,73
136398,86
136407,89
136455,56
136460,74
136473,72
136492,104
136498,72
136543,64
136553,51
136561,74
136605,66
136664,63
136800,57
136837,78
136921,48
137096,58
137138,76
137222,66
137263,75
137272,66
137290,75
137316,82
137376,63
137406,54
137416,36
137427,47
137440,36
137461,40
137464,39
137492,69
137493,60
137500,52
137503,38
137504,42
137507,70
137516,56
137537,79
137554,53
137565,55
137567,38
137568,44
137570,36
137572,62
137583,66
137604,55
137620,91
137622,35
137623,58
137627,61
137628,39
137630,89
137632,45
137639,72
137643,35
137646,38
137652,58
137673,30
137680,66
137682,56
137686,58
137694,72
137711,66
137731,55
137735,54
137769,86
137785,68
137823,54
137828,42
137834,68
137841,35
137883,52
137894,82
137929,60
137955,81
137957,77
137959,79
137966,88
137968,66
137970,70
137972,78
137984,71
137993,65
138003,80
138015,95
138034,80
138038,82
138040,79
138043,74
138054,81
138056,88
138065,65
138083,74
138088,72
138101,88
138103,76
138116,82
138123,66
138125,74
138128,45
138129,70
138140,83
138152,76
138153,71
138157,74
138164,81
138171,75
138176,87
138189,79
138243,48
138246,48
138248,72
138249,45
138256,50
138265,48
138266,40
138275,34
138277,34
138278,34
138284,47
138290,38
138295,34
138297,42
138300,41
138301,40
138303,61
138306,35
138308,57
138323,57
138326,59
138330,54
138336,58
138338,40
138342,40
138347,35
138348,36
138350,56
138354,39
138356,71
138366,37
138373,41
138536,75
138560,72
138565,78
138598,50
138611,82
138618,84
138693,61
138739,70
138751,38
138781,60
138785,67
138804,57
138816,68
138868,35
139080,84
139083,75
139097,63
139099,63
139101,73
139121,57
139145,77
139150,67
139168,82
139172,39
139249,84
139268,78
139397,77
139428,50
139448,33
139461,74
139465,45
139475,50
139496,70
139500,76
139501,57
139511,36
139520,59
139610,42
139616,74
139633,70
139644,65
139679,36
139687,72
139690,57
139696,69
139700,43
139702,43
139703,39
139704,34
139710,64
139717,80
139759,40
139782,79
139787,50
139803,53
139805,78
139825,61
139832,68
139854,89
139860,37
139873,65
139887,74
139922,49
139944,74
139976,55
139989,65
139990,34
139991,35
140006,67
140008,53
140024,68
140056,44
140098,44
140102,75
140109,66
140115,70
140120,63
140138,88
140142,51
140144,79
140145,70
140149,77
140161,66
140196,78
140214,66
140226,69
140232,81
140235,56
140236,59
140252,77
140299,73
140306,82
140308,65
140311,67
140315,78
140326,98
140339,68
140347,78
140367,79
140375,79
140439,61
140477,74
140488,70
140489,59
140490,65
140491,32
140492,48
140494,38
140495,40
140496,43
140498,44
140522,37
140597,44
140614,54
140618,66
140632,71
140634,68
140640,65
140645,77
140649,62
140652,52
140667,67
140692,60
140742,81
140785,60
140822,98
140892,81
140921,83
141015,90
141039,82
141100,58
141169,78
141275,87
141342,86
141362,66
141505,77
141544,67
141572,71
141592,61
141605,67
141704,75
141711,71
141754,88
141759,76
141760,85
141762,57
141764,69
141771,73
141772,58
141780,35
141790,44
141794,37
141825,72
141851,60
141853,74
141882,66
141884,73
141888,86
141890,71
141892,67
141894,50
141896,74
141906,69
141925,70
141935,70
141944,86
141953,76
141954,35
141961,56
141964,66
141968,68
141993,65
141996,71
142016,78
142087,60
142126,35
142149,48
142171,42
142179,37
142196,80
142224,68
142232,46
142234,56
142239,53
142283,68
142290,71
142294,90
142299,69
142305,86
142309,77
142311,47
142313,73
142316,66
142318,77
142322,81
142327,81
142341,61
142350,74
142354,69
142359,77
142367,68
142370,67
142382,71
142399,63
142408,48
142410,83
142415,68
142416,89
142423,82
142425,55
142428,68
142435,78
142437,80
142439,47
142441,78
142449,76
142453,72
142459,61
142460,55
142461,85
142476,73
142490,48
142500,69
142503,72
142528,75
142533,66
142539,67
142548,68
142783,55
142866,84
142895,64
142905,61
142910,84
142915,65
142933,83
142938,54
142943,75
142951,63
142952,71
142971,59
142989,63
143001,58
143017,63
143022,51
143083,69
143130,78
143139,85
143221,72
143240,66
143319,80
143399,60
143546,83
143553,51
143564,78
143612,66
143631,87
143718,65
143734,84
143780,63
143800,36
143935,66
143959,61
143967,71
143974,69
143983,96
143992,70
143993,70
143994,56
144000,74
144003,39
144008,67
144045,67
144048,67
144051,40
144065,39
144067,48
144073,49
144090,72
144116,48
144121,76
144144,67
144154,78
144179,66
144188,85
144191,78
144193,79
144195,70
144197,77
144234,45
144264,62
144287,66
144302,71
144328,47
144350,52
144355,51
144372,63
144375,63
144376,71
144408,61
144467,70
144472,80
144473,74
144491,69
144495,63
144497,84
144501,77
144503,73
144505,50
144507,40
144520,81
144522,68
144526,64
144531,66
144535,75
144542,65
144544,85
144546,67
144549,68
144552,67
144554,57
144556,68
144558,65
144565,87
144569,70
144574,55
144582,68
144586,72
144590,69
144601,80
144603,72
144605,63
144607,65
144609,68
144613,66
144615,94
144618,65
144628,65
144630,70
144634,66
144639,56
144641,71
144645,63
144653,75
144654,60
144658,67
144664,69
144672,74
144677,65
144681,74
144698,68
144705,68
144718,68
144727,75
144729,70
144733,66
144735,82
144737,39
144767,35
144793,66
144889,57
145060,57
145100,83
145119,73
145126,67
145142,93
145161,74
145186,95
145211,78
145221,68
145240,97
145250,75
145298,63
145354,66
145370,89
145425,80
145437,60
145476,53
145485,72
145514,64
145643,71
145652,61
145671,88
145675,67
145739,58
145807,44
145837,72
145882,40
145918,52
145940,68
145957,82
146097,65
146142,89
146147,75
146159,53
146162,65
146171,48
146172,37
146179,37
146207,45
146208,34
146209,42
146211,43
146212,78
146214,59
146215,48
146216,53
146219,39
146222,73
146253,62
146296,69
146298,49
146306,43
146307,71
146318,43
146319,77
146324,59
146325,67
146327,56
146328,40
146330,36
146336,49
146350,56
146351,57
146354,63
146357,34
146364,41
146372,82
146388,80
146391,77
146409,78
146428,41
146436,74
146466,64
146471,42
146498,34
146532,42
146539,34
146541,67
146565,67
146611,42
146617,49
146664,56
146679,66
146683,79
146685,73
146691,75
146693,71
146704,75
146708,82
146711,65
146717,71
146724,65
146727,87
146740,90
146744,68
146746,78
146748,82
146756,74
146765,78
146773,72
146782,69
146786,73
146792,70
146807,81
146822,77
146827,74
146833,68
146842,76
146844,72
146850,80
146892,61
146910,47
146914,68
146916,74
146917,58
146918,73
147027,50
147044,76
147101,81
147117,62
147178,80
147194,77
147212,59
147221,63
147229,33
147231,50
147241,49
147247,33
147249,52
147251,34
147252,55
147253,35
147257,34
147258,36
147261,40
147262,35
147263,46
147264,41
147273,36
147275,36
147277,35
147278,37
147287,34
147289,79
147291,34
147298,61
147305,36
147306,56
147308,76
147310,78
147326,65
147336,55
147356,80
147358,39
147372,98
147386,82
147403,81
147421,77
147481,90
147484,76
147494,53
147503,72
147529,76
147548,60
147557,80
147598,81
147638,94
147648,72
147722,104
147744,70
147748,75
147824,91
147936,75
147954,81
147988,56
148002,47
148025,59
148044,73
148148,55
148197,84
148199,85
148213,54
148220,87
148225,59
148230,71
148249,68
148269,73
148297,60
148310,79
148311,39
148313,52
148314,38
148315,45
148319,55
148320,44
148321,66
148322,48
148324,39
148333,71
148338,57
148340,61
148342,34
148343,40
148347,62
148359,85
148363,30
148364,38
148409,42
148410,38
148413,91
148414,76
148418,34
148419,74
148420,47
148423,47
148430,34
148431,42
148440,38
148442,48
148443,38
148449,33
148451,39
148467,75
148490,66
148496,58
148518,70
148526,83
148527,66
148535,40
148537,39
148538,50
148543,35
148560,55
148565,33
148577,34
148578,75
148582,49
148588,71
148592,41
148596,69
148642,85
148658,74
148660,43
148720,74
148724,44
148726,44
148730,68
148733,40
148734,76
148739,61
148740,41
148743,52
148750,37
148763,38
148773,66
148780,68
148782,59
148784,58
148785,69
148793,55
148794,64
148797,73
148799,54
148810,80
148814,43
148821,79
148829,35
148831,83
148847,66
148866,36
148873,38
148878,43
148880,76
148881,38
148882,49
148886,59
148890,70
148917,39
148943,78
148972,57
148996,64
149023,82
149137,63
149167,80
149187,78
149330,38
149346,78
149370,72
149392,81
149432,67
149444,62
149449,79
149529,96
149576,53
149586,85
149615,72
149622,52
149657,84
149681,92
149697,81
149703,72
149704,72
149720,52
149771,69
149779,60
149780,58
149804,63
149807,50
149892,98
149906,58
149916,69
149944,65
149963,80
150038,63
150080,56
150208,47
150341,66
150343,76
150360,78
150370,57
150379,66
150392,38
150449,85
150524,78
150554,38
150566,56
150570,48
150576,73
150580,52
150585,48
150587,40
150588,37
150600,32
150602,37
150604,31
150605,34
150606,44
150607,34
150609,36
150617,46
150619,35
150620,33
150621,69
150622,40
150631,46
150662,75
150663,58
150668,37
150669,51
150671,43
150672,70
150677,60
150681,45
150682,77
150683,43
150685,56
150688,54
150693,76
150696,42
150697,40
150706,32
150711,68
150712,42
150731,74
150751,66
150769,51
150779,45
150780,53
150790,72
150792,81
150811,63
150855,75
150884,62
150892,73
150911,66
150943,51
150949,66
150958,36
150976,89
150986,66
151006,66
151016,66
151072,71
151081,87
151090,79
151099,76
151105,47
151127,68
151134,36
151142,75
151166,80
151178,41
151197,78
151207,66
151360,56
151368,77
151404,55
151502,60
151512,56
151550,60
151560,90
151576,74
151606,54
151620,78
151667,78
151683,65
151707,78
151715,71
151723,67
151725,35
151734,43
151747,77
151761,61
151768,83
151776,79
151779,64
151810,77
151830,79
151835,58
151979,64
152037,86
152054,87
152084,82
152091,58
152100,71
152119,61
152155,85
152175,77
152178,49
152230,63
152301,80
152321,56
152399,66
152409,94
152416,63
152500,65
152578,72
152596,71
152621,84
152642,53
152649,55
152651,36
152654,50
152661,63
152683,48
152695,55
152696,48
152720,82
152723,61
152750,73
152751,39
152753,65
152755,56
152768,58
152773,42
152774,39
152775,78
152778,43
152779,84
152780,55
152788,68
152789,50
152793,35
152794,58
152798,32
152802,39
152803,74
152804,80
152808,65
152814,38
152816,38
152822,32
152823,80
152824,34
152828,62
152829,46
152840,45
152843,31
152872,62
152874,37
152879,39
152998,40
153011,76
153016,57
153038,67
153073,69
153084,48
153103,65
153110,66
153133,61
153138,56
153150,93
153196,78
153200,74
153226,59
153260,81
153261,45
153301,68
153349,74
153379,79
153434,60
153443,74
153461,63
153547,78
153585,60
153592,60
153602,62
153618,85
153703,76
153749,79
153795,75
153811,66
153815,54
153820,81
153842,86
153860,54
153861,33
153876,83
153900,78
153960,50
153961,79
153962,76
153963,98
153987,54
153994,59
154003,86
154025,61
154065,98
154095,35
154125,84
154143,85
154185,81
154231,85
154235,72
154339,74
154399,58
154430,77
154464,67
154502,70
154529,62
154567,63
154580,85
154595,60
154651,78
154669,59
154743,58
154749,64
154790,65
154792,70
154799,71
154800,60
154801,45
154802,58
154820,65
154822,54
154832,76
154843,82
154853,88
154881,51
154883,34
154886,36
154890,80
154892,41
154907,53
154945,75
154970,72
154973,61
154982,72
154994,72
155016,69
155023,68
155028,54
155029,43
155031,35
155032,57
155168,69
155172,38
155174,55
155185,43
155222,64
155244,57
155257,56
155274,78
155292,78
155430,65
155508,50
155525,72
155538,79
155824,55
155835,78
155847,38
155883,78
155893,69
155911,64
155929,77
155938,78
155948,94
155966,70
155973,101
155981,35
155983,78
156002,64
156019,61
156038,61
156057,66
156077,34
156084,54
156094,68
156104,77
156112,33
156253,89
156281,83
156309,64
156329,49
156347,42
156359,78
156369,53
156374,62
156379,84
156444,91
156480,60
156494,46
156519,64
156528,82
156558,78
156567,77
156585,79
156612,78
156633,81
156666,63
156681,37
156716,60
156725,67
156730,44
156808,42
156812,67
156813,34
156860,36
156957,36
156985,35
156987,52
156988,36
157023,69
157029,76
157033,54
157047,45
157053,71
157062,68
157072,64
157074,56
157080,37
157085,56
157087,42
157090,67
157091,85
157093,42
157094,39
157105,45
157110,69
157120,80
157129,77
157147,35
157149,78
157158,72
157187,54
157188,42
157189,56
157193,55
157357,68
157370,35
157371,63
157412,62
157433,41
157435,34
157436,34
157443,67
157448,34
157466,66
157467,68
157468,62
157469,61
157478,41
157481,60
157483,46
157486,44
157512,38
157525,65
157535,48
157545,46
157571,37
157580,56
157624,78
157649,55
157718,83
157790,51
158002,54
158010,76
158043,78
158044,81
158126,33
158161,92
158169,32
158183,85
158193,51
158202,90
158260,82
158264,82
158279,98
158286,46
158335,54
158362,61
158392,61
158393,65
158394,52
158396,40
158401,52
158403,61
158415,84
158447,79
158450,74
158468,64
158484,72
158513,73
158760,80
158804,79
158821,82
158830,69
158882,88
158929,68
158994,84
159062,71
159068,63
159081,66
159101,80
159117,41
159145,77
159153,35
159161,73
159162,61
159171,80
159192,50
159201,73
159210,73
159213,40
159217,72
159220,69
159253,62
159258,59
159264,50
159301,77
159306,48
159308,68
159316,67
159318,74
159331,55
159332,34
159337,46
159360,40
159384,48
159419,44
159434,65
159461,77
159468,34
159481,49
159522,52
159570,73
159600,67
159646,81
159650,37
159656,36
159690,38
159695,63
159711,67
159725,39
159729,78
159732,31
159738,38
159745,41
159747,66
159757,55
159764,56
159765,33
159767,50
159769,66
159774,66
159780,75
159784,65
159790,63
159795,55
159818,30
159819,56
159821,30
159841,66
159843,75
159845,78
159851,74
159883,75
159888,79
159909,73
159911,76
159917,73
159924,60
159935,75
159941,72
159942,74
159947,78
159954,56
159958,71
159962,55
159965,53
159974,85
159980,55
159984,67
159986,77
159991,78
159993,78
160003,77
160007,89
160016,75
160017,74
160019,78
160021,66
160022,68
160024,76
160025,71
160030,79
160032,76
160034,76
160051,78
160058,52
160066,54
160073,83
160074,59
160076,67
160083,68
160085,59
160086,76
160089,67
160097,72
160110,54
160162,70
160164,65
160274,77
160283,73
160292,76
160314,40
160323,46
160326,87
160411,68
160421,52
160439,68
160448,84
160467,81
160475,78
160480,51
160483,74
160504,54
160514,78
160551,80
160584,80
160606,61
160912,87
160951,75
160987,72
160996,73
161000,65
161015,64
161033,64
161052,64
161081,60
161099,68
161113,77
161133,69
161156,36
161202,37
161204,57
161211,30
161214,35
161215,61
161229,60
161233,42
161242,82
161249,43
161253,31
161258,68
161263,79
161282,62
161287,88
161293,35
161319,94
161320,33
161321,38
161323,57
161328,75
161344,54
161368,38
161371,45
161377,35
161379,37
161396,68
161406,75
161443,43
161547,46
161613,52
161633,34
161667,80
161670,66
161672,86
161675,70
161676,64
161685,98
161693,67
161696,86
161698,65
161708,67
161714,75
161719,73
161723,80
161727,66
161733,74
161736,65
161737,67
161739,72
161750,44
161751,77
161754,75
161757,66
161759,63
161772,79
161800,86
161810,74
161818,73
161841,82
161843,58
161856,52
161860,87
161864,73
161866,69
161882,81
161889,76
161891,80
161899,87
161906,58
161911,55
161916,67
161917,69
161927,79
161949,90
161956,55
161962,80
161968,73
161983,76
162003,62
162022,84
162105,74
162110,85
162129,63
162130,84
162248,67
162256,63
162264,73
162270,79
162281,83
162282,63
162310,68
162329,78
162342,48
162348,76
162367,65
162385,95
162415,79
162435,84
162442,62
162445,78
162475,95
162786,66
162825,60
162859,95
162876,66
162910,74
162989,53
162991,52
162993,82
163002,74
163004,53
163011,69
163014,49
163015,41
163028,53
163056,58
163076,87
163097,67
163118,61
163141,46
163216,44
163221,70
163227,90
163230,88
163244,33
163253,31
163255,66
163272,36
163322,76
163324,59
163325,54
163331,53
163338,34
163339,68
163340,45
163342,51
163348,73
163356,38
163358,44
163359,65
163360,36
163373,65
163374,75
163375,74
163376,60
163379,72
163380,65
163384,48
163385,55
163386,67
163387,47
163389,45
163390,51
163392,45
163393,56
163395,46
163399,36
163401,37
163402,65
163403,35
163404,37
163405,34
163407,39
163410,37
163413,70
163414,67
163415,31
163416,30
163418,62
163419,54
163420,76
163423,46
163425,63
163429,78
163430,58
163431,41
163437,41
163457,70
163474,64
163487,40
163504,36
163506,40
163555,70
163565,79
163567,62
163583,43
163623,75
163626,59
163629,45
163652,57
163654,56
163683,34
163686,45
163693,35
163709,66
163749,68
163759,69
163761,67
163764,68
163767,78
163769,71
163778,92
163780,67
163786,67
163795,68
163798,86
163801,75
163821,83
163824,73
163905,61
163917,84
163947,52
163951,40
163959,42
163971,69
163978,73
163980,86
163997,67
164002,78
164007,78
164010,66
164014,80
164022,92
164028,72
164032,64
164058,84
164076,53
164077,77
164105,75
164158,79
164198,69
164223,48
164226,81
164250,66
164258,77
164274,59
164284,83
164292,72
164309,77
164348,74
164375,55
164393,69
164394,46
164403,54
164413,73
164428,33
164429,29
164433,29
164435,29
164438,31
164441,29
164448,30
164450,85
164452,50
164455,50
164456,57
164517,82
164530,56
164550,84
164570,77
164577,65
164643,59
164881,83
164959,88
165041,76
165128,71
165199,82
165224,51
165236,55
165253,50
165280,61
165289,81
165299,86
165304,67
165312,62
165367,68
165376,72
165390,70
165440,65
165442,72
165449,71
165455,40
165459,84
165463,71
165469,65
165471,69
165475,72
165489,37
165490,38
165493,34
165496,35
165511,57
165542,83
165574,37
165580,91
165594,59
165604,40
165612,62
165617,53
165618,35
165624,65
165636,39
165637,48
165657,36
165683,62
165724,35
165791,49
165846,39
165862,36
165907,35
165910,65
165920,66
165929,73
165935,85
165936,54
165937,61
165939,72
165940,81
165966,85
165975,85
165989,71
165991,70
165996,69
166004,72
166011,65
166015,51
166021,53
166022,71
166024,70
166037,74
166066,74
166088,93
166094,67
166100,74
166115,82
166128,81
166138,90
166141,77
166148,65
166156,67
166164,72
166166,97
166169,73
166176,67
166238,74
166248,75
166268,75
166278,73
166288,76
166298,65
166307,79
166338,74
166346,34
166366,77
166376,52
166394,78
166412,72
166463,87
166472,79
166478,73
166494,75
166557,66
166570,92
166658,84
166686,81
166696,77
166700,55
166715,75
166725,78
166757,57
166787,47
166796,65
166816,69
166825,80
166884,64
166902,62
166915,65
166947,57
166970,69
166988,49
167192,55
167235,61
167264,54
167265,63
167285,57
167288,58
167289,42
167310,57
167318,89
167321,44
167323,55
167326,56
167328,67
167329,49
167336,65
167370,56
167374,60
167392,59
167408,43
167428,83
167441,61
167458,61
167486,74
167493,65
167541,82
167604,64
167605,41
167611,54
167612,49
167621,48
167627,33
167643,53
167645,63
167647,70
167648,40
167654,41
167723,84
167731,52
167744,53
167745,54
167753,65
167755,47
167773,61
167783,61
167784,56
168025,42
168029,63
168051,67
168055,52
168081,32
168090,53
168094,33
168098,77
168105,44
168108,78
168118,85
168121,75
168137,24
168174,57
168179,39
168181,35
168184,39
168193,36
168221,38
168232,32
168242,67
168294,34
168353,86
168396,68
168427,51
168453,66
168456,46
168526,44
168915,93
169040,58
169087,75
169110,34
169112,77
169115,56
169117,41
169118,57
169120,43
169147,33
169243,40
169245,37
169246,55
169247,45
169248,44
169249,33
169253,71
169255,47
169258,59
169259,39
169261,42
169264,62
169265,51
169266,59
169267,43
169269,64
169270,41
169271,37
169272,70
169276,72
169279,44
169280,51
169749,36
169767,58
169770,35
169787,73
169788,36
169797,41
169798,60
169803,70
169806,60
169807,79
169819,46
169820,61
169824,77
169825,53
169830,33
169833,57
169867,62
169902,38
169905,35
169906,50
169907,39
169913,75
169934,90
169963,64
169973,67
169976,33
170016,32
170019,26
170030,90
170101,70
170129,84
170139,74
170148,40
170156,61
170183,74
170258,74
170488,76
170577,73
170646,81
170649,71
170693,74
170789,76
170799,70
170819,68
170828,73
170858,70
171269,74
171279,66
171298,69
171307,75
171308,71
171320,59
171347,79
171436,73
171444,67
171518,66
171774,68
171775,59
171789,32
171799,69
171833,35
171834,54
171837,47
171850,60
171871,58
171881,40
171885,67
171887,77
171888,72
171889,66
171890,34
171899,63
171906,38
171907,57
171910,62
171952,33
172006,31
172010,67
172092,82
172093,58
172113,74
172149,81
172156,47
172165,44
172186,35
172197,76
172218,42
172243,44
172249,61
172262,59
172531,57
172626,74
172655,69
172705,78
172725,79
172845,69
172874,76
172892,56
172971,75
173040,89
173079,69
173093,69
173100,88
173101,55
173103,68
173113,67
173123,91
173153,83
173163,68
173172,67
173182,71
173239,80
173278,84
173337,36
173347,63
173368,76
173393,68
173403,42
173441,73
173449,70
173451,39
173458,71
173466,70
173491,67
173514,63
173631,80
173637,62
173644,65
173659,33
173689,69
173703,35
173717,88
173730,46
173734,61
173742,60
173748,70
173791,36
173862,48
173885,78
173899,51
173903,59
173913,78
173932,67
173948,62
173957,54
173965,57
173975,54
173978,35
173988,66
173993,56
174028,48
174035,64
174039,62
174056,42
174093,71
174134,78
174194,63
174209,32
174325,65
174653,36
174732,76
175053,70
175073,78
175094,54
175132,67
175199,83
175249,58
175289,63
175309,81
175319,66
175347,66
175366,70
175386,66
175395,70
175448,35
175456,42
175477,39
175486,75
175495,85
175684,73
175688,32
175690,77
175692,35
175696,49
175697,60
175698,79
175700,57
175701,66
175702,35
175704,33
175730,97
175742,43
175743,33
175744,36
175745,43
175747,29
175749,59
175750,61
175752,32
175754,50
175756,34
175763,68
175767,74
175768,45
175770,69
175773,67
175777,41
175778,44
175783,42
175784,42
175789,31
175793,55
175794,35
175797,33
175799,37
175802,55
175803,36
175806,41
175808,59
175809,47
175813,39
175815,56
175826,55
175845,65
175855,63
175872,51
175939,37
175940,47
175950,32
175952,33
175971,89
175980,34
175997,75
175998,68
176025,39
176032,67
176110,34
176114,70
176132,56
176142,79
176144,36
176151,67
176156,58
176163,33
176175,54
176228,71
176258,76
176290,69
176296,92
176332,30
176339,62
176340,59
176358,64
176383,76
176524,60
176553,72
176738,28
176741,67
176787,56
176837,79
176850,80
176893,50
176919,66
177099,69
177178,75
177323,48
177383,64
177397,68
177405,70
177425,77
177435,69
177440,65
177444,70
177464,66
177484,66
177494,68
177504,98
177524,76
177538,72
177628,82
177697,93
177706,71
177711,39
177775,78
177802,32
177808,54
177819,62
177826,68
177839,83
177847,85
177859,60
177877,76
177891,79
177896,83
177897,48
177898,38
177901,46
177904,33
177906,68
177908,61
177912,83
177916,84
177919,35
177920,66
177921,29
177925,44
177930,38
177935,36
177937,45
177943,55
177949,82
177953,36
177954,39
177959,62
177962,31
177963,32
177964,71
177966,74
177970,62
177971,38
177972,42
177975,75
177976,42
177977,52
177982,37
177985,54
177992,55
177993,57
177994,70
177997,58
177999,74
178000,40
178006,35
178009,50
178010,46
178011,58
178013,61
178015,43
178017,48
178020,75
178021,59
178023,54
178024,43
178029,47
178031,71
178033,74
178034,44
178036,35
178037,48
178039,55
178044,61
178047,35
178048,33
178061,49
178120,78
178135,86
178137,86
178145,44
178146,54
178147,63
178148,28
178152,58
178153,45
178154,58
178155,42
178156,45
178157,71
178159,71
178161,51
178162,69
178163,55
178165,57
178167,72
178168,76
178171,41
178172,60
178175,57
178183,75
178184,40
178188,58
178191,58
178193,40
178208,44
178209,41
178226,39
178229,71
178245,65
178249,65
178252,55
178254,71
178256,62
178258,42
178266,53
178271,75
178273,34
178274,39
178279,67
178280,47
178282,42
178283,65
178284,41
178287,43
178288,36
178293,58
178324,62
178332,49
178423,51
178449,92
178459,80
178469,74
178479,77
178498,78
178508,87
178537,76
178547,65
178556,71
178643,62
178661,58
178691,58
178729,64
178747,62
178830,70
178846,34
178849,66
178916,76
178919,46
178974,93
179034,78
179053,75
179089,67
179099,76
179136,67
179195,68
179313,77
179370,57
179408,77
179448,66
179468,80
179530,56
179591,73
179608,77
179717,76
179753,72
179770,70
179840,68
179870,78
179888,42
179890,75
179913,57
179934,36
180006,36
180025,68
180039,45
180052,75
180055,43
180069,59
180073,70
180075,31
180082,29
180088,76
180089,54
180093,33
180098,80
180109,67
180113,36
180139,67
180151,53
180152,56
180153,61
180158,77
180172,50
180181,41
180192,46
180206,52
180226,66
180229,82
180231,41
180270,56
180287,82
180298,56
180340,41
180356,45
180380,58
180381,73
180409,57
180440,62
180441,46
180543,30
180544,44
180548,64
180566,62
180576,63
180587,37
180606,68
180616,80
180663,90
180677,51
180754,34
180797,76
180800,35
180803,65
180822,78
180874,70
180882,64
180908,79
180917,79
180936,59
181015,58
181040,83
181070,66
181123,78
181204,52
181207,77
181269,64
181270,55
181285,67
181437,79
181462,68
181501,64
181517,88
181527,78
181585,67
181595,90
181645,67
181695,68
181704,30
181724,73
181741,49
181847,45
181919,65
182045,55
182047,57
182048,34
182049,33
182053,58
182060,54
182072,42
182073,64
182075,35
182076,66
182077,51
182089,60
182107,81
182226,65
182242,77
182257,63
182280,75
182319,34
182328,65
182333,68
182385,59
182393,56
182401,39
182407,63
182443,65
182454,35
182461,39
182468,44
182479,38
182483,59
182515,74
182518,34
182532,36
182543,45
182544,35
182555,65
182583,77
182641,63
182662,35
182746,76
182767,71
182774,72
182782,80
182793,51
182877,62
182887,65
182990,43
183014,50
183021,72
183058,76
183194,76
183197,67
183225,76
183308,46
183338,39
183427,70
183550,67
183658,67
183679,70
183699,78
183719,49
183746,76
183747,70
183803,75
183905,69
183917,78
183994,43
184063,86
184227,45
184233,46
184263,60
184283,64
184290,63
184331,61
184339,64
184383,99
184390,91
184396,40
184434,31
184452,61
184456,46
184460,36
184468,66
184470,46
184476,55
184481,59
184487,70
184508,54
184517,71
184518,67
184519,59
184521,68
184522,54
184541,64
184552,65
184561,70
184565,58
184568,67
184570,79
184594,78
184596,74
184599,69
184605,61
184607,83
184615,57
184620,61
184624,70
184629,71
184637,46
184641,63
184643,60
184647,66
184650,62
184657,63
184662,76
184678,77
184694,59
184697,41
184706,59
184712,71
184718,52
184720,65
184721,36
184763,51
184822,42
184847,72
184869,87
184915,56
184938,70
184948,68
185018,54
185025,86
185072,71
185082,87
185112,65
185140,81
185150,72
185155,69
185164,70
185202,64
185220,75
185230,64
185232,62
185294,56
185304,59
185314,65
185317,45
185319,48
185351,64
185360,51
185364,56
185415,34
185489,94
185582,65
185699,70
185702,48
185822,73
185832,73
185842,73
185852,76
185857,42
185910,66
185988,71
186037,67
186327,60
186353,76
186395,58
186442,61
186478,76
186485,34
186488,55
186490,45
186491,43
186492,41
186494,64
186499,33
186523,67
186558,35
186573,85
186598,68
186599,44
186600,81
186607,59
186611,81
186614,92
186625,66
186628,59
186631,61
186638,46
186642,77
186644,87
186653,61
186657,66
186667,56
186679,63
186681,59
186689,78
186694,84
186696,63
186700,68
186702,63
186710,83
186713,76
186721,72
186724,83
186727,81
186744,86
186747,61
186757,82
186758,79
186770,57
186774,51
186776,55
186782,58
186785,59
186790,58
186792,80
186800,84
186802,60
186813,59
186820,78
186827,90
186831,70
186837,65
186840,90
186841,77
186868,43
186873,90
186896,82
186921,68
186930,74
186971,76
186987,57
187018,64
187063,72
187086,45
187101,79
187105,32
187130,63
187146,77
187154,60
187157,65
187166,34
187183,98
187213,81
187255,34
187317,75
187322,42
187330,52
187378,47
187392,79
187699,65
187749,67
187938,83
187948,66
187977,65
188056,69
188086,67
188099,33
188155,65
188407,69
188411,43
188447,77
188465,29
188491,57
188504,72
188512,70
188517,83
188518,58
188524,39
188526,34
188534,81
188536,47
188540,57
188545,73
188546,56
188548,42
188549,53
188558,64
188567,65
188574,65
188611,82
188619,35
188626,63
188630,56
188651,84
188654,74
188996,77
189000,32
189022,58
189116,59
189125,91
189171,57
189190,87
189225,55
189324,56
189333,91
189392,69
189413,68
189650,82
189720,81
189740,69
189828,66
189921,70
190043,43
190427,79
190451,80
190471,57
190497,50
190498,49
190499,36
190504,73
190543,45
190579,69
190582,32
190601,43
190606,67
190631,53
190681,73
190928,84
190938,38
190974,33
190997,44
190998,58
191015,32
191018,80
191158,102
191200,70
191238,83
191322,85
191334,42
191340,76
191359,76
191417,75
191787,42
191889,85
191915,81
192028,73
192047,73
192076,63
192136,69
192414,64
192419,68
192432,46
192480,85
192496,52
192580,33
192584,73
192619,72
192626,33
192635,43
192652,32
192666,77
192670,63
192679,60
192928,61
192937,68
192946,70
192969,81
192970,64
192977,47
192983,60
192985,51
192988,76
193007,72
193023,32
193066,51
193081,78
193095,59
193096,71
193133,28
193145,82
193213,62
193216,60
193264,78
193283,67
193313,74
193344,72
193351,69
193369,63
193386,37
193430,42
193662,58
193714,63
193780,66
193860,76
193908,66
193943,71
193949,77
193953,99
194012,78
194062,91
194149,82
194176,94
194186,70
194663,63
194668,44
194671,74
194673,67
194679,82
194683,87
194686,69
194687,71
194691,86
194697,88
194710,53
194711,42
194712,32
194713,28
194714,38
194719,52
194723,64
194725,47
194726,75
194765,32
194785,75
194804,88
194826,35
194836,38
194869,65
194879,71
194888,75
194897,70
194905,41
194940,29
194950,32
194956,33
194991,32
195057,82
195100,60
195110,50
195576,42
195595,73
195695,63
195782,80
195801,74
195849,81
195869,66
195879,88
195884,49
195925,32
195938,77
195948,72
196211,65
196391,44
196418,42
196711,67
196721,64
196732,66
196735,85
196739,79
196740,78
196765,98
196785,60
196789,90
196791,68
196797,74
196799,68
196801,58
196803,52
196808,58
196811,87
196813,82
196815,58
196829,75
196841,95
196842,88
196853,73
196854,66
196856,67
196859,76
196863,75
196867,76
196871,74
196874,62
196875,86
196882,60
196888,59
196891,60
196894,49
196896,30
196908,62
196909,87
196913,64
196932,28
196953,85
196955,65
196957,70
197020,75
197057,57
197064,77
197080,69
197165,64
197171,84
197200,78
197202,62
197216,46
197453,64
197470,77
197557,78
197587,78
197687,54
197781,57
197784,60
197816,91
197826,65
197864,45
197893,47
197896,33
197906,68
197911,38
197912,50
197924,65
198236,80
198240,40
198241,39
198245,38
198248,38
198250,36
198335,34
198384,40
198385,46
198399,30
198420,58
198437,47
198481,37
198762,30
198763,57
198802,62
198805,82
198809,43
198834,77
198844,83
198864,34
198866,32
198871,33
198891,61
198926,80
198932,84
198977,66
199030,90
199077,80
199086,70
199125,29
199186,55
199203,78
199207,87
199211,80
199218,60
199220,99
199238,28
199549,65
199589,66
199619,67
199628,64
199695,35
199732,64
199762,72
199801,69
199889,77
199929,78
200005,68
200285,94
200436,41
200443,29
200462,57
200484,35
200485,62
200504,40
200505,41
200508,35
200584,37
200585,34
200586,71
200657,45
200666,49
200671,76
200688,70
200691,52
200694,57
200697,54
200699,65
200700,48
200705,58
200707,54
200710,59
200714,58
200716,48
200727,49
200730,49
200739,54
200743,44
200744,70
200749,43
200750,43
200751,47
200752,46
200755,44
200758,41
200766,41
200767,51
200771,40
200776,68
200782,69
200792,71
200865,70
200909,68
201037,87
201054,54
201279,68
201290,34
201292,47
201297,74
201303,36
201304,34
201305,44
201306,72
201311,61
201318,43
201321,35
201331,43
201361,38
201364,50
201370,46
201375,45
201406,44
201417,38
201437,42
201447,53
201448,35
201458,54
201464,78
201467,36
201471,42
201479,42
201480,40
201494,40
201496,44
201514,51
201542,61
201560,63
201565,35
201568,54
201587,35
201592,45
201603,75
201611,49
201617,39
201622,64
201642,59
201644,70
201659,60
201667,61
201668,84
201689,80
201710,69
201724,61
201728,36
201732,54
201733,61
201767,79
201770,62
201779,54
201780,60
201788,64
202027,67
202050,65
202073,59
202099,62
202110,48
202126,37
202133,60
202136,41
202137,34
202138,58
202153,59
202161,68
202164,61
202166,36
202168,78
202182,61
202187,36
202209,33
202211,75
202220,54
202223,56
202224,68
202245,34
202246,52
202255,49
202257,37
202258,34
202261,37
202267,34
202270,59
202278,93
202287,75
202302,58
202311,57
202319,65
202323,74
202335,57
202366,55
202384,56
202388,82
202393,57
202440,56
202484,55
202527,57
202553,90
202563,68
202619,53
202680,41
202694,71
202697,53
202810,70
203051,54
203053,40
203054,45
203055,67
203059,80
203060,41
203064,40
203065,73
203071,59
203074,80
203087,70
203091,37
203097,38
203113,66
203116,53
203127,53
203128,62
203129,39
203136,66
203140,64
203143,51
203146,42
203158,48
203159,38
203160,44
203161,84
203162,45
203164,45
203166,41
203167,45
203168,66
203169,50
203170,75
203171,36
203174,46
203175,43
203178,35
203179,46
203180,65
203188,54
203190,70
203193,55
203195,36
203198,66
203199,41
203204,39
203205,59
203208,42
203209,38
203210,35
203212,64
203215,66
203220,36
203221,39
203223,37
203224,83
203240,35
203241,82
203257,34
203258,32
203259,36
203263,38
203269,36
203271,49
203276,42
203280,35
203282,34
203283,63
203289,43
203294,61
203306,65
203326,62
203330,62
203333,62
203335,59
203337,60
203339,60
203343,61
203348,60
203356,59
203358,65
203360,64
203363,60
203370,63
203372,60
203378,65
203381,62
203383,60
203404,35
203418,46
203424,61
203433,59
203434,64
203437,36
203445,39
203450,60
203465,62
203494,60
203500,34
203502,65
203517,58
203520,61
203527,62
203538,61
203791,42
203793,36
203798,82
203802,45
203807,47
203810,65
203811,71
203829,33
203830,57
203831,66
203832,35
203838,58
203842,34
203847,39
203863,60
203869,42
203873,56
203877,79
203885,68
203888,33
203903,38
203909,59
203913,61
203914,44
203918,58
203929,55
203932,47
203936,57
203985,62
203998,39
204002,37
204007,47
204017,60
204028,37
204038,66
204044,79
204088,56
204114,63
204132,57
204149,57
204175,58
204184,58
204193,63
204202,58
204250,57
204283,44
204284,56
204292,78
204311,61
204392,83
204400,31
204581,47
204600,65
204608,79
204613,46
204678,78
204684,58
204685,55
204702,91
204738,78
204740,31
204757,65
204767,85
204773,36
204793,34
204814,40
205054,63
205072,64
205083,73
205089,51
205091,47
205093,56
205095,60
205102,35
205107,40
205110,44
205111,44
205113,58
205120,42
205127,48
205151,39
205166,63
205167,48
205170,65
205171,59
205173,68
205175,46
205176,49
205178,73
205180,45
205181,68
205188,35
205191,39
205195,57
205206,43
205207,47
205210,41
205212,57
205213,62
205214,44
205221,56
205224,46
205226,70
205227,49
205228,41
205229,57
205231,56
205238,62
205240,45
205246,36
205248,46
205251,54
205256,78
205257,42
205286,47
205289,41
205293,77
205298,40
205313,62
205341,60
205369,50
205378,62
205385,48
205386,63
205419,61
205429,68
205434,52
205446,39
205448,61
205451,68
205459,82
205461,78
205472,35
205480,43
205483,57
205489,38
205490,57
205501,36
205525,62
205534,66
205542,72
205550,61
205554,75
205797,36
205804,64
205821,64
205833,44
205836,58
205843,39
205855,79
205861,47
205873,59
205874,58
205882,50
205886,53
205888,34
205892,93
205897,41
205898,39
205899,74
205903,36
205907,33
205913,32
205919,60
205928,59
205937,57
205941,53
205948,33
205953,36
205971,67
205977,43
205984,62
206002,59
206012,69
206013,51
206020,60
206023,54
206025,71
206027,68
206029,80
206030,57
206032,40
206038,34
206041,62
206063,47
206090,41
206106,57
206114,61
206120,57
206171,57
206204,60
206212,60
206243,60
206270,63
206301,81
206405,55
206413,57
206421,70
206422,64
206457,66
206465,76
206491,63
206512,52
206532,85
206642,80
206685,84
206695,71
206708,48
206714,84
206779,76
206808,84
207077,40
207088,78
207102,53
207115,81
207137,49
207140,58
207143,53
207146,64
207147,42
207148,64
207150,38
207151,50
207152,61
207153,62
207156,71
207157,41
207160,54
207161,38
207162,41
207163,60
207164,41
207165,36
207169,36
207170,35
207171,53
207172,42
207178,36
207179,37
207180,49
207181,45
207182,37
207183,46
207185,37
207188,34
207191,35
207192,34
207194,44
207195,32
207196,32
207202,51
207203,43
207207,66
207216,58
207228,57
207229,41
207235,40
207238,48
207246,41
207250,83
207252,63
207258,72
207262,57
207263,35
207266,59
207267,67
207269,58
207294,52
207304,70
207313,40
207339,61
207344,72
207345,34
207358,34
207366,65
207381,61
207390,61
207401,39
207406,43
207408,62
207410,77
207413,66
207418,62
207427,50
207428,64
207480,61
207485,56
207510,49
207535,48
207822,44
207823,36
207831,57
207834,58
207838,41
207847,59
207883,61
207892,59
207910,59
207937,55
207950,63
207978,59
207987,45
207999,36
208012,33
208022,59
208031,58
208036,34
208077,58
208083,58
208091,55
208109,80
208118,59
208126,57
208166,46
208174,63
208184,57
208276,80
208282,59
208318,45
208327,67
208355,83
208371,69
208387,60
208430,69
208436,55
208437,48
208494,74
208523,59
208591,99
208620,52
208636,55
208640,82
208644,66
208739,45
208792,55
208871,70
209145,45
209245,69
209303,82
209311,80
209319,78
209328,91
209336,74
209367,52
209381,81
209402,43
209407,63
209412,56
209415,63
209423,62
209432,47
209435,54
209438,80
209445,36
209446,47
209451,48
209453,38
209455,71
209459,34
209462,66
209463,47
209464,66
209466,68
209467,64
209471,48
209473,79
209476,43
209478,90
209482,45
209484,60
209508,37
209511,63
209537,45
209538,39
209543,59
209544,61
209559,40
209573,34
209586,36
209593,61
209597,56
209608,63
209886,74
209889,39
209890,65
209894,35
209915,60
209956,59
210008,58
210009,43
210012,93
210069,59
210076,61
210092,58
210099,32
210110,60
210114,35
210115,35
210127,64
210128,48
210130,42
210132,37
210151,34
210153,96
210198,57
210215,57
210222,84
210224,57
210277,30
210282,57
210310,59
210329,56
210356,64
210363,60
210364,57
210372,82
210484,76
210533,60
210556,62
210561,77
210563,103
210614,70
210635,70
210642,73
210669,65
210675,52
210690,41
210707,93
210718,47
210743,59
210746,58
210772,55
210857,50
210875,82
210887,86
211201,70
211215,70
211227,52
211237,73
211287,59
211291,47
211293,36
211294,58
211296,40
211298,53
211305,37
211312,39
211314,40
211317,78
211344,79
211345,36
211359,68
211384,72
211413,65
211420,96
211427,85
211450,56
211455,36
211458,36
211484,60
211489,38
211503,70
211542,60
211549,47
211582,51
211584,59
211585,61
211593,61
211602,45
211608,49
211622,37
211627,60
211635,62
211639,50
211644,62
211653,70
211671,62
211690,62
212025,65
212034,59
212051,58
212071,60
212075,57
212083,53
212087,47
212091,59
212128,58
212138,61
212163,47
212174,83
212219,58
212236,57
212260,56
212369,53
212383,64
212390,58
212420,50
212437,58
212467,66
212477,87
212492,54
212515,69
212542,65
212599,65
212602,61
212606,29
212746,35
212754,73
212762,59
212770,39
212795,40
212796,66
212804,57
212809,46
212841,63
212844,65
212874,39
212881,37
212913,47
212927,40
212948,40
212950,42
212953,67
212954,43
212972,77
212981,64
213250,69
213264,70
213275,56
213287,66
213294,53
213298,75
213314,46
213323,89
213347,77
213352,31
213371,55
213402,56
213405,39
213430,42
213439,46
213491,60
213498,80
213500,61
213508,62
213510,49
213513,63
213515,61
213520,81
213521,52
213526,62
213528,61
213531,61
213537,64
213538,68
213539,78
213540,62
213542,63
213554,64
213557,62
213572,45
213575,62
213577,72
213581,68
213588,61
213590,60
213592,61
213597,61
213599,63
213605,62
213612,62
213619,62
213623,62
213626,62
213629,62
213633,61
213642,61
213646,34
213655,81
213656,40
213660,64
213661,39
213666,40
213673,76
213683,31
213684,45
213690,81
213694,68
213699,40
213723,40
213729,34
213733,57
213736,34
213738,66
213740,46
213752,35
213755,59
213757,61
213762,56
214264,57
214282,57
214316,59
214327,38
214341,31
214368,59
214430,57
214489,63
214504,56
214507,42
214579,60
214612,68
214619,67
214628,81
214631,46
214714,91
214721,78
214731,76
214808,37
214857,63
214925,84
214932,34
214943,50
214966,67
214973,65
214988,53
214991,87
214993,35
214999,38
215010,69
215016,42
215059,66
215088,67
215132,96
215182,71
215287,37
215541,63
215544,62
215552,62
215565,64
215571,64
215574,61
215578,62
215580,65
215585,62
215587,79
215588,64
215596,83
215600,61
215606,62
215607,60
215618,71
215632,41
215640,40
215642,53
215652,61
215654,74
215659,62
215669,62
215672,62
215678,64
215680,63
215683,60
215685,64
215687,62
215692,51
215708,64
215710,62
215714,61
215725,66
215727,63
215731,62
215733,61
215735,61
215756,64
215763,88
215767,61
215770,62
215773,61
215775,60
215777,62
215793,62
215801,62
215805,62
216276,36
216291,36
216294,79
216297,34
216302,70
216315,47
216325,57
216332,57
216349,56
216364,60
216372,61
216376,56
216379,29
216429,29
216456,68
216458,56
216484,56
216510,67
216532,57
216556,59
216561,74
216574,61
216590,59
216599,29
216607,81
216612,50
216678,75
216694,56
216710,71
216713,74
216716,70
216722,66
216729,80
216747,67
216754,30
216797,39
216808,65
216837,59
216842,61
216850,47
216852,39
216855,62
216861,35
216864,41
216866,38
216872,41
216882,41
216884,38
216889,30
216894,35
216901,49
216941,39
216950,58
216997,40
217014,64
217018,64
217040,66
217042,38
217047,65
217049,36
217138,66
217148,61
217164,74
217244,80
217256,32
217275,38
217284,64
217321,54
217590,30
217601,45
217603,80
217615,59
217623,57
217626,41
217627,51
217630,77
217631,62
217632,67
217633,35
217638,65
217640,79
217644,43
217646,62
217647,74
217648,38
217657,81
217661,64
217666,74
217669,53
217681,65
217684,62
217687,63
217689,60
217698,65
217700,75
217703,63
217711,62
217712,81
217718,62
217723,63
217725,75
217730,62
217748,62
217753,62
217767,63
217772,65
217774,63
217777,65
217788,61
217792,64
217798,62
217803,62
217811,67
217820,62
218296,33
218308,36
218319,56
218339,56
218357,61
218379,57
218383,59
218412,33
218415,35
218422,57
218445,91
218459,33
218467,68
218483,61
218491,57
218503,29
218514,35
218519,33
218520,59
218527,54
218533,55
218536,44
218540,67
218557,58
218600,29
218631,75
218664,73
218671,64
218721,71
218767,78
218768,59
218775,58
218797,82
218814,66
218821,32
218825,72
218837,60
218838,44
218839,39
218850,38
218858,36
218860,41
218865,37
218866,35
218875,59
218884,35
218887,36
218890,78
218900,64
218912,45
218928,38
218930,41
218937,46
218960,80
218982,32
219015,35
219036,50
219038,63
219048,35
219053,35
219058,45
219059,34
219066,35
219096,69
219106,66
219126,65
219145,80
219148,57
219174,60
219310,55
219573,40
219576,40
219578,44
219581,37
219582,47
219584,37
219586,50
219587,51
219588,36
219590,77
219594,36
219595,56
219603,46
219618,68
219624,37
219625,88
219628,33
219629,41
219631,66
219660,61
219663,77
219670,62
219680,94
219682,62
219683,81
219684,60
219695,80
219701,61
219703,65
219707,63
219715,55
219717,62
219726,61
219734,82
219738,70
219744,61
219746,58
219751,35
219760,37
219768,34
219771,59
219780,43
219781,75
219791,41
219808,61
219822,37
219826,62
220295,37
220297,56
220305,41
220306,63
220319,29
220343,57
220345,51
220353,56
220359,38
220362,32
220368,29
220379,57
220388,58
220389,42
220397,56
220407,57
220417,35
220419,78
220420,60
220421,62
220422,42
220424,45
220440,57
220454,57
220457,51
220475,49
220480,63
220510,57
220547,35
220550,34
220553,36
220561,61
220568,71
220600,89
220649,81
220661,77
220669,66
220726,55
220804,59
220829,97
220876,51
220926,46
220936,86
221007,41
221017,65
221032,54
221056,78
221058,77
221075,67
221093,35
221119,74
221136,69
221190,66
221239,60
221277,66
221592,66
221595,52
221604,39
221608,48
221622,42
221625,61
221626,52
221636,77
221638,58
221640,53
221645,45
221650,61
221679,39
221696,37
221700,59
221706,41
221712,34
221715,40
221718,78
221724,55
221726,51
221731,55
221737,58
221739,54
221745,62
221750,56
221752,51
221758,77
221759,40
221761,41
221762,62
221763,55
221764,39
221768,51
221773,39
221774,47
221775,35
221778,37
221779,36
221781,37
221782,37
221783,43
221784,31
221788,46
221789,67
221791,44
221792,62
221793,64
221796,45
221798,36
221799,43
221800,44
221805,39
221814,52
221815,41
221818,55
221825,38
221827,51
221830,43
221831,45
221833,52
221840,35
221845,58
221846,47
221860,46
222316,72
222337,67
222346,44
222351,57
222394,50
222396,36
222398,82
222405,55
222411,56
222420,35
222421,57
222425,88
222426,57
222430,32
222437,81
222451,58
222453,44
222456,64
222460,43
222461,40
222463,66
222467,40
222470,50
222472,35
222485,33
222497,53
222509,48
222521,45
222525,37
222527,41
222548,30
222577,86
222646,73
222654,68
222668,67
222699,75
222729,59
222755,88
222764,72
222782,66
222792,68
222802,73
222933,72
222942,82
222950,76
223051,79
223118,77
223129,67
223178,33
223189,70
223214,43
223224,54
223234,90
223267,70
223277,57
223297,87
223372,62
223605,41
223608,60
223612,42
223615,72
223618,63
223626,41
223631,61
223639,58
223670,65
223688,60
223700,39
223705,56
223712,40
223714,44
223734,57
223737,32
223746,64
223751,61
223754,33
223756,35
223760,51
223761,46
223762,64
223765,48
223766,43
223770,53
223774,34
223778,43
223781,52
223784,37
223785,63
223796,68
223797,56
223804,63
223805,49
223812,49
223813,60
223818,78
223821,62
223822,61
223826,63
223830,60
223832,35
223836,42
223839,50
223846,46
223847,49
223848,43
223849,51
223855,66
223907,60
223910,45
223918,61
223919,47
223920,58
223924,48
223927,59
223935,78
223940,44
223964,50
223967,58
223971,48
223975,60
223981,56
223982,45
224006,38
224011,39
224024,58
224031,61
224035,57
224042,50
224063,54
224065,58
224068,58
224073,31
224091,60
224346,75
224354,56
224368,46
224370,49
224371,91
224391,56
224398,60
224400,35
224452,71
224454,60
224462,56
224469,41
224480,57
224488,44
224509,60
224523,48
224527,82
224541,33
224549,47
224553,67
224562,59
224574,55
224578,58
224587,42
224589,43
224595,56
224615,73
224676,96
224685,76
224693,73
224710,54
224729,61
224744,59
224786,46
224806,34
224811,57
224818,76
224837,66
224851,33
224867,72
224877,77
224924,34
224934,41
224935,45
225036,36
225088,78
225101,58
225146,62
225163,66
225226,71
225228,69
225235,66
225241,54
225253,76
225278,62
225307,80
225352,59
225391,32
225392,71
225637,58
225655,42
225680,61
225686,63
225688,62
225692,40
225705,53
225721,35
225722,65
225723,50
225725,64
225736,51
225737,53
225739,52
225740,52
225741,53
225744,47
225747,54
225749,50
225753,45
225754,45
225758,57
225760,64
225761,41
225762,45
225763,46
225766,45
225769,54
225771,42
225772,38
225774,53
225776,37
225778,37
225779,42
225781,40
225782,55
225783,38
225785,64
225787,35
225789,39
225791,44
225792,34
225794,35
225796,38
225800,61
225802,46
225803,61
225805,32
225806,52
225807,47
225809,44
225812,78
225813,38
225816,35
225818,62
225822,79
225823,57
225828,66
225834,60
225838,81
225840,47
225842,54
225844,61
225845,47
225846,60
225848,39
225852,46
225859,69
225861,35
225873,60
225883,44
225908,46
225913,40
225918,62
225923,63
225927,37
225928,60
225935,54
225955,60
225968,64
226008,64
226015,59
226027,60
226030,67
226035,64
226377,81
226382,49
226383,41
226385,33
226387,58
226390,35
226403,63
226408,57
226434,57
226447,34
226448,34
226457,69
226458,42
226460,58
226461,58
226482,56
226483,48
226486,58
226493,87
226494,66
226497,33
226498,67
226499,54
226504,52
226506,58
226507,41
226508,43
226509,35
226510,43
226511,38
226514,36
226516,39
226531,64
226532,70
226536,35
226551,61
226554,59
226557,38
226564,58
226582,58
226583,48
226598,56
226669,56
226684,55
226690,57
226715,56
226723,66
226748,56
226802,57
226803,72
226813,37
226817,57
226848,55
226883,44
227000,45
227010,32
227108,77
227112,51
227126,41
227136,71
227163,61
227404,35
227415,54
227432,57
227482,49
227483,66
227493,36
227498,37
227502,36
227508,36
227517,59
227527,42
227529,82
227532,35
227539,44
227541,36
227542,36
227548,40
227554,41
227567,65
227574,58
227578,37
227579,43
227594,35
227597,88
227599,39
227601,33
227606,77
227612,72
227630,58
227634,39
227635,37
227660,37
227668,60
227677,61
227682,38
227683,36
227685,39
227695,44
227740,51
227746,61
227751,36
227779,59
227786,79
227790,67
227816,41
227818,46
227820,43
227837,58
227843,75
227844,35
227847,60
227855,53
227859,34
227864,43
227868,40
227880,35
227885,84
227890,47
228151,57
228154,45
228164,47
228185,53
228186,36
228189,33
228205,34
228234,42
228235,59
228241,33
228243,66
228245,59
228248,76
228255,58
228261,37
228262,66
228274,58
228285,56
228294,59
228298,34
228309,43
228312,50
228315,41
228331,55
228342,35
228365,58
228370,69
228373,60
228379,43
228423,44
228432,63
228449,59
228465,56
228474,60
228507,58
228516,56
228544,56
228571,56
228589,55
228612,80
228621,56
228641,56
228650,55
228889,71
228906,77
228937,34
228942,77
229105,78
229144,47
229146,70
229390,63
229393,60
229402,34
229422,65
229425,79
229426,69
229465,34
229466,41
229469,45
229482,70
229496,62
229497,36
229501,46
229502,48
229509,48
229513,68
229522,61
229538,30
229611,43
229616,48
229634,38
229650,39
229654,55
229665,46
229669,76
229688,62
229704,60
229705,58
229719,59
229738,43
229772,60
229791,60
229801,61
229825,49
230151,39
230170,60
230173,64
230174,58
230201,40
230211,58
230213,38
230216,62
230225,50
230228,60
230257,35
230261,79
230267,61
230307,55
230317,39
230322,49
230343,59
230348,62
230351,33
230352,56
230368,59
230378,33
230383,69
230387,59
230389,34
230392,30
230396,52
230405,56
230425,56
230443,52
230465,56
230475,57
230485,56
230495,58
230510,66
230517,55
230538,69
230546,56
230554,56
230558,87
230571,57
230586,56
230606,87
230626,56
230646,57
230655,57
230661,66
230915,63
230972,53
230975,79
231056,76
231065,59
231145,72
231164,51
231401,53
231403,48
231407,58
231414,45
231420,40
231421,76
231445,72
231465,56
231477,57
231483,58
231490,44
231507,35
231539,53
231549,55
231550,90
231554,38
231557,65
231584,75
231628,35
231641,45
231656,73
231658,70
231663,45
231666,69
231669,47
231670,47
231674,34
231675,35
231677,61
231680,41
231683,75
231685,61
231714,62
231719,60
231730,31
231740,37
231744,62
231745,66
231748,30
231753,35
231756,86
231761,68
231763,82
231778,60
231793,47
231794,62
231795,48
231811,67
231818,83
231840,60
231848,35
231868,61
231890,35
232141,59
232171,34
232172,62
232173,49
232177,43
232183,51
232189,59
232195,33
232200,43
232215,63
232218,55
232222,29
232225,34
232240,59
232262,36
232267,29
232279,43
232283,63
232287,56
232312,59
232322,62
232328,34
232336,53
232339,66
232340,60
232342,41
232343,52
232351,65
232354,29
232356,70
232361,50
232364,63
232365,33
232366,59
232367,45
232373,35
232376,36
232377,34
232379,33
232384,57
232438,45
232445,56
232455,55
232469,74
232474,58
232524,64
232529,59
232573,52
232584,38
232621,57
232625,48
232631,82
232633,67
233123,77
233124,73
233134,79
233148,79
233158,78
233160,91
233162,65
233167,89
233169,52
233173,51
233174,49
233192,45
233193,43
233195,42
233197,42
233214,78
233219,79
233228,48
233233,70
233241,79
233245,84
233249,65
233251,63
233260,67
233264,81
233267,64
233269,77
233288,78
233290,63
233291,55
233292,65
233298,79
233305,83
233306,56
233307,66
233312,76
233314,73
233315,64
233317,78
233319,83
233321,65
233332,80
233338,78
233350,73
233352,57
233355,67
233363,75
233379,79
233383,78
233386,68
233396,50
233397,43
233398,77
233402,68
233405,42
233406,65
233410,67
233413,68
233416,70
233418,67
233421,68
233423,66
233424,66
233426,69
233442,69
233446,65
233448,67
233454,81
233456,69
233458,65
233466,66
233472,58
233474,70
233477,64
233479,74
233482,45
233484,73
233485,79
233487,66
233494,63
233498,72
233502,83
233506,70
233508,65
233517,78
233518,65
233526,70
233527,76
233528,71
233536,68
233537,74
233539,68
233552,71
233566,76
233571,63
233572,71
233577,63
233579,74
233583,67
233585,65
233588,63
233594,66
233595,44
233597,75
233599,69
233605,81
233607,80
233609,73
233616,77
233622,53
233634,61
234835,49
234837,80
234862,79
234876,55
234878,49
234881,78
234894,63
234896,73
234902,71
234904,77
234905,85
234910,75
234915,80
234920,75
234922,69
234931,80
234935,71
234943,74
234947,66
234948,66
234951,87
234952,53
234965,73
234967,82
234974,76
234987,71
234991,72
234993,66
234994,62
234995,77
234997,78
235004,82
235009,83
235013,70
235017,83
235020,78
235021,66
235024,39
235029,65
235033,60
235034,55
235035,59
235036,71
235039,63
235043,82
235046,65
235063,76
235066,47
235070,79
235085,69
235087,72
235093,58
235094,65
235103,62
235115,72
235121,76
235125,75
235135,73
235137,72
235139,64
235141,84
235144,66
235146,78
235153,65
235162,65
235166,74
235169,81
235171,78
235175,66
235177,62
235185,78
235187,66
235195,65
235197,63
235202,72
235207,77
235213,72
235215,86
235222,62
235224,69
235226,79
235236,65
235242,68
235246,75
235249,74
235260,65
235264,79
235266,63
235268,64
235271,65
235275,66
235277,66
235279,65
235281,69
235285,66
235293,77
235295,64
235297,81
235301,74
235303,63
236671,88
236673,68
236680,84
236703,72
236712,51
236727,80
236749,55
236794,78
236801,61
236841,52
236898,56
236925,48
236955,53
236959,71
236966,47
236973,45
236975,60
236983,44
236990,74
236994,54
237001,92
237004,67
237011,75
237017,68
237023,75
237025,69
237027,71
237033,76
237042,69
237044,68
237046,69
237058,77
237070,76
237072,70
237075,65
237078,68
237080,78
237094,74
237096,62
237099,81
237106,73
237116,88
237126,74
237127,66
237128,70
237130,70
237133,80
237137,85
237142,80
237149,92
237157,58
237167,63
237171,64
237172,48
237182,85
237186,69
237195,80
237199,69
237214,76
238576,84
238582,76
238595,79
238611,76
238621,78
238623,76
238646,74
238648,96
238657,77
238663,73
238670,84
238673,66
238684,66
238689,67
238691,78
238733,75
238741,61
238761,78
238771,79
238776,78
238782,61
238788,65
238793,72
238800,67
238803,60
238819,72
238822,69
238828,64
238831,68
238841,70
238844,73
238857,77
238858,64
238859,64
238861,66
238867,65
238871,85
238878,94
238885,99
238899,71
238907,74
238930,74
238932,66
238949,67
238952,78
238955,67
238959,84
238961,84
238964,79
238967,63
238969,47
238972,71
238980,67
238983,79
238990,69
238996,93
239009,87
239011,86
239020,64
239022,79
239025,68
239040,68
239046,46
239047,66
239084,84
239090,80
239092,66
239099,63
239101,64
239120,72
239121,75
240477,67
240493,78
240499,70
240502,64
240506,78
240508,80
240517,70
240520,67
240523,71
240524,47
240525,70
240527,78
240535,77
240537,78
240541,70
240546,71
240551,71
240560,80
240561,66
240564,71
240572,71
240575,69
240579,79
240586,84
240588,80
240591,77
240593,88
240595,76
240605,81
240611,66
240620,48
240622,94
240631,78
240635,75
240637,53
240645,84
240651,78
240653,80
240659,66
240661,65
240667,75
240669,65
240670,76
240677,79
240679,94
240684,72
240694,74
240697,90
240703,81
240706,66
240709,53
240722,75
240732,76
240735,79
240736,60
240739,45
240743,73
240748,64
240750,63
240752,88
240754,64
240761,67
240766,76
240768,70
240791,76
240793,72
240795,79
240797,65
240801,86
240807,70
240809,66
240811,74
240817,88
240822,67
240827,66
240832,74
240834,71
240839,67
240844,63
240854,65
240859,64
240861,80
240865,78
240869,66
240872,81
240874,78
240884,69
240885,73
240886,79
240896,87
240898,65
240905,64
240910,84
240911,70
240912,71
240914,65
240919,76
240922,87
240931,70
240932,72
240935,70
240937,51
240942,67
240948,69
240952,67
240960,74
240964,90
240970,69
240972,66
240980,65
240987,77
240993,81
241009,61
241014,49
241015,79
241017,67
242619,64
242638,86
242644,85
242652,79
242658,48
242672,62
242679,76
242680,79
242686,71
242710,61
242733,56
242734,82
242755,97
242761,66
242766,65
242785,69
242787,75
242791,66
242794,67
242808,87
242812,78
242818,65
242822,98
242830,67
242839,76
242843,68
242848,68
242851,68
242856,32
242885,63
242889,70
242891,68
244493,75
244494,49
244514,84
244527,81
244534,63
244544,70
244559,48
244560,73
244562,68
244582,80
244587,67
244589,67
244591,54
244593,47
244596,75
244607,78
244625,72
244633,68
244637,68
244639,69
244641,66
244643,73
244646,69
244657,69
244664,84
244677,65
244680,67
244683,70
244687,69
244699,71
244725,80
244757,45
244771,52
246373,67
246375,68
246394,68
246396,58
246401,73
246404,81
246410,69
246416,75
246419,47
246435,72
246439,79
246464,66
246470,69
246482,83
246490,60
246511,93
246519,70
246521,76
246525,66
246530,70
246532,63
246534,73
246539,85
246542,66
246545,75
246546,89
246550,67
246556,76
246560,87
246562,68
246563,60
246564,79
246565,58
246568,69
246569,78
246576,66
246589,81
246593,64
246595,74
246610,93
246625,54
246635,46
248250,70
248251,61
248253,74
248256,45
248259,65
248265,72
248269,68
248278,70
248280,64
248283,51
248285,78
248287,65
248298,67
248301,75
248311,66
248315,64
248317,83
248319,86
248324,74
248331,85
248338,49
248348,74
248349,78
248357,65
248362,66
248368,65
248372,68
248375,69
248377,83
248391,74
248393,63
248395,71
248401,64
248423,75
248427,70
248431,74
248446,48
248447,62
248449,72
248451,84
248464,79
248465,63
248468,57
248471,66
248473,83
248479,64
248481,55
248498,74
248503,78
248508,57
248517,73
248519,71
248523,72
250113,84
250114,61
250120,64
250122,69
250125,73
250127,81
250129,68
250136,74
250138,67
250139,50
250141,67
250144,99
250150,68
250152,90
250154,72
250163,81
250167,67
250169,67
250176,75
250178,60
250182,66
250184,94
250187,83
250199,84
250211,67
250212,72
250213,69
250215,74
250217,74
250221,70
250223,69
250226,67
250229,77
250231,65
250234,64
250238,73
250240,88
250243,66
250245,76
250248,77
250250,70
250253,60
250257,70
250268,75
250276,69
250277,81
250278,70
250280,77
250283,83
250285,79
250287,65
250290,66
250292,82
250302,80
250305,75
250315,73
250320,76
250322,71
250324,80
250335,64
250340,54
250343,72
250349,78
250356,65
250357,87
250361,67
250364,76
250366,61
250375,60
250378,71
250380,76
250384,74
251982,51
251989,89
251994,70
252000,71
252002,66
252016,52
252021,75
252023,71
252029,78
252031,53
252038,71
252042,86
252066,79
252074,70
252076,81
252079,64
252085,64
252087,77
252092,87
252108,75
252117,78
252121,64
252122,67
252123,74
252125,73
252128,66
252130,70
252132,66
252135,72
252136,55
252139,86
252140,67
252144,65
252146,81
252147,78
252152,65
252160,71
252162,62
252189,38
252202,65
252204,71
252207,80
252209,77
252219,68
252221,65
252224,66
252228,66
252234,93
252236,83
253840,37
253843,68
253845,75
253847,65
253857,67
253859,78
253866,67
253870,67
253876,69
253894,45
253912,69
253922,48
253927,68
253931,49
253933,56
253948,71
253951,70
253952,65
253953,67
253954,71
253964,80
253975,76
253982,56
253983,72
253984,64
253986,81
253988,63
253989,63
253991,69
253995,68
254008,64
254009,74
254012,81
254019,52
254024,64
254031,80
254033,67
254049,81
254051,81
254064,66
254073,84
254076,73
254080,63
254087,48
254094,83
254096,73
254100,63
255701,74
255703,68
255707,83
255709,67
255712,67
255716,85
255721,80
255725,68
255727,77
255728,52
255731,69
255739,70
255741,68
255747,55
255749,65
255753,74
255755,65
255756,41
255761,68
255763,41
255768,67
255770,77
255771,70
255775,64
255779,74
255786,65
255787,77
255793,83
255797,64
255798,49
255802,66
255803,49
255806,63
255810,69
255814,64
255819,93
255825,73
255827,65
255829,78
255833,74
255839,67
255860,38
255871,52
255872,65
255878,68
255879,78
255881,79
255883,77
255891,67
255903,56
255916,85
255918,84
255924,67
255925,64
255934,56
255938,72
255950,78
255953,68
255960,77
255963,71
256466,41
257329,66
257330,71
257331,79
257337,71
257338,79
257339,71
257344,67
257347,89
257351,67
257357,82
257368,72
257370,72
257380,68
257382,91
257389,66
257391,77
257395,77
257397,74
257399,56
257406,73
257408,64
257413,50
257418,68
257422,59
257424,74
257429,76
257435,65
257437,63
257441,64
257444,64
257446,79
257450,77
257459,75
257460,69
257461,54
257465,64
257469,74
257483,66
257486,65
257488,63
257490,67
257492,64
257494,74
257498,68
257500,63
257508,47
257515,70
257517,60
257526,64
257530,65
257532,65
257534,70
257538,65
257540,70
257551,75
257552,94
257557,73
257561,69
257563,82
257568,68
257572,85
257575,87
257576,75
257579,65
257580,51
257590,92
257594,74
257595,46
259191,75
259193,71
259201,63
259220,66
259223,78
259227,69
259233,86
259239,86
259256,73
259258,76
259259,63
259266,73
259284,69
259295,67
259305,72
259307,68
259309,67
259311,68
259315,76
259326,70
259329,85
259342,72
259353,65
259356,95
259363,71
259368,78
259372,69
259381,65
259385,73
259392,67
259400,72
259401,49
259404,77
259407,88
259411,67
259427,75
259429,70
259444,79
259455,82
259472,65
259477,64
259485,73
259493,73
259501,72
259502,46
259510,64
259514,68
259516,67
259524,34
259529,81
259539,73
259541,66
259543,87
259547,70
259550,79
259565,64
259566,49
259567,72
259573,43
259589,64
261080,81
261088,51
261090,77
261095,50
261097,50
261098,75
261100,69
261101,89
261105,78
261108,78
261110,44
261116,82
261122,79
261134,64
261136,69
261139,65
261142,70
261162,73
261177,80
261181,65
261183,71
261188,68
261190,75
261192,97
261194,84
261197,55
261216,74
261222,65
261251,72
261255,62
261260,79
261272,71
261274,74
261297,65
261301,75
261307,63
261309,79
261310,58
261313,64
261315,82
261318,83
261320,86
261337,56
261338,76
261347,73
261378,82
261383,65
261394,75
261403,65
261411,78
261413,67
261416,68
266536,26
284821,31
301459,32
316512,61
324800,27
334456,43
348754,24
348759,24
348824,24
348948,24
350419,24
350499,24
352140,24
352640,27
354041,24
357907,26
359470,26
363439,29
365565,27
366495,24
366517,24
368382,24
368399,24
369201,27
369974,25
370038,24
370546,29
373343,24
373460,24
374286,27
375063,24
376814,27
378254,25
380831,26
382127,26
382668,36
383202,26
383255,25
386585,26
386693,25
386723,25
386851,25
386927,24
388445,25
390271,25
392232,25
393671,31
395815,25
395824,25
396788,26
397300,26
397761,26
397825,26
398499,28
398593,26
401337,23
402708,27
402720,26
402901,22
402903,24
403236,22
404629,22
404712,24
405158,23
405358,24
405361,23
406240,24
406950,23
408499,23
408584,23
408664,23
409874,23
409962,24
410155,24
410179,23
410216,23
410474,23
410667,25
410677,23
410682,24
410685,24
410796,23
411239,38
411615,46
411703,23
411729,22
411855,22
411901,24
411915,23
412050,23
412077,23
412269,23
412299,24
412477,23
412975,23
412996,24
413324,24
413453,23
413516,22
413532,21
413543,23
413614,22
413768,26
413776,24
413789,23
413845,23
414100,23
414152,23
415222,22
415268,22
415288,65
415458,25
415536,25
415848,23
415856,23
416127,28
416791,24
416807,23
416816,23
416824,24
417009,21
417047,23
417100,23
417125,22
417164,22
417408,23
417701,23
418282,41
418679,26
418736,22
418795,22
418840,23
418850,22
418881,22
418884,22
418916,22
419147,26
419253,23
419324,23
419334,23
419536,24
419590,24
419744,26
420631,22
420683,23
420692,25
420778,24
420987,23
420998,23
421019,23
421044,23
421092,23
421149,24
421922,27
422258,23
422265,22
422277,22
422291,22
422373,23
422409,23
422543,33
422620,25
422695,23
422775,24
423769,24
424013,22
424016,23
424030,22
424137,22
424148,22
424170,22
424364,25
424500,23
425208,26
425508,25
425717,23
425894,22
426194,23
426197,24
426325,23
426327,24
426354,23
426381,23
427165,24
427253,25
427345,24
427943,23
427982,23
427986,23
428005,23
428265,23
428355,22
428363,22
429214,23
429448,25
429590,23
429771,24
429798,23
430142,26
430854,23
431063,24
431367,23
431384,23
431462,24
431481,23
431518,23
431593,22
431739,22
432043,22
432088,22
432704,24
432738,24
433423,24
434103,24
434777,60
434785,54
434794,61
434824,32
434852,33
434872,29
434925,34
435234,65
435238,77
435247,48
435273,74
435283,49
435292,74
435299,42
435300,63
435303,77
435304,65
435307,66
435320,75
435321,80
435346,76
435350,74
435357,48
435373,69
435383,76
435393,77
435415,52
435426,80
435437,76
435439,78
435443,77
435444,71
435447,78
435454,66
435457,78
435459,67
435462,68
435463,83
435471,68
435473,69
435481,74
435717,25
435964,24
436035,22
436618,26
436957,25
437045,70
437051,86
437057,51
437065,68
437069,76
437080,67
437082,64
437084,63
437090,74
437100,72
437103,41
437107,73
437115,75
437119,77
437125,71
437127,62
437132,70
437133,58
437139,82
437142,81
437151,78
437156,73
437175,69
437178,64
437184,42
437186,63
437191,63
437192,77
437199,57
437205,64
437220,64
437222,80
437226,62
437227,41
437228,73
437240,65
437245,49
437249,47
437258,82
437260,80
437287,83
437324,23
437339,22
437381,22
437899,24
438545,26
438843,68
438844,69
438848,64
438849,64
438851,40
438853,88
438855,49
438865,72
438871,84
438873,65
438879,84
438881,54
438898,63
438901,49
438906,71
438908,77
438910,81
438922,72
438923,54
438931,71
438933,87
438936,42
438964,73
438975,61
438979,84
438983,67
438992,92
438997,79
439014,66
439036,72
439059,85
439060,82
439066,66
439072,66
439074,41
439080,74
439088,76
439093,65
439313,22
439557,24
439614,22
439630,22
439877,25
439968,32
440650,54
440712,75
440719,84
440725,76
440727,52
440732,66
440736,45
440744,52
440748,72
440750,63
440751,63
440757,81
440760,68
440763,47
440764,83
440772,64
440785,74
440788,66
440796,81
440800,55
440804,71
440809,56
440812,51
440814,66
440817,81
440826,90
440837,66
440842,80
440846,88
440847,62
440855,56
440868,78
440878,77
440888,62
440890,77
440895,73
440901,73
440988,40
441001,24
441166,23
441270,23
441442,24
441555,24
442054,26
442444,82
442448,50
442485,69
442493,81
442500,55
442509,77
442513,63
442522,77
442525,51
442526,48
442528,68
442531,66
442536,65
442541,81
442546,68
442551,75
442553,73
442561,78
442562,90
442563,72
442568,77
442570,54
442599,73
442601,55
442613,79
442620,86
442622,83
442624,78
442630,84
442635,78
442636,39
442637,50
442644,85
442645,86
442655,72
442657,68
442659,81
442674,57
442697,49
442700,53
442815,22
444274,85
444277,49
444282,66
444288,76
444304,69
444316,86
444323,83
444347,55
444352,67
444357,69
444364,77
444367,68
444380,65
444391,67
444403,61
444410,82
444428,89
444442,65
444446,63
444449,68
444451,57
444458,66
444477,76
444480,67
444490,65
444495,75
444496,71
444503,80
444504,64
444584,22
445118,22
445145,23
445158,22
445644,25
446085,22
446116,23
446189,23
446411,22
446728,55
446893,25
447490,24
447836,22
447870,23
448074,22
448176,22
448344,24
448967,26
449742,73
449834,22
450096,23
450145,24
450248,23
451215,26
451546,22
451565,22
451638,22
451642,23
451732,22
451755,25
452284,25
452370,24
452778,34
453388,23
453463,22
453472,23
453526,22
453695,46
453795,23
453809,23
454079,24
454537,26
455200,22
455256,22
455535,24
455753,25
456558,26
456670,73
456673,68
456682,74
456685,71
456690,62
456695,67
456700,63
456709,84
456715,78
456717,64
456726,76
456732,77
456738,65
456749,74
456755,71
456760,55
456765,71
456767,76
456776,79
456782,71
456786,66
456793,64
456796,83
456802,47
456809,62
456819,66
456824,47
456825,64
456829,42
456840,69
456852,68
456854,73
456858,71
456862,46
456866,83
456870,67
456874,75
456881,64
456883,43
456889,57
456904,66
456908,80
456909,70
456910,69
456918,67
457333,23
458523,78
458529,61
458532,69
458539,42
458540,64
458547,64
458548,54
458558,87
458560,82
458566,66
458575,68
458577,74
458580,78
458582,72
458595,64
458609,64
458613,86
458621,59
458626,70
458628,64
458630,64
458636,63
458638,70
458642,64
458644,62
458648,66
458655,64
458662,62
458665,65
458667,69
458669,65
458676,64
458678,68
458680,69
458687,66
458691,67
458698,81
458704,42
458861,22
459083,23
459843,26
460263,48
460287,72
460290,87
460292,67
460299,65
460310,49
460311,88
460316,63
460317,82
460320,71
460322,63
460329,73
460331,65
460336,72
460338,83
460341,55
460342,72
460345,64
460348,62
460352,64
460356,71
460358,74
460359,44
460362,72
460366,66
460369,74
460383,50
460388,90
460393,69
460395,70
460403,44
460408,58
460409,64
460415,82
460417,76
460422,76
460425,78
460431,66
460435,72
460436,57
460437,80
460439,66
460445,71
460447,56
460523,63
460535,85
460540,71
460542,75
460547,52
460554,84
460563,70
460566,79
460574,42
460576,74
460578,75
460579,59
460580,52
460581,66
460586,56
460601,80
460610,83
460614,86
460643,54
460645,65
460646,40
460670,83
460672,47
460692,62
460693,72
460701,52
460714,52
460721,52
460736,63
460742,75
460745,82
460754,64
460757,91
460760,85
460764,65
460767,50
460770,75
460803,52
460810,47
460831,83
460855,49
460858,58
460877,53
460887,51
460903,73
460905,52
460907,81
460966,58
460972,46
460998,49
460999,59
461016,43
461031,55
461033,66
461043,81
461077,65
461086,60
461092,63
461094,83
461122,81
461139,54
461149,77
461153,61
461169,56
461170,78
461193,81
461220,65
461231,66
461245,42
461257,39
461264,74
461266,65
461268,87
461270,64
461273,68
461299,65
461309,71
461310,45
461327,40
461330,48
461343,52
461353,50
461359,48
461362,45
461366,34
461377,42
461382,64
461386,51
461387,48
461388,60
461394,49
461407,57
461409,65
461416,45
461444,43
461463,52
461469,73
461484,78
461508,59
461522,72
461527,68
461533,51
461584,74
461586,72
461587,39
461589,61
461602,73
461606,53
461629,79
461648,80
461675,78
461677,68
461680,62
461685,64
461687,63
461689,61
461691,68
461703,59
461710,60
461716,91
461724,81
461726,74
461731,63
461773,78
461832,36
461841,32
461842,36
461863,38
461867,74
461870,44
461871,40
461873,35
461875,28
461877,75
461879,53
461880,80
461882,38
461883,77
461884,38
461888,54
461891,28
461892,97
461895,49
461897,61
461899,66
461900,44
461904,32
461905,40
461908,58
461933,59
461950,56
462019,54
462048,45
462053,32
462078,33
462100,58
462110,60
462112,35
462138,31
462143,37
462159,33
462166,40
462170,63
462194,30
462223,55
462227,35
462229,32
462233,34
462235,48
462237,44
462239,34
462244,35
462245,70
462247,61
462268,31
462296,32
462300,55
462309,51
462331,48
462420,29
462475,62
462610,49
462613,67
462617,72
462626,87
462633,64
462638,92
462643,71
462693,69
462701,74
462731,51
462733,71
462765,74
462769,55
462770,49
462774,73
462796,66
462800,54
462802,85
462825,82
462828,74
462837,61
462845,46
462899,83
462905,78
462911,54
462912,59
462915,48
462916,55
462954,76
462986,85
462987,86
463041,94
463043,61
463052,74
463085,65
463106,50
463131,41
463137,50
463141,55
463146,52
463151,42
463159,80
463161,59
463172,44
463174,68
463175,41
463190,64
463198,53
463260,56
463262,65
463272,44
463277,70
463283,74
463308,70
463325,68
463357,43
463364,63
463380,58
463384,78
463393,81
463394,78
463395,72
463403,91
463405,82
463407,64
463409,72
463412,80
463422,64
463472,98
463487,55
463488,67
463492,78
463512,81
463520,78
463527,63
463533,83
463542,65
463559,66
463571,82
463572,76
463575,76
463584,76
463585,63
463590,61
463595,89
463603,65
463623,70
463635,40
463640,37
463644,32
463650,89
463653,58
463658,35
463692,57
463754,38
463843,33
463846,67
463857,58
463874,54
463883,32
463892,32
463894,45
463905,44
463917,67
463923,36
463924,70
463935,67
463944,56
463963,32
463977,44
463992,49
464059,40
464076,31
464084,54
464100,56
464102,44
464109,54
464177,66
464252,55
464302,43
464336,49
464375,33
464422,22
464438,22
464487,22
464538,22
464545,23
464574,23
464587,22
464605,68
464618,47
464629,53
464632,71
464634,44
464635,65
464662,58
464663,52
464667,45
464674,41
464684,63
464699,43
464707,44
464743,71
464755,42
464776,51
464783,64
464791,63
464847,41
464863,42
464880,62
464961,49
464982,75
465007,57
465021,56
465067,36
465075,73
465098,50
465113,51
465118,71
465121,77
465126,41
465132,44
465160,54
465161,40
465162,43
465164,86
465167,70
465176,70
465199,64
465213,42
465220,56
465224,43
465232,85
465249,40
465259,41
465265,39
465287,41
465289,41
465300,44
465325,39
465334,43
465335,47
465352,55
465353,53
465357,72
465365,60
465391,44
465395,61
465406,75
465416,70
465422,62
465440,90
465442,68
465446,77
465458,62
465462,73
465466,57
465470,67
465472,72
465475,65
465476,72
465479,69
465486,82
465491,73
465492,73
465495,67
465496,70
465507,83
465512,62
465520,58
465522,80
465523,60
465529,71
465534,81
465538,70
465543,77
465553,90
465555,77
465559,73
465567,82
465575,66
465587,73
465609,65
465610,50
465617,78
465619,53
465623,86
465628,63
465630,79
465633,67
465637,66
465639,59
465650,84
465652,67
465656,64
465659,77
465689,64
465702,42
465705,34
465707,63
465761,34
465798,64
465819,36
465862,63
465883,37
465894,50
465905,62
465947,54
465968,54
465971,55
465999,45
466001,43
466022,27
466025,32
466026,32
466042,44
466046,49
466047,63
466048,36
466049,38
466051,44
466054,40
466055,31
466056,28
466061,64
466062,46
466079,61
466097,31
466104,53
466105,75
466116,68
466121,53
466127,72
466250,36
466264,33
466330,71
466337,55
466343,72
466416,33
466434,82
466484,22
466655,73
466676,72
466684,50
466699,62
466720,77
466730,65
466731,49
466760,48
466762,44
466768,54
466793,75
466796,53
466827,46
466831,33
466832,32
466896,65
466975,46
466987,78
467000,47
467014,67
467018,40
467037,50
467063,89
467070,84
467071,65
467133,58
467142,76
467161,54
467166,50
467168,67
467172,67
467179,48
467186,55
467189,43
467202,52
467203,59
467207,71
467217,80
467221,55
467222,55
467233,72
467242,62
467336,59
467442,66
467443,65
467445,64
467448,71
467451,66
467456,76
467463,65
467467,66
467469,67
467476,68
467478,99
467486,64
467491,65
467496,65
467498,64
467500,90
467503,68
467505,72
467511,66
467515,65
467523,74
467525,64
467526,63
467532,74
467534,70
467536,68
467539,64
467542,76
467545,69
467553,74
467557,67
467562,63
467566,62
467568,78
467570,79
467571,72
467578,62
467585,71
467587,63
467588,55
467589,64
467596,63
467601,82
467603,98
467605,64
467609,65
467611,83
467612,65
467620,81
467622,66
467623,85
467626,68
467628,63
467632,72
467640,67
467642,77
467646,62
467649,71
467675,69
467694,78
467705,70
467796,24
467851,57
467854,33
467863,45
467867,52
467868,56
467869,64
467871,52
467872,56
467876,32
467884,45
467930,55
467934,43
467948,69
467955,85
467957,47
467959,50
467964,57
467965,62
467967,34
467968,32
467969,34
467970,31
467971,31
467972,40
467973,67
467974,31
467975,32
467980,31
467981,32
467982,44
467983,72
467984,63
467986,75
467987,31
467991,59
467992,31
467993,31
467995,82
467997,94
467998,31
467999,34
468002,34
468053,32
468074,57
468077,66
468094,33
468098,52
468107,44
468122,35
468123,34
468124,35
468126,74
468139,33
468140,65
468182,32
468311,33
468324,34
468396,33
468406,75
468408,46
468413,33
468446,33
468471,22
468488,22
468538,22
468582,23
468587,22
468684,45
468691,45
468710,46
468713,46
468727,88
468730,46
468748,44
468751,49
468784,64
468801,41
468840,80
468845,71
468868,43
468879,77
468897,47
468904,78
468920,48
469172,58
469180,70
469198,46
469213,57
469215,35
469216,45
469223,46
469235,47
469239,53
469278,49
469305,88
469323,44
469327,48
469328,52
469331,66
469356,44
469361,41
469397,50
469410,57
469413,72
469416,72
469417,74
469418,45
469429,84
469434,68
469438,89
469440,62
469451,63
469453,64
469455,65
469457,59
469459,77
469460,82
469469,91
469473,74
469476,43
469489,53
469490,74
469491,61
469495,69
469496,67
469497,62
469499,65
469500,62
469501,62
469503,63
469506,82
469508,72
469510,62
469511,65
469525,72
469528,46
469530,84
469532,67
469535,82
469536,79
469537,61
469538,68
469540,64
469541,63
469544,66
469545,62
469546,73
469548,64
469555,72
469557,63
469564,80
469569,92
469570,69
469573,63
469576,61
469581,59
469582,55
469584,64
469586,66
469588,67
469590,67
469592,83
469593,64
469596,84
469597,67
469598,57
469599,82
469600,65
469601,62
469602,75
469604,82
469606,55
469607,67
469609,55
469611,54
469614,67
469615,82
469620,84
469621,65
469622,71
469623,63
469628,61
469629,80
469632,42
469633,77
469634,56
469635,73
469638,56
469640,83
469642,65
469643,75
469646,62
469648,80
469649,80
469650,61
469651,68
469653,82
469655,56
469660,71
469662,71
469663,88
469665,70
469667,68
469669,64
469671,73
469919,67
469920,63
469921,56
469931,62
469932,55
469936,81
469938,42
469948,55
469966,29
469989,54
470016,60
470031,60
470052,54
470053,27
470056,33
470057,50
470060,34
470061,27
470063,29
470064,62
470067,64
470071,38
470083,89
470086,59
470087,78
470088,56
470097,83
470098,31
470102,51
470109,34
470110,47
470111,62
470112,54
470113,32
470115,31
470117,32
470119,70
470121,64
470123,38
470144,41
470221,54
470224,58
470357,55
470425,23
470568,23
470594,22
470639,71
470641,72
470691,65
470698,56
470702,72
470718,46
470750,46
470806,77
470877,91
470948,47
470975,52
470983,100
470986,60
470991,44
471142,74
471144,67
471173,74
471186,45
471193,44
471238,72
471253,43
471307,64
471318,42
471330,59
471350,43
471381,61
471382,81
471383,67
471385,69
471386,77
471387,64
471388,61
471395,62
471397,62
471398,63
471405,69
471407,62
471408,68
471413,76
471417,53
471418,64
471420,67
471430,66
471432,64
471440,74
471444,72
471448,87
471453,63
471457,64
471466,70
471469,67
471472,42
471475,67
471479,64
471484,76
471486,65
471488,64
471491,48
471493,61
471497,63
471504,72
471506,65
471508,71
471510,59
471512,61
471514,45
471515,64
471517,85
471519,66
471530,66
471532,72
471533,65
471534,69
471540,66
471547,78
471561,63
471571,63
471572,64
471574,64
471584,69
471585,45
471588,65
471592,68
471594,71
471599,78
471602,56
471607,66
471618,69
471623,67
471627,67
471668,24
471855,56
471860,32
471870,32
471885,36
471890,40
471892,50
471896,63
471899,60
471900,77
471911,87
471937,63
471953,59
471972,65
472001,55
472004,33
472007,61
472021,58
472073,60
472320,65
472409,22
472445,22
472527,22
472598,86
472599,63
472601,65
472605,77
472608,70
472619,43
472623,62
472629,71
472630,53
472636,45
472638,45
472639,65
472642,61
472644,67
472646,62
472648,42
472658,63
472667,57
472689,61
472691,78
472693,68
472695,45
472696,61
472698,76
472699,74
472705,80
472709,63
472716,61
472723,69
472726,63
472730,88
472732,68
472737,76
472740,66
472745,68
472754,64
472759,70
472773,64
472775,66
472781,64
472786,52
472820,47
472823,65
472834,58
473075,41
473104,53
473111,42
473166,61
473178,47
473208,47
473213,45
473232,69
473233,76
473255,63
473271,73
473281,40
473329,67
473330,48
473341,55
473359,63
473373,63
473375,83
473380,65
473382,85
473391,61
473393,64
473395,67
473397,65
473405,51
473406,77
473415,63
473419,68
473421,66
473437,64
473444,67
473447,69
473454,71
473460,73
473466,74
473470,66
473472,71
473473,74
473482,63
473486,82
473487,90
473489,71
473499,76
473501,73
473504,71
473505,49
473510,62
473513,67
473531,62
473533,73
473542,76
473552,60
473554,55
473556,73
473558,78
473564,39
473573,64
473575,65
473621,23
473697,24
473803,51
473807,72
473809,39
473813,38
473841,58
473901,35
473911,50
473917,53
473921,27
473934,38
473936,44
473937,64
473942,35
473948,35
473964,57
473968,84
473973,37
473976,33
473977,33
473979,51
473982,63
473993,27
474037,55
474045,61
474048,75
474079,35
474240,28
474245,31
474449,22
474527,43
474529,85
474531,81
474536,73
474539,71
474544,78
474553,76
474556,71
474558,77
474559,77
474560,53
474562,65
474565,73
474568,66
474569,61
474578,71
474581,89
474588,84
474590,84
474592,69
474597,81
474619,71
474622,74
474626,77
474633,66
474652,79
474659,69
474662,58
474663,82
474664,82
474671,71
474686,90
474688,68
474694,42
474696,70
474705,78
474708,70
474711,51
474723,74
474725,69
474727,70
474729,58
474735,56
474740,48
474743,56
474744,48
474752,63
474754,61
474760,52
474761,77
474762,51
474768,74
474771,62
474778,73
474779,81
475007,64
475008,67
475029,44
475034,55
475038,76
475039,69
475042,67
475044,56
475056,77
475078,73
475089,71
475126,56
475132,49
475161,59
475165,58
475177,60
475179,89
475271,79
475274,63
475286,73
475288,65
475289,86
475291,48
475294,73
475305,87
475308,87
475325,72
475326,43
475333,77
475334,68
475339,73
475341,83
475345,88
475349,77
475369,81
475371,71
475377,68
475381,90
475385,91
475392,70
475397,50
475420,62
475423,76
475425,74
475434,72
475439,64
475440,88
475443,75
475447,71
475457,63
475458,67
475461,70
475463,66
475474,54
475481,78
475486,69
475489,49
475490,74
475494,68
475500,72
475505,82
475781,36
475819,58
475830,37
475835,55
475840,57
475842,46
475851,27
475863,32
475864,33
475875,31
475895,42
475953,56
475967,59
475997,56
476074,41
476088,34
476104,41
476121,37
476132,60
476133,45
476151,61
476167,56
476171,31
476185,32
476188,38
476308,22
476319,23
476355,22
476372,22
476399,23
476424,22
476446,73
476454,74
476455,49
476466,81
476469,75
476472,57
476481,88
476499,44
476502,63
476507,63
476509,61
476525,74
476526,65
476531,65
476543,65
476546,66
476547,62
476551,76
476566,49
476571,75
476573,69
476587,59
476593,91
476597,67
476608,63
476633,53
476641,77
476644,71
476645,47
476646,68
476658,64
476675,82
476681,77
476685,78
476689,93
476692,77
476693,70
476926,49
476927,46
476942,71
476963,80
476970,44
476984,40
477024,43
477025,75
477054,50
477066,98
477075,82
477081,50
477104,75
477113,72
477120,44
477149,86
477152,72
477158,41
477168,44
477186,78
477190,68
477192,60
477195,69
477200,40
477201,81
477203,65
477209,66
477211,79
477212,79
477217,77
477218,70
477226,65
477233,46
477238,66
477243,47
477244,86
477248,73
477259,79
477261,77
477265,69
477280,82
477297,84
477308,67
477313,57
477314,64
477320,73
477322,64
477325,70
477327,66
477331,80
477332,72
477341,55
477344,59
477349,73
477355,76
477374,59
477377,52
477385,70
477389,66
477394,70
477399,65
477403,66
477407,64
477409,70
477410,71
477419,61
477421,62
477431,82
477652,69
477653,60
477660,32
477663,31
477664,60
477665,31
477666,52
477667,65
477681,64
477734,60
477762,54
477784,36
477787,62
477788,33
477789,31
477790,31
477801,57
477816,41
477836,41
477844,31
477871,56
477878,36
477914,41
477971,32
477980,33
477982,31
477985,31
477988,31
477996,29
477997,30
478001,32
478004,43
478005,33
478006,40
478048,54
478065,43
478109,30
478111,70
478112,31
478121,59
478135,45
478136,59
478280,22
478294,22
478360,63
478376,66
478396,47
478417,64
478420,86
478432,68
478439,48
478451,94
478452,59
478453,81
478457,69
478471,68
478474,48
478480,64
478481,54
478495,39
478498,75
478502,82
478504,46
478513,86
478527,64
478533,64
478535,88
478537,66
478539,79
478541,80
478542,49
478543,61
478549,66
478551,74
478556,72
478567,62
478569,77
478585,74
478586,76
478599,73
478832,60
478856,83
478858,55
478874,47
478877,42
478904,78
478917,75
478947,65
478957,46
478965,84
478967,79
478970,71
478972,63
478977,75
478978,86
478987,67
479022,66
479042,52
479058,39
479091,50
479094,46
479097,67
479098,69
479100,74
479102,73
479109,70
479110,78
479113,63
479115,67
479119,75
479121,68
479123,65
479125,79
479131,66
479133,81
479138,65
479139,59
479150,68
479156,70
479173,50
479174,76
479178,85
479186,67
479188,63
479189,76
479192,62
479194,65
479203,78
479209,91
479211,72
479216,72
479220,66
479224,67
479225,63
479226,72
479230,65
479231,63
479249,47
479254,89
479256,50
479263,62
479281,70
479282,64
479284,77
479287,98
479292,75
479312,81
479315,70
479341,68
479344,64
479346,63
479348,67
479493,24
479566,44
479569,39
479570,32
479571,42
479574,30
479582,68
479614,40
479623,44
479627,32
479632,39
479633,41
479635,32
479640,80
479641,49
479660,33
479663,32
479664,37
479673,42
479684,38
479695,36
479705,65
479717,42
479718,50
479739,72
479785,42
479786,42
479796,55
479801,62
479803,44
479838,33
479856,32
479857,46
479860,74
479948,82
479964,32
480031,54
480071,41
480118,23
480165,23
480214,22
480296,65
480305,42
480315,43
480332,69
480334,66
480336,63
480338,62
480345,68
480360,73
480367,84
480371,96
480373,90
480394,82
480397,69
480398,54
480399,63
480401,63
480403,65
480416,71
480420,64
480424,94
480426,66
480436,64
480438,64
480440,63
480443,57
480447,84
480451,67
480455,82
480460,67
480462,67
480483,52
480498,68
480507,47
480511,47
480515,79
480528,47
480541,64
480772,79
480784,58
480798,52
480799,83
480813,78
480821,62
480835,47
480856,53
480875,47
480892,56
480908,60
480918,41
480931,49
480938,41
480945,62
480963,87
481010,50
481029,62
481040,43
481041,44
481049,78
481062,76
481063,77
481073,58
481091,42
481093,78
481100,71
481106,67
481112,41
481137,53
481144,44
481147,69
481170,40
481172,83
481180,69
481187,86
481198,78
481199,73
481204,65
481207,63
481213,65
481215,71
481227,66
481228,68
481230,81
481231,78
481234,51
481235,76
481243,58
481246,75
481248,65
481250,65
481252,77
481253,80
481255,52
481259,64
481262,81
481264,63
481265,83
481266,73
481268,63
481270,65
481280,83
481287,70
481338,24
481407,23
481584,44
481585,36
481586,63
481587,56
481595,59
481597,68
481610,36
481615,50
481617,72
481628,43
481646,58
481648,65
481652,34
481656,65
481680,41
481695,58
481696,39
481697,37
481702,36
481704,72
481706,31
481721,42
481731,40
481736,40
481738,46
481745,78
481749,57
481750,56
481751,49
481752,51
481776,35
481795,43
481855,36
481936,31
481951,43
481965,33
482063,22
482094,22
482117,23
482140,23
482194,22
482198,22
482209,22
482215,22
482230,85
482235,49
482237,73
482240,76
482243,78
482244,81
482249,76
482251,72
482259,71
482267,67
482271,72
482273,62
482281,67
482288,43
482292,90
482294,89
482310,40
482316,75
482319,71
482323,64
482339,80
482346,74
482355,72
482375,75
482382,60
482399,72
482405,85
482418,76
482419,44
482427,57
482428,77
482435,46
482441,73
482446,64
482448,82
482464,71
482718,76
482723,40
482743,54
482764,69
482766,38
482780,59
482793,40
482801,45
482802,52
482815,40
482816,63
482823,83
482839,56
482850,43
482851,74
482856,70
482863,72
482865,42
482867,96
482876,64
482889,49
482894,42
482899,52
482901,43
482910,43
482911,62
482923,50
482928,74
482941,74
482948,57
482971,71
482977,53
482979,49
482982,50
482999,82
483004,48
483017,81
483036,45
483040,41
483043,53
483053,49
483065,46
483082,69
483093,57
483097,69
483114,82
483129,80
483168,48
483176,68
483198,50
483201,59
483246,24
483283,24
483461,55
483462,41
483496,61
483514,55
483525,34
483531,34
483536,45
483557,54
483558,34
483577,51
483578,42
483621,44
483690,32
483785,28
483882,69
483896,52
483912,33
483919,32
483925,37
484071,22
484085,22
484104,23
484115,22
484148,22
484169,64
484171,80
484175,63
484179,65
484181,71
484187,63
484189,76
484193,68
484198,63
484203,62
484215,61
484219,70
484221,54
484222,42
484226,69
484228,73
484233,69
484235,80
484238,67
484239,53
484242,63
484244,67
484246,63
484247,47
484248,62
484250,64
484256,73
484263,64
484265,72
484271,54
484286,71
484291,67
484294,67
484299,69
484303,76
484305,61
484308,63
484310,69
484313,74
484317,69
484319,74
484321,77
484340,82
484349,80
484353,82
484355,77
484359,58
484363,71
484365,85
484367,72
484369,64
484371,69
484383,64
484387,71
484389,70
484397,40
484406,67
484639,46
484643,46
484649,42
484652,48
484668,66
484679,47
484688,43
484705,47
484745,82
484746,48
484751,65
484788,75
484789,47
484794,43
484814,44
484829,42
484848,54
484906,78
484911,49
484915,78
484929,71
484935,39
484940,42
484954,79
484959,74
484979,40
484994,59
485009,45
485012,41
485013,32
485028,42
485030,33
485047,62
485075,48
485081,43
485102,47
485107,73
485133,46
485405,39
485408,57
485443,39
485488,48
485494,43
485520,31
485524,57
485538,52
485555,54
485615,31
485616,68
485617,55
485620,36
485624,79
485663,48
485669,34
485708,55
485724,47
485727,32
485729,61
485734,48
485736,48
485743,53
485822,53
485832,40
485844,43
485857,31
485860,33
485871,23
485990,22
486305,70
486310,50
486325,72
486338,78
486339,76
486345,69
486357,51
486363,55
486386,54
486387,48
486388,51
486389,54
486404,35
486413,43
486574,45
486576,70
486583,47
486586,45
486597,44
486619,40
486648,32
486655,48
486656,54
486657,43
486673,76
486690,38
486720,48
486726,88
486738,71
486753,80
486765,50
486772,76
486802,44
486861,24
486953,24
487032,36
487075,68
487098,43
487160,62
487163,39
487170,69
487215,71
487269,34
487270,36
487275,62
487297,39
487298,40
487308,68
487318,31
487352,52
487365,34
487368,60
487370,68
487393,54
487400,60
487432,54
487457,60
487466,54
487479,34
487491,54
487504,56
487506,30
487515,34
487519,50
488198,49
488219,43
488221,45
488222,45
488225,43
488241,41
488268,50
488280,77
488282,50
488283,45
488286,39
488295,57
488299,78
488319,78
488322,45
488334,47
488361,61
488370,43
488375,40
488397,79
488399,51
488401,55
488406,92
488411,40
488423,41
488437,57
488481,56
488485,44
488507,47
488528,47
488531,45
488545,69
488559,85
488561,47
488564,66
488569,40
488578,89
488592,47
488596,53
488600,45
488603,92
488605,68
488608,46
488618,78
488626,55
488630,77
488635,60
488637,52
488672,59
488677,46
488690,78
488813,24
488856,24
488934,40
488938,69
488940,31
488947,43
488952,32
488963,34
488967,54
488971,36
488984,32
488985,64
488995,34
489008,43
489042,40
489050,64
489071,32
489119,39
489163,31
489168,64
489170,40
489176,32
489189,54
489195,67
489199,34
489203,33
489273,57
489322,62
489341,56
489466,29
489519,51
489605,64
489625,51
489813,22
490118,53
490121,58
490123,67
490125,53
490126,59
490129,63
490135,74
490138,67
490154,67
490169,44
490172,74
490174,45
490179,43
490181,53
490185,44
490202,67
490227,42
490234,75
490247,41
490268,67
490276,73
490291,78
490294,51
490299,78
490302,84
490336,41
490372,73
490373,77
490393,44
490420,53
490440,72
490491,61
490504,69
490520,65
490534,47
490535,43
490563,78
490594,54
490603,49
490653,77
490667,88
490675,33
490680,36
490723,67
490846,44
490881,45
490885,56
490886,64
490912,46
490928,32
490970,33
490991,36
490996,31
490998,50
491049,76
491050,38
491054,63
491073,50
491076,55
491083,35
491088,35
491091,39
491120,52
491144,35
491150,71
491151,30
491162,35
491167,35
491177,46
491186,31
491200,59
491210,48
491217,33
491230,83
491240,32
491270,58
491271,60
491286,61
491297,53
491320,44
491327,68
491339,60
491347,31
491350,51
491405,32
491473,50
491494,36
491504,46
491628,34
491912,23
492075,60
492079,63
492112,75
492131,31
492135,71
492142,28
492144,62
492159,31
492171,72
492178,54
492193,49
492198,32
492204,56
492208,50
492215,54
492272,52
492282,38
492321,41
492327,36
492354,42
492356,52
492367,55
492376,43
492392,69
492396,62
492401,47
492405,49
492411,59
492412,36
492463,55
492467,55
492487,72
492529,48
492864,63
492909,41
492932,54
492935,77
492936,66
492937,55
492938,38
492940,34
493009,62
493014,43
493146,60
493213,33
493249,31
493250,58
493473,31
493479,30
493677,37
493771,40
493879,76
493943,33
493952,83
493957,66
493989,36
493991,57
494015,40
494036,46
494061,36
494154,26
494217,47
494242,71
494246,83
494260,32
494279,33
494280,55
494287,55
494288,58
494294,51
494301,59
494305,34
494309,30
494318,72
494334,90
494339,40
494836,75
495009,84
495077,56
495123,75
495174,57
495309,43
495411,70
495459,36
495460,66
495623,41
495636,39
495660,40
495661,70
495675,51
495714,79
495718,64
495737,56
495741,34
495762,34
495766,50
495771,32
495851,54
495863,27
495866,61
495868,68
495870,69
495881,60
495883,56
495884,41
495907,32
495922,64
495928,40
495978,56
495996,33
495997,30
496035,50
496040,57
496042,53
496051,41
496060,59
496105,60
496124,70
496147,76
496162,58
496190,57
496271,74
496297,34
496300,30
496330,66
496336,39
496936,65
496947,30
496960,74
497018,74
497020,89
497163,33
497164,35
497166,32
497268,33
497493,32
497528,69
497535,52
497536,48
497583,37
497683,54
497768,66
497779,63
497792,46
497794,43
497798,59
497812,58
497825,52
497856,44
497859,62
497884,42
497901,48
497908,41
497922,60
497947,35
497951,68
497955,56
497980,59
497987,53
497989,44
498022,73
498058,39
498098,45
498104,55
498118,45
498119,41
498122,53
498125,32
498151,47
498157,30
498160,49
498169,69
498170,83
498214,58
498221,60
498226,55
498229,60
498230,71
498231,35
498233,30
498236,60
498267,52
498290,55
498305,82
498318,50
498340,42
498345,48
498354,32
498357,71
498361,36
498884,72
499056,64
499070,37
499131,62
499236,56
499331,35
499949,81
500074,63
500142,42
500150,56
500168,36
500186,59
500200,56
500204,66
500218,37
500256,30
500258,56
500263,32
500264,53
500266,63
500274,71
500276,62
500322,32
500360,63
500367,62
500368,66
500374,76
500418,39
500674,22
500876,49
500944,70
501009,36
501094,42
501108,70
501268,57
501461,61
501977,57
502042,47
502046,50
502061,48
502070,34
502078,68
502087,39
502112,39
502113,19
502118,38
502144,34
502170,64
502173,43
502174,44
502230,83
502246,56
502272,31
502276,32
502277,32
502279,32
502280,69
502281,31
502282,32
502283,35
502284,40
502286,34
502287,33
502302,27
502373,72
502439,70
502669,22
502974,31
502998,76
503182,38
503194,62
503223,31
503234,59
503236,38
503246,83
503247,69
503257,71
503279,29
503283,28
503290,42
503436,54
503691,67
503919,41
503987,41
504034,36
504047,68
504054,55
504055,58
504081,34
504114,38
504126,53
504133,33
504135,45
504163,46
504174,37
504181,46
504191,59
504201,60
504214,35
504217,52
504299,70
504464,52
505029,76
505045,34
505172,49
505176,74
505177,60
505242,33
505305,53
505330,57
505334,33
505336,39
505339,31
505446,73
505450,40
505458,41
505471,58
505473,40
505474,38
505475,43
505479,45
505480,61
505484,58
505500,59
505502,37
505505,72
505512,57
505513,63
505516,53
505600,28
505601,71
505843,54
506053,39
506064,69
506140,43
506155,75
506230,41
506243,80
506252,54
506263,40
506266,49
506299,69
506352,46
506354,60
506376,84
506392,35
506519,59
506622,22
506971,23
507319,45
507322,61
507324,33
507327,32
507331,57
507332,44
507335,90
507344,67
507347,49
507355,48
507362,31
507364,38
507522,69
507545,41
507743,58
507806,53
508061,100
508072,32
508185,48
508186,50
508187,44
508188,33
508190,45
508191,30
508218,35
508229,32
508233,45
508235,28
508255,73
508286,54
508378,67
508478,66
508709,23
508808,24
509107,67
509122,30
509481,58
509545,42
509590,77
509624,54
509825,34
509864,49
509895,31
509899,42
509900,54
509984,85
510063,80
510067,74
510068,64
510071,65
510077,66
510079,61
510083,80
510085,65
510089,64
510092,66
510094,64
510099,67
510101,60
510105,63
510106,61
510111,71
510113,74
510243,64
510246,56
510255,69
510261,40
510263,66
510280,70
510290,45
510292,32
510330,62
510358,62
510365,65
510423,35
510533,69
511082,82
511083,51
511126,62
511163,79
511259,57
511598,61
511656,72
511862,31
512085,72
512089,65
512090,78
512091,62
512097,60
512101,62
512113,69
512117,65
512120,65
512125,65
512127,65
512130,83
512135,73
512136,84
512139,76
512142,77
512144,65
512145,67
512147,71
512149,79
512153,63
512156,82
512158,66
512160,71
512167,58
512169,61
512174,80
512176,73
512178,79
512190,68
512192,82
512194,68
512198,64
512201,70
512203,70
512205,68
512207,67
512212,88
512214,82
512216,62
512218,87
512220,81
512227,72
512229,78
512231,66
512233,76
512244,81
512246,67
512247,71
512248,65
512250,84
512255,74
512259,95
512261,65
512263,81
512269,64
512274,78
512282,63
512284,71
512288,74
512289,67
512294,83
512299,99
512301,76
512303,61
512304,88
512308,67
512315,81
512316,62
512318,66
512320,71
512323,73
512330,63
512333,63
512337,67
512339,76
512341,77
512349,81
512402,30
512455,84
512461,48
512483,58
512534,46
512538,72
513197,91
513273,85
513369,39
513381,46
513410,34
513501,43
513508,65
513514,49
513534,55
513559,48
513735,43
513786,35
513832,53
513858,55
513945,75
514045,46
514109,64
514123,37
514193,80
514206,77
514208,70
514210,65
514211,77
514214,75
514221,82
514226,64
514228,77
514230,64
514232,89
514236,81
514241,63
514243,77
514247,67
514248,74
514250,64
514252,63
514256,65
514258,68
514263,62
514270,67
514277,61
514281,64
514287,62
514294,78
514296,84
514300,61
514302,45
514305,73
514307,65
514312,77
514322,65
514325,75
514329,65
514331,66
514333,77
514339,77
514341,65
514343,78
514345,66
514348,63
514350,65
514354,79
514356,78
514361,74
514365,84
514369,62
514399,64
514479,70
514502,31
514564,86
514581,40
514603,37
515144,37
515145,57
515175,86
515292,81
515335,57
515389,63
515398,36
515425,39
515472,61
515638,53
515893,48
515994,66
516133,31
516278,54
516367,61
516390,52
516396,31
516402,80
516609,88
517064,23
517112,70
517204,75
517226,41
517285,65
517417,31
517520,73
517567,78
517605,75
517607,84
517813,66
517843,36
518207,47
518227,49
518265,71
518283,32
518336,47
518342,58
518387,45
518388,46
518394,39
518399,67
518405,48
518422,61
518427,51
518428,63
518435,35
518445,57
518451,65
518455,61
518460,41
518473,54
518474,32
518480,59
518507,50
518538,56
518553,60
518554,72
518555,81
518556,54
518561,89
518563,30
518575,48
518616,76
518619,48
518625,54
518635,28
518815,24
518868,54
518870,68
518902,31
518925,32
518954,75
518962,30
519050,47
519058,32
519065,47
519084,77
519135,75
519223,85
519597,30
519731,45
519995,55
520021,43
520024,26
520025,31
520026,60
520028,37
520032,46
520058,47
520239,54
520244,59
520249,70
520254,32
520256,32
520257,63
520259,41
520264,46
520265,32
520269,33
520273,43
520275,62
520289,77
520310,70
520319,33
520374,71
520389,56
520403,57
520427,32
520439,70
520448,53
520453,34
520455,60
520483,57
520488,60
520497,40
520533,62
520582,90
520600,74
520624,31
520636,63
520655,55
520704,23
520719,22
521015,67
521107,79
521154,51
521161,68
521219,27
521248,75
521332,75
521390,36
521575,37
521775,33
521833,59
521863,47
521871,38
521900,62
522030,40
522238,33
522254,38
522262,41
522264,70
522268,27
522276,58
522332,37
522358,37
522361,52
522388,59
522422,44
522471,27
522496,51
522498,54
522505,86
522550,43
522551,33
522587,79
522615,46
522620,67
522626,52
522627,44
522628,52
522634,89
522655,34
522664,32
522678,67
522686,58
522926,68
522982,73
523073,65
523158,26
523176,32
523204,56
523292,66
523776,60
523877,63
524016,44
524038,52
524108,35
524146,38
524158,48
524212,38
524222,33
524299,34
524311,41
524349,46
524486,39
524516,23
524913,57
524914,68
524930,32
524950,81
524955,41
524957,48
524967,56
525095,41
525138,37
525161,45
525172,57
525226,53
525293,95
525472,62
525497,64
525682,66
525781,78
525872,78
526192,68
526218,55
526266,68
526306,22
526504,55
526515,53
526551,44
526586,33
526797,71
526870,34
526880,44
526881,96
527030,69
527157,67
527259,60
527372,63
527580,85
527601,76
527804,48
527994,24
528041,47
528042,46
528043,53
528044,41
528045,42
528046,46
528047,34
528048,55
528056,77
528057,61
528058,41
528062,44
528075,31
528091,37
528092,68
528114,32
528153,34
528187,42
528191,82
528194,102
528206,42
528216,52
528273,66
528286,75
528287,41
528417,22
528533,61
528555,54
528577,45
528655,55
528658,46
528676,69
528840,43
528870,45
528891,78
528977,62
529017,47
529042,87
529044,48
529067,40
529074,69
529121,80
529176,70
529191,82
529222,77
529223,70
529230,40
529370,75
529390,47
529526,67
529719,54
529780,54
530063,48
530064,44
530066,29
530069,64
530071,68
530072,77
530073,50
530128,31
530132,60
530151,53
530152,50
530157,61
530169,32
530170,57
530189,57
530190,78
530192,53
530206,41
530213,30
530215,39
530223,57
530227,76
530529,29
530557,61
530558,47
530598,65
530657,74
530718,61
530769,53
530771,49
530816,62
531030,51
531035,53
531037,40
531041,62
531048,35
531067,79
531074,48
531085,51
531105,45
531114,46
531120,72
531121,75
531139,64
531152,63
531153,60
531162,53
531166,49
531169,45
531171,45
531194,50
531201,52
531243,58
531272,40
531288,75
531299,65
531388,67
531541,28
531722,66
531751,51
531813,62
532073,55
532082,55
532095,56
532108,50
532110,44
532115,51
532116,57
532133,48
532137,51
532142,43
532150,37
532151,65
532187,70
532193,53
532197,61
532198,29
532212,51
532213,25
532214,33
532216,43
532217,42
532218,42
532219,42
532221,41
532235,60
532239,50
532277,57
532286,52
532527,44
532539,89
532595,45
532626,80
532642,59
532660,69
532693,50
532711,45
532714,81
532720,57
532727,47
532768,54
532782,33
532790,49
532811,33
532829,37
532887,58
532900,39
532968,70
532989,35
533053,45
533058,52
533070,48
533073,65
533078,70
533081,73
533097,61
533112,61
533118,55
533121,79
533165,52
533174,68
533206,77
533212,44
533239,69
533272,44
533574,76
533645,66
533774,59
533816,83
533915,23
534065,35
534092,75
534107,58
534108,61
534118,82
534120,57
534132,74
534134,44
534145,31
534147,78
534154,67
534161,75
534218,48
534224,65
534263,40
534270,32
534285,55
534290,57
534297,55
534301,33
534303,41
534534,39
534537,38
534571,49
534573,75
534575,40
534581,62
534582,55
534596,39
534609,34
534615,52
534661,54
534680,89
534751,43
534815,64
534836,50
534882,40
534902,46
534936,72
534949,57
534950,42
534959,49
535015,52
535017,60
535054,71
535089,74
535097,61
535098,52
535111,48
535123,47
535152,45
535168,44
535189,55
535201,44
535252,50
535258,40
535339,65
535499,78
535575,64
535767,64
535966,24
536057,73
536068,28
536161,66
536216,62
536217,33
536226,74
536530,84
536558,34
536613,90
536654,59
536673,58
536677,48
536698,49
536726,49
536732,41
536754,30
536756,33
536757,62
536759,34
536779,67
536798,44
536817,38
536841,31
536846,70
536886,62
536934,41
536963,58
536969,76
537012,76
537035,71
537037,52
537052,46
537064,62
537071,77
537088,70
537097,45
537110,61
537116,47
537146,80
537191,85
537205,84
537227,41
537284,73
537605,85
537668,51
537697,75
537768,63
538051,56
538105,30
538115,67
538121,69
538169,43
538173,72
538176,76
538211,50
538251,48
538257,64
538258,50
538293,33
538294,32
538530,78
538617,77
538697,77
538704,74
538786,63
538792,54
538823,50
538850,30
538873,49
539030,76
539041,42
539094,73
539114,51
539125,60
539189,43
539196,55
539254,74
539264,73
539279,49
539412,34
539632,63
539810,85
539845,23
540073,77
540112,33
540156,46
540200,34
540203,68
540206,41
540251,38
540284,54
540307,72
540545,63
540567,45
540589,37
540655,59
540656,60
540668,60
540783,28
540854,65
540872,55
541005,32
541009,101
541041,81
541087,60
541089,80
541105,45
541106,55
541107,43
541132,51
541139,40
541143,69
541149,55
541202,49
541214,74
541227,65
541233,66
541257,41
541258,49
541374,88
541394,46
541428,56
541603,61
541649,32
541688,77
541738,54
541773,60
541798,30
541835,70
542053,22
542079,54
542155,67
542164,37
542182,76
542186,53
542197,76
542286,41
542288,48
542294,39
542295,46
542296,62
542297,48
542300,38
542301,54
542302,43
542375,28
542470,23
542583,34
542595,49
542637,63
542675,51
542695,43
542701,43
542703,58
542711,54
542720,34
542722,67
542737,60
542743,32
542793,57
542871,42
542902,47
542916,47
542991,39
543001,69
543045,69
543047,45
543078,80
543127,52
543129,65
543147,67
543166,42
543208,83
543216,50
543229,77
543259,74
543415,71
543492,77
543494,40
543610,28
543630,65
543806,85
543874,74
544153,41
544154,47
544217,65
544220,25
544251,74
544268,32
544269,57
544270,43
544271,46
544272,39
544307,37
544319,36
544321,40
544339,49
544362,75
544402,24
544488,24
544490,22
544639,61
544643,70
544675,41
544766,31
544787,60
544816,60
544826,73
544852,45
544900,54
544901,79
544919,47
544954,65
545023,85
545027,37
545041,69
545059,58
545077,72
545171,87
545247,87
545302,44
545379,43
545421,69
545437,54
545568,70
545723,74
545743,43
545759,55
545887,83
545936,29
545992,81
546055,50
546228,65
546280,62
546375,61
546384,69
546387,66
546398,48
546411,68
546488,64
546489,37
546491,45
546499,60
546523,47
546539,62
546664,32
546728,75
546881,61
546889,55
546965,42
546985,78
547001,49
547041,54
547131,67
547140,75
547390,38
547513,50
547541,68
547559,33
547620,75
547649,32
547650,92
547651,93
547663,32
547696,71
547744,44
547817,57
547818,75
547992,34
548015,45
548091,47
548108,77
548112,47
548255,36
548361,77
548480,62
548525,66
548664,51
548772,42
548806,63
548864,58
548885,69
548991,37
549017,32
549026,77
549064,42
549066,39
549077,41
549081,59
549139,38
549143,33
549201,50
549217,70
549219,40
549221,41
549251,33
549400,65
549483,62
549501,41
549623,41
549627,31
549628,28
549641,45
549645,34
549665,51
549758,77
549774,76
549834,79
549939,57
549974,43
549982,60
549991,36
550021,87
550096,68
550125,67
550185,85
550295,65
550321,47
550373,42
550414,26
550663,43
550762,48
550764,47
550766,66
550767,60
550781,59
550810,41
550817,61
550877,52
550879,50
550890,64
550893,98
550971,87
551036,72
551137,81
551151,52
551187,42
551222,82
551248,30
551303,83
551326,47
551397,74
551438,32
551488,71
551550,73
551574,77
551682,81
551755,37
551848,65
551878,29
551883,30
551884,83
551893,58
551913,47
551932,47
551948,59
551966,36
552034,72
552043,49
552079,59
552080,44
552092,41
552119,52
552120,45
552155,56
552210,65
552284,87
552351,73
552376,78
552464,63
552468,54
552523,56
552525,44
552526,46
552530,61
552534,87
552551,70
552584,34
552591,63
552595,56
552598,31
552703,73
552771,82
552772,35
552773,39
552774,54
552778,84
552790,39
552901,57
552908,55
552948,80
552953,78
552984,52
553020,38
553088,58
553102,34
553104,65
553112,66
553179,78
553258,32
553264,79
553346,70
553378,72
553551,67
553646,57
553647,50
553669,29
553704,72
553787,44
553822,65
553825,57
553854,37
553861,44
554062,48
554075,32
554093,40
554153,72
554212,62
554290,75
554594,33
554621,30
554901,54
554905,53
554907,34
554946,45
554953,66
555013,61
555171,85
555242,31
555345,72
555431,41
555446,90
555574,79
555607,63
555646,69
555829,70
555920,71
556238,69
556282,68
556309,63
556432,59
556435,72
556436,60
556437,72
556438,59
556439,57
556441,54
556443,70
556444,83
556445,43
556447,72
556448,41
556449,64
556451,56
556453,66
556454,57
556455,90
556456,49
556458,62
556461,60
556466,57
556469,81
556470,28
556471,95
556472,62
556477,73
556478,80
556481,52
556482,64
556483,61
556486,56
556489,60
556491,46
556492,59
556493,78
556494,63
556497,62
556499,80
556501,67
556503,69
556505,55
556506,56
556508,73
556509,70
556515,74
556517,64
556520,74
556521,71
556522,56
556524,60
556526,87
556527,61
556528,43
556530,76
556532,48
556536,65
556538,82
556539,68
556540,93
556541,77
556543,74
556545,63
556549,57
556551,42
556608,62
556661,60
556663,63
556666,70
556669,68
556671,75
556672,78
556675,63
556676,37
556677,43
556681,71
556684,41
556686,92
556687,65
556694,65
556696,88
556697,71
556700,49
556703,66
556705,76
556707,75
556708,68
556712,86
556713,77
556714,48
556715,72
556718,51
556719,71
556721,73
556722,68
556723,81
556724,83
556725,69
556726,65
556728,76
556729,55
556730,67
556732,98
556736,58
556737,57
556740,82
556741,71
556742,62
556744,69
556745,47
556746,77
556750,76
556752,69
556753,49
556758,67
556759,57
556761,63
556763,46
556765,62
556766,74
556770,70
556774,64
556779,64
556783,58
556787,39
556793,83
556794,51
556795,47
556796,69
556797,54
556798,71
556800,80
556801,42
556803,78
556807,57
556808,80
556810,44
556816,71
556818,74
556820,60
556821,58
556822,43
556824,70
556825,46
556827,86
556828,50
556834,67
556835,58
556841,56
556843,37
556844,64
556845,58
556846,65
556848,67
556850,75
556853,91
556854,63
556857,73
556859,82
556869,74
556870,86
556871,74
556872,73
556873,65
556876,58
556878,59
556881,78
556882,75
556883,93
556885,55
556898,68
556905,33
556947,47
556954,61
557002,61
557026,67
557230,44
557308,50
557327,58
557411,76
557427,57
557434,67
557456,41
557474,63
557476,28
557487,57
557566,35
557572,73
557661,30
557668,39
557684,55
557688,45
557711,46
557719,29
557727,38
557803,43
557964,31
558000,71
558160,56
558166,72
558167,37
558168,41
558172,37
558175,62
558182,33
558183,62
558190,36
558197,78
558198,33
558204,59
558206,30
558207,43
558208,70
558210,68
558213,80
558217,37
558218,68
558221,50
558222,59
558226,39
558241,39
558242,74
558243,32
558244,76
558247,76
558249,73
558253,36
558254,31
558257,61
558258,60
558261,51
558262,28
558263,42
558265,68
558268,59
558270,53
558277,62
558278,70
558279,35
558284,46
558285,82
558287,77
558288,51
558289,56
558291,88
558292,41
558293,69
558294,51
558298,34
558301,70
558302,66
558305,38
558308,32
558323,56
558339,35
558387,52
558401,53
558403,57
558405,33
558408,85
558419,56
558420,41
558424,28
558445,64
558447,77
558449,53
558451,67
558453,66
558457,70
558458,44
558459,51
558460,84
558464,74
558468,40
558471,77
558472,65
558473,79
558475,76
558476,75
558477,62
558484,31
558486,34
558492,66
558493,27
558494,53
558501,51
558510,62
558512,38
558513,63
558514,31
558521,85
558524,61
558525,64
558527,64
558530,32
558545,78
558546,77
558547,67
558555,40
558558,36
558566,35
558567,31
558570,45
558571,68
558573,30
558574,38
558575,36
558578,30
558581,30
558583,47
558584,49
558589,52
558591,46
558593,29
558594,27
558595,61
558598,36
558603,40
558608,49
558614,73
558619,53
558683,77
558684,64
558685,40
558694,55
558741,80
558915,41
558926,68
558985,47
559060,32
559084,47
559114,56
559149,51
559160,52
559168,85
559250,48
559265,33
559267,44
559268,29
559304,47
559372,29
559404,68
559413,49
559416,82
559450,41
559458,32
559462,39
559487,33
559490,70
559552,31
559575,77
559671,43
559748,58
559808,32
559809,53
559857,33
559858,41
559871,72
559880,43
559882,36
559884,56
559885,35
559950,66
560000,51
560026,68
560059,50
560114,78
560115,47
560131,31
560134,74
560136,62
560140,34
560143,61
560193,71
560196,35
560197,50
560200,66
560205,32
560206,60
560213,34
560217,50
560219,76
560222,61
560223,79
560227,39
560228,78
560234,55
560238,80
560246,42
560251,49
560254,78
560256,32
560261,72
560263,71
560266,71
560269,56
560270,35
560275,63
560277,73
560280,54
560282,43
560286,72
560291,81
560294,79
560295,73
560297,37
560298,35
560299,70
560304,42
560305,41
560306,31
560309,77
560310,39
560318,33
560320,37
560331,29
560338,53
560340,58
560345,60
560348,66
560360,33
560362,55
560363,41
560364,77
560365,34
560388,82
560393,53
560408,56
560430,34
560431,55
560436,40
560470,38
560476,31
560479,59
560484,32
560485,34
560486,31
560498,56
560533,55
560561,32
560567,37
560655,64
560728,47
560730,63
560753,33
560828,46
560834,64
560865,49
560901,34
560937,49
561011,49
561014,37
561028,33
561033,43
561036,53
561059,38
561074,39
561158,51
561170,53
561186,62
561192,46
561216,70
561242,50
561254,59
561275,76
561345,53
561636,51
561836,30
562049,61
562081,44
562084,43
562085,26
562086,38
562087,41
562090,43
562093,48
562094,43
562096,58
562097,67
562101,32
562102,53
562110,51
562112,64
562117,43
562124,46
562125,42
562126,58
562130,51
562131,69
562132,36
562136,46
562138,43
562139,43
562144,64
562146,31
562147,50
562153,61
562170,35
562183,66
562210,86
562254,62
562278,51
562373,45
562378,40
562387,27
562388,58
562419,69
562431,33
562434,29
562438,52
562456,77
562500,42
562508,64
562541,71
562565,72
562571,43
562599,30
562605,39
562607,58
562610,35
562613,69
562614,30
562621,37
562625,36
562631,31
562708,45
562735,80
562798,34
562887,58
562923,71
562957,50
562984,43
562991,41
563000,37
563094,46
563174,48
563176,39
563183,49
563216,62
563352,64
563353,28
563366,42
563383,60
563385,58
563397,62
563411,54
563472,73
563513,63
563538,66
563602,41
563659,54
563684,76
563699,39
563739,31
563865,40
563866,33
563877,52
563909,33
563956,31
563989,49
564015,46
564017,76
564018,55
564028,64
564029,62
564044,61
564049,54
564055,66
564056,64
564060,37
564072,66
564085,77
564089,35
564093,39
564094,60
564095,42
564108,63
564115,30
564116,27
564121,70
564133,49
564134,33
564135,70
564137,26
564140,31
564141,33
564143,33
564145,48
564147,36
564154,30
564156,55
564161,75
564162,75
564163,59
564186,55
564187,39
564196,82
564246,86
564308,58
564383,77
564446,42
564449,29
564483,31
564485,78
564509,70
564516,34
564524,68
564549,41
564565,61
564570,37
564573,46
564623,34
564628,55
564637,70
564644,39
564647,36
564649,56
564661,72
564671,51
564677,60
564682,49
564707,38
564708,58
564731,64
564762,30
564854,93
564856,67
564898,75
564947,64
564988,74
565000,58
565004,56
565011,31
565015,33
565091,34
565117,73
565125,51
565131,44
565157,72
565208,32
565220,42
565222,42
565232,66
565267,62
565322,40
565470,71
565494,42
565513,29
565565,70
565632,79
565641,63
565688,57
565715,78
565813,60
565850,38
565919,28
565997,31
566056,79
566068,53
566086,40
566087,69
566094,43
566113,47
566117,58
566118,89
566171,54
566194,69
566238,25
566417,77
566418,66
566455,68
566484,31
566491,84
566504,49
566512,30
566523,86
566537,49
566539,73
566569,54
566579,48
566651,44
566663,58
566700,32
566718,54
566730,87
566753,31
566775,43
566779,26
566783,76
566785,52
566813,37
566894,30
566916,64
566920,64
566921,46
566929,32
566990,32
567001,86
567166,76
567183,60
567185,67
567204,67
567234,33
567259,37
567263,64
567365,40
567402,37
567422,34
567424,48
567427,67
567432,40
567479,72
567490,65
567532,54
567574,44
567676,79
567807,58
567809,41
567832,70
567833,29
567836,43
567906,77
567909,34
567924,57
567926,28
567942,27
568012,57
568068,32
568123,35
568146,66
568151,80
568154,45
568156,29
568161,49
568166,38
568168,65
568169,89
568170,55
568171,60
568175,37
568179,32
568182,38
568185,80
568192,51
568193,74
568194,54
568201,89
568210,60
568211,77
568217,70
568218,68
568223,81
568225,74
568226,41
568228,70
568229,36
568231,86
568233,63
568234,61
568236,85
568240,79
568244,67
568251,33
568252,71
568256,31
568263,65
568267,79
568271,69
568272,79
568275,84
568276,77
568278,66
568281,89
568284,68
568285,75
568286,63
568288,82
568290,51
568294,66
568295,72
568301,52
568302,61
568305,40
568315,52
568317,49
568318,79
568325,72
568326,41
568328,57
568337,67
568453,60
568474,85
568496,44
568503,74
568562,65
568602,29
568603,71
568604,45
568606,56
568610,77
568611,27
568644,26
568678,33
568683,75
568689,48
568768,65
568769,57
568783,52
568810,62
568859,31
568869,33
568871,56
568899,63
569053,65
569214,45
569220,56
569271,45
569339,29
569537,37
569538,36
569539,35
569540,36
569546,37
569547,36
569556,47
569641,39
569876,77
569950,61
569988,68
570022,80
570065,44
570082,39
570099,65
570188,27
570197,50
570214,57
570235,62
570236,77
570254,32
570256,48
570264,34
570275,42
570367,65
570381,86
570443,32
570503,37
570508,72
570545,62
570579,79
570641,47
570642,62
570662,56
570675,44
570695,33
570696,76
570724,67
570726,62
570728,38
570732,32
570736,46
570738,49
570742,61
570745,56
570752,68
570755,41
570762,63
570765,45
570799,77
570805,58
570807,75
570812,60
570814,82
570818,62
570822,63
570823,60
570827,59
570828,53
570829,57
570830,67
570831,82
570832,64
570890,70
570898,74
570904,45
570912,5
570921,51
570928,59
570938,57
570939,33
570948,59
570972,51
571009,33
571050,32
571088,47
571120,68
571192,31
571193,52
571203,31
571219,40
571252,55
571257,33
571258,33
571266,41
571277,46
571285,47
571289,46
571293,57
571319,60
571326,32
571327,64
571328,33
571333,52
571335,57
571336,42
571351,61
571361,39
571364,44
571408,64
571426,41
571429,64
571436,74
571438,70
571447,34
571450,83
571529,40
571558,65
571730,47
571734,49
571838,53
571908,47
571993,74
572040,36
572070,30
572078,65
572093,45
572116,43
572146,67
572203,80
572231,76
572236,37
572242,78
572251,37
572252,61
572259,45
572272,71
572278,29
572400,86
572455,51
572462,42
572474,68
572478,46
572485,26
572487,26
572489,72
572490,62
572493,51
572494,25
572495,24
572496,26
572497,26
572498,28
572499,27
572500,25
572501,34
572503,73
572504,24
572506,80
572507,35
572509,46
572511,39
572512,47
572515,31
572518,25
572519,71
572523,76
572592,45
572744,78
572758,84
572765,57
572766,41
572767,50
572773,64
572774,37
572775,41
572776,38
572778,42
572782,44
572784,72
572787,31
572788,28
572790,65
572792,56
572793,65
572796,59
572799,63
572801,30
572807,55
572808,74
572809,70
572813,36
572816,49
572817,73
572818,41
572828,35
572830,71
572831,69
572832,65
572834,38
572837,62
572838,87
572849,38
572853,62
572854,51
572860,44
572861,71
572863,27
572872,45
572876,38
572877,41
572879,41
572881,67
572884,54
572885,31
572886,41
572887,66
572889,53
572890,41
572891,43
572893,44
572902,48
572906,75
572908,52
572916,37
572918,61
572919,39
572921,66
572926,54
572927,67
572928,40
572929,38
572932,76
572934,48
572939,58
572940,42
572941,78
572942,67
572946,43
572949,37
572954,44
572957,59
572961,54
572962,36
572964,68
572968,90
572969,47
572974,65
572978,30
572979,53
572980,32
572981,74
572982,56
573000,39
573035,33
573068,35
573111,55
573165,63
573182,32
573224,84
573230,63
573269,64
573332,80
573397,62
573400,51
573417,29
573455,34
573467,30
573489,66
573510,27
573626,61
573766,84
573780,63
573816,51
573817,43
573825,31
573843,75
573846,54
573915,72
573946,67
574092,37
574128,94
574135,30
574214,84
574248,55
574253,65
574293,41
574303,60
574308,43
574311,64
574313,53
574326,74
574327,80
574328,43
574342,40
574354,35
574377,48
574439,59
574440,53
574450,64
574453,56
574455,54
574468,55
574471,65
574472,54
574473,47
574475,82
574476,35
574478,59
574480,57
574481,90
574514,61
574517,57
574538,56
574540,86
574548,57
574551,82
574553,62
574554,77
574559,76
574560,81
574567,40
574573,58
574578,55
574582,94
574588,60
574589,87
574595,80
574596,79
574604,63
574605,63
574607,61
574618,48
574623,74
574624,66
574626,44
574628,60
574630,80
574632,76
574633,65
574634,76
574635,52
574639,77
574640,58
574641,59
574643,52
574645,61
574646,53
574647,71
574648,50
574650,70
574659,62
574660,71
574696,76
574716,82
574719,54
574761,62
574774,26
574775,24
574777,25
574778,28
574779,56
574780,28
574781,25
574782,56
574783,69
574785,35
574786,67
574787,77
574788,76
574790,78
574791,46
574793,67
574794,83
574795,62
574796,81
574797,52
574799,43
574800,41
574801,36
574802,73
574803,35
574806,52
574807,38
574810,87
574814,85
574815,51
574816,49
574817,38
574818,59
574819,62
574821,52
574823,63
574824,56
574826,62
574827,45
574828,35
574829,43
574830,41
574831,59
574833,63
574834,64
574844,52
574845,83
574847,81
574848,31
574849,52
574850,67
574851,30
574852,81
574853,56
574854,82
574856,60
574858,73
574860,54
574861,71
574862,74
574863,59
574864,66
574866,40
574868,65
574869,33
574870,54
574871,81
574873,71
574876,77
574877,69
574879,38
574881,80
574883,58
574884,75
574885,44
574886,54
574896,48
574897,49
574898,54
574901,47
574904,79
574905,42
574910,39
574916,44
574917,36
574919,46
574920,78
574921,72
574922,64
574923,58
574924,55
574926,87
574928,49
574930,34
574931,50
574932,50
574933,57
574934,46
574935,82
574939,50
574944,39
574945,55
574946,47
574951,59
574952,38
574953,74
574957,26
574960,49
574963,50
574965,36
574967,45
574969,74
574973,48
574977,51
574978,40
574984,48
574989,78
574990,38
574994,86
574995,68
574996,69
574998,36
575000,81
575002,53
575003,69
575007,50
575052,33
575061,32
575170,37
575214,63
575669,66
575804,65
575829,71
575880,37
575922,71
575940,55
575967,73
575975,49
576010,79
576022,75
576044,54
576050,44
576055,63
576071,34
576133,68
576197,32
576199,32
576205,73
576261,71
576294,32
576299,56
576325,62
576330,43
576350,37
576355,47
576356,51
576386,47
576398,67
576405,34
576406,55
576409,36
576411,31
576415,43
576419,41
576426,39
576429,40
576437,36
576446,56
576448,33
576449,28
576458,45
576467,90
576468,34
576470,37
576471,34
576473,34
576474,54
576475,56
576476,67
576488,36
576489,37
576491,40
576493,55
576502,46
576503,50
576506,42
576519,47
576529,42
576531,55
576555,33
576568,45
576598,40
576619,79
576630,53
576631,36
576632,61
576636,67
576645,64
576647,77
576650,65
576658,69
576659,61
576660,77
576664,51
576668,54
576670,55
576673,47
576675,80
576679,35
576680,76
576681,31
576684,63
576687,46
576691,40
576693,63
576695,46
576715,64
576717,48
576720,70
576721,68
576722,74
576723,60
576724,55
576725,61
576726,63
576730,62
576731,30
576737,76
576742,76
576744,56
576752,59
576769,53
576777,36
576778,76
576786,59
576796,29
576797,29
576798,67
576801,56
576803,41
576805,58
576809,28
576812,43
576824,84
576827,46
576832,54
576833,25
576835,39
576838,45
576842,50
576847,61
576854,35
576860,35
576866,40
576868,38
576872,56
576876,31
576881,50
576889,32
576890,36
576891,39
576892,50
576893,82
576894,47
576895,42
576896,56
576897,85
576898,70
576899,29
576902,46
576903,40
576904,68
576905,71
576908,41
576909,28
576910,55
576911,56
576912,61
576914,48
576915,53
576916,45
576917,55
576919,72
576921,62
576924,39
576932,55
576934,40
576939,59
576941,40
576942,55
576943,32
576944,78
576946,31
576948,49
576949,56
576950,53
576953,72
576954,77
576955,83
576956,73
576957,46
576958,72
576960,49
576962,37
576964,67
576967,37
576968,93
576971,39
576973,75
576975,49
576977,84
576979,49
576980,35
576981,41
576982,72
576985,74
576988,39
576989,55
576991,40
576992,44
576993,72
576994,53
576995,39
576996,71
576998,57
577000,72
577001,43
577003,47
577004,55
577006,74
577007,43
577008,51
577010,63
577011,77
577013,47
577054,49
577067,40
577120,31
577149,55
577154,65
577158,32
577173,61
577198,30
577204,31
577207,31
577257,41
577260,56
577299,30
577493,37
577777,65
577786,62
577793,38
577817,29
577838,54
577849,76
577856,65
577940,47
577948,42
577982,52
577987,69
577988,68
577997,48
578028,56
578073,28
578177,70
578267,62
578272,58
578297,50
578363,38
578375,38
578384,40
578409,43
578412,51
578416,39
578419,41
578431,48
578448,62
578449,29
578477,29
578488,59
578489,53
578490,61
578492,29
578512,72
578523,44
578578,90
578605,73
578633,76
578634,66
578637,38
578638,25
578639,71
578640,51
578647,58
578654,37
578656,68
578657,59
578658,38
578659,54
578660,30
578663,40
578664,58
578667,47
578670,77
578671,32
578690,41
578705,54
578720,79
578817,93
578825,6
578828,56
578829,60
578830,60
578832,51
578836,84
578842,87
578892,87
578904,93
578924,50
578927,47
578928,84
578933,40
578935,36
578939,32
578943,57
578948,28
578951,51
578962,70
578971,62
578972,45
578980,58
578984,63
578988,37
578989,39
578996,61
578998,41
579004,37
579006,33
579017,43
579025,50
579033,45
579034,61
579061,74
579070,67
579100,51
579103,34
579108,59
579113,33
579121,52
579158,59
579182,30
579184,64
579188,53
579189,55
579194,51
579207,61
579275,37
579367,30
579379,67
579385,29
579448,62
579526,50
579528,52
579536,79
579778,45
579793,42
579797,30
579800,53
579822,52
579827,79
579839,39
579852,90
579877,29
579900,78
579907,41
579917,61
579992,78
580025,42
580087,78
580182,63
580286,41
580287,94
580288,70
580289,64
580291,49
580293,77
580320,46
580343,43
580379,34
580401,55
580406,41
580420,80
580432,41
580433,32
580437,31
580463,80
580478,55
580482,48
580489,29
580504,58
580512,32
580513,51
580521,72
580527,30
580532,53
580538,60
580539,49
580542,68
580543,55
580544,48
580547,33
580556,72
580557,32
580572,62
580577,65
580578,51
580580,51
580581,45
580584,72
580590,51
580594,78
580595,76
580596,57
580598,51
580601,73
580602,75
580604,80
580606,52
580607,81
580609,52
580611,74
580615,66
580616,57
580625,56
580630,74
580631,71
580633,58
580635,55
580636,54
580638,33
580642,67
580654,97
580655,74
580656,78
580657,79
580658,57
580661,54
580662,58
580663,51
580664,69
580665,62
580666,66
580668,40
580672,29
580676,84
580701,29
580746,67
580747,27
580777,33
580783,67
580841,57
580843,62
580845,80
580849,43
580854,40
580860,47
580866,57
580868,69
580873,78
580875,31
580880,48
580881,50
580902,73
580904,33
580905,54
580909,70
580910,51
580912,46
580917,61
580921,86
580924,78
580925,18
580932,78
580934,72
580937,77
580940,63
580942,69
580943,50
580947,72
580950,53
580951,47
580996,64
581056,44
581058,32
581076,71
581109,36
581152,66
581201,54
581308,71
581318,64
581391,62
581485,29
581579,50
581580,28
581678,45
581709,78
581765,30
581796,44
581802,63
581867,33
581868,52
581871,63
581872,68
581886,31
581896,55
581897,58
581906,35
581915,62
581926,57
581927,79
581947,47
582000,75
582022,85
582121,78
582139,55
582171,44
582218,32
582293,66
582299,65
582374,34
582428,56
582438,43
582439,79
582440,50
582446,58
582447,48
582448,57
582470,34
582471,40
582477,42
582485,36
582493,70
582499,35
582500,47
582505,39
582507,70
582508,40
582545,52
582559,76
582572,90
582645,71
582751,46
582792,73
582794,75
582795,74
582796,55
582798,65
582800,88
582803,63
582804,74
582811,70
582812,77
582817,75
582818,43
582819,51
582822,48
582826,57
582827,67
582828,43
582829,67
582834,70
582840,99
582844,84
582972,62
583029,67
583064,30
583183,77
583308,80
583360,55
583361,61
583453,67
583517,36
583522,36
583524,71
583529,59
583533,77
583543,78
583619,46
583621,85
583622,69
583633,58
583647,71
583663,65
583664,65
583676,50
583716,59
583717,54
583729,73
583754,55
583761,40
583782,64
583791,51
583826,57
583873,86
583932,43
583944,62
584011,47
584028,44
584037,31
584040,32
584042,33
584051,33
584057,61
584061,33
584097,66
584103,50
584164,52
584174,55
584203,71
584269,39
584286,58
584287,65
584288,52
584289,44
584291,73
584314,37
584328,65
584355,51
584361,62
584392,42
584408,38
584409,71
584425,64
584439,57
584472,27
584478,70
584502,43
584544,62
584548,44
584549,41
584554,69
584560,75
584561,69
584564,38
584569,69
584576,49
584578,66
584580,79
584582,67
584583,91
584584,83
584587,98
584588,65
584590,65
584592,38
584594,66
584598,83
584599,84
584605,74
584610,69
584615,72
584616,89
584617,70
584622,60
584626,57
584627,80
584633,82
584637,59
584644,66
584650,66
584651,84
584653,61
584657,42
584659,81
584665,85
584667,63
584668,69
584669,68
584670,73
584671,82
584677,44
584680,64
584685,53
584687,82
584689,74
584692,54
584694,72
584696,75
584699,68
584705,26
584724,77
584725,65
584737,36
584742,87
584744,69
584746,61
584748,66
584750,66
584753,36
584755,58
584760,58
584761,32
584764,67
584767,72
584770,69
584771,72
584773,56
584774,78
584775,70
584779,68
584783,82
584807,43
584870,79
584890,44
584895,31
584904,32
584905,35
584913,55
584917,27
584936,53
584958,74
584969,30
584986,32
585006,50
585022,31
585024,28
585038,66
585042,35
585044,36
585047,35
585052,55
585066,66
585084,55
585086,30
585171,60
585173,44
585202,59
585204,63
585561,54
585563,32
585570,60
585586,71
585628,58
585634,34
585658,52
585690,58
585707,74
585714,47
585734,34
585749,56
585771,81
585776,43
585831,31
585905,36
585957,51
585979,35
586071,42
586077,32
586138,56
586156,34
586162,30
586221,33
586228,65
586245,37
586319,36
586347,65
586348,32
586349,40
586358,37
586370,65
586397,31
586486,61
586524,33
586547,72
586708,66
586739,45
586755,70
586758,40
586760,80
586762,78
586763,70
586765,98
586766,66
586767,73
586772,77
586773,80
586774,68
586777,35
586781,63
586784,77
586785,72
586786,44
586791,42
586799,27
586838,77
586873,28
586932,30
586976,35
586977,33
587066,42
587073,32
587074,31
587092,51
587103,36
587117,40
587207,37
587213,57
587223,29
587305,36
587402,52
587544,59
587553,36
587578,34
587619,75
587624,55
587668,65
587700,76
587710,63
587770,44
587783,47
587835,40
587938,35
587951,26
587965,32
588034,65
588038,33
588103,53
588128,70
588206,34
588271,39
588281,52
588293,46
588379,52
588561,33
588572,57
588579,94
588589,63
588590,76
588591,79
588593,54
588600,61
588601,45
588602,27
588603,38
588604,73
588606,54
588607,50
588615,35
588617,78
588620,85
588621,85
588624,47
588626,85
588628,63
588630,55
588631,78
588632,61
588633,75
588635,49
588637,62
588638,50
588639,73
588640,46
588660,78
588661,61
588673,65
588675,71
588678,62
588685,79
588686,80
588692,44
588838,27
588879,48
588884,30
588885,38
588919,73
588940,38
588958,41
588966,28
588970,35
589002,83
589016,47
589037,46
589042,34
589054,41
589076,59
589081,34
589091,33
589124,36
589132,64
589178,52
589179,30
589182,38
589189,57
589191,40
589240,31
589253,60
589260,57
589265,30
589282,57
589284,39
589287,40
589289,38
589296,34
589299,30
589306,40
589307,29
589308,31
589310,39
589313,45
589314,33
589315,74
589331,75
589338,73
589339,46
589340,30
589346,47
589353,63
589370,41
589374,40
589376,28
589377,47
589385,62
589387,43
589388,39
589399,65
589402,55
589405,79
589407,39
589408,31
589410,44
589411,36
589413,28
589414,37
589422,44
589425,33
589426,44
589429,50
589432,30
589433,53
589437,36
589444,50
589445,40
589449,35
589451,60
589453,56
589459,33
589460,30
589466,61
589473,29
589474,32
589479,35
589482,64
589486,40
589489,43
589491,54
589494,49
589499,39
589503,38
589504,60
589505,32
589506,48
589509,40
589512,61
589516,49
589517,56
589519,61
589750,42
589839,67
589916,66
590004,71
590189,69
590358,51
590360,43
590361,37
590364,45
590399,41
590475,35
590505,48
590518,54
590535,35
590557,37
590584,47
590634,56
590636,32
590637,42
590652,58
590655,36
590693,74
590694,51
590732,63
590817,64
591070,48
591072,48
591073,51
591074,54
591075,37
591100,43
591116,41
591120,46
591121,47
591124,59
591127,31
591128,33
591143,73
591147,45
591156,40
591163,43
591170,31
591180,57
591181,26
591182,25
591183,46
591186,65
591187,42
591188,47
591192,44
591197,60
591198,49
591206,28
591207,40
591209,30
591212,35
591215,33
591220,38
591222,36
591228,50
591230,39
591232,31
591236,45
591237,43
591238,33
591241,38
591243,58
591244,45
591248,52
591249,32
591251,29
591255,40
591256,48
591257,54
591263,34
591265,38
591268,56
591269,43
591272,39
591279,30
591285,51
591290,58
591437,54
591706,69
591778,42
591807,63
591966,66
592057,65
592072,34
592073,55
592097,53
592104,30
592108,35
592115,34
592116,41
592117,34
592131,60
592141,40
592275,67
592307,67
592308,32
592367,58
592372,54
592373,64
592423,39
592547,42
592658,73
592775,28
592852,67
592853,67
592854,74
592855,55
592857,55
592858,57
592859,35
592862,53
592869,66
592871,65
592873,47
592874,49
592875,41
592876,66
592877,57
592878,44
592902,37
592907,31
592908,30
592921,62
592922,36
592924,39
592925,56
592929,41
592937,59
592942,57
592949,59
592950,76
592952,40
592963,43
592965,54
592966,37
592968,39
592972,49
592977,32
592978,36
592979,69
592981,42
592988,30
592989,28
592990,39
592991,63
592992,43
592996,53
593007,30
593009,40
593012,35
593043,74
593045,30
593050,32
593052,43
593056,36
593057,33
593059,40
593061,54
593064,63
593085,37
593093,58
593102,68
593123,54
593135,44
593149,42
593150,71
593156,43
593187,80
593190,39
593191,35
593192,47
593212,65
593221,35
593225,56
593227,41
593235,53
593250,44
593254,44
593261,70
593288,35
593297,41
593299,45
593300,48
593301,55
593321,79
593322,43
593329,82
593330,35
593332,77
593334,68
593337,73
593340,40
593342,48
593343,31
593344,49
593346,72
593353,31
593354,51
593355,42
593360,40
593361,54
593362,43
593370,47
593375,50
593377,43
593379,64
593382,64
593383,63
593386,49
593389,73
593393,55
593396,29
593397,44
593402,35
593403,45
593407,82
593410,40
593412,49
593413,39
593415,57
593416,49
593423,81
593424,31
593427,62
593428,28
593431,54
593445,55
593460,86
593462,52
593463,48
593466,35
593662,64
593756,54
593762,53
593842,62
593899,65
594029,63
594107,65
594108,38
594145,49
594153,35
594158,37
594175,58
594189,56
594190,56
594192,46
594197,49
594207,39
594209,27
594214,45
594216,55
594240,23
594241,69
594245,62
594259,49
594261,29
594267,47
594278,30
594286,28
594292,32
594300,61
594304,55
594306,63
594316,26
594321,31
594322,43
594325,50
594332,34
594392,50
594397,32
594400,30
594401,67
594408,36
594418,56
594420,34
594525,55
594606,44
594640,71
594705,24
594762,64
594842,51
594897,64
594916,38
595025,65
595074,71
595097,64
595153,69
595187,47
595195,44
595196,34
595219,40
595227,49
595231,36
595326,89
595375,79
595393,35
595527,68
595619,62
595626,55
595627,52
595628,29
595632,56
595635,38
595638,46
595639,55
595643,60
595644,36
595645,59
595648,58
595649,38
595651,34
595653,67
595744,73
595861,60
595929,40
595948,80
596023,30
596039,62
596044,53
596125,65
596212,33
596216,51
596219,58
596224,43
596228,48
596230,30
596241,22
596244,47
596247,45
596253,57
596255,40
596266,45
596277,28
596289,74
596291,54
596307,57
596308,34
596309,30
596312,45
596313,40
596317,70
596321,34
596325,48
596328,56
596331,71
596335,54
596350,29
596354,70
596361,61
596367,28
596369,54
596398,62
596403,50
596406,78
596413,35
596434,35
596436,35
596442,43
596524,70
596598,61
596857,50
596900,67
596906,37
597070,34
597093,67
597108,41
597216,69
597268,62
597269,69
597270,59
597272,37
597276,56
597344,52
597625,37
597732,87
597914,70
597924,83
597974,32
598033,69
598217,77
598305,86
598383,68
598422,47
598427,46
598447,35
598464,41
598466,54
598479,27
598488,46
598522,34
598527,62
598528,67
598530,64
598531,27
598535,50
598537,38
598539,94
598543,66
598545,33
598547,29
598673,28
598717,65
598759,56
598824,61
599146,65
599213,56
599291,68
599309,43
599384,59
599399,56
599405,63
599421,71
599428,36
599445,41
599446,81
599447,68
599462,39
599481,28
599554,25
599570,22
599803,79
599808,57
599813,55
599820,35
599823,59
599837,33
599841,72
599854,40
599914,42
599915,68
599931,85
599938,69
599953,28
599954,73
599955,43
599970,53
599993,31
599994,92
600027,82
600030,60
600034,67
600035,65
600049,35
600289,68
600350,71
600352,32
600363,37
600365,54
600376,39
600408,44
600422,52
600435,42
600437,87
600519,86
600529,38
600538,38
600608,64
600609,45
600618,81
600674,82
600719,71
600722,54
600728,45
600789,50
600792,68
600796,52
600797,60
600818,58
600830,32
600954,62
601100,63
601267,73
601322,65
601332,56
601382,53
601399,76
601419,36
601434,61
601435,79
601437,48
601439,53
601440,84
601441,57
601443,42
601446,84
601448,79
601449,61
601450,74
601451,81
601453,77
601455,50
601459,51
601460,75
601464,74
601466,85
601467,59
601469,60
601470,80
601472,59
601473,75
601475,70
601476,54
601477,81
601478,55
601479,51
601481,91
601489,52
601555,69
601564,63
601565,55
601683,58
601753,78
601783,34
601845,64
601897,56
601898,39
601900,29
601907,63
601922,38
601928,52
601933,30
601953,63
601954,63
601955,65
601958,33
601960,67
601963,33
601965,62
601974,57
601975,76
601977,74
601978,44
601979,64
601992,28
601995,27
601996,32
602003,39
602004,39
602018,38
602024,39
602031,74
602033,32
602043,50
602045,71
602048,43
602052,47
602055,41
602062,34
602079,53
602090,56
602100,34
602103,30
602107,40
602113,45
602356,93
602422,59
602436,32
602439,37
602474,51
602497,64
602502,43
602517,32
602522,55
602523,60
602526,69
602548,37
602552,37
602554,37
602555,49
602598,48
602620,39
602621,15
602624,63
602630,34
602637,43
602715,43
602719,30
602738,58
602742,26
602745,42
602826,78
602848,37
602873,29
602900,87
602934,90
603062,80
603261,74
603278,66
603347,48
603440,48
603442,26
603529,85
603604,33
603618,65
603664,61
603700,88
603707,39
603708,42
603710,63
603711,51
603834,42
603921,44
603924,52
603926,36
603943,84
603952,83
603953,59
603957,35
603958,37
603960,56
603961,45
603964,62
603992,48
603993,46
604003,46
604013,84
604023,31
604041,62
604052,57
604091,79
604092,39
604097,67
604098,55
604101,39
604122,39
604137,53
604143,61
604151,52
604168,69
604238,76
604328,92
604416,66
604631,84
604638,41
604641,51
604653,75
604664,64
604669,26
604671,37
604672,27
604730,76
604732,50
604744,43
604759,69
604760,34
604788,59
604833,30
604857,56
604875,72
604882,27
604895,52
604946,33
604955,77
605008,63
605536,87
605555,52
605583,58
605606,57
605615,32
605681,31
605692,39
605703,31
605843,29
605853,43
605876,37
605903,68
605966,57
605985,52
605994,55
606003,39
606004,37
606006,55
606010,37
606016,55
606019,92
606025,48
606027,75
606028,30
606029,41
606039,69
606040,34
606043,34
606044,41
606046,44
606054,33
606058,47
606060,31
606061,40
606063,54
606077,43
606078,36
606082,56
606085,35
606088,41
606099,40
606120,35
606124,36
606129,46
606134,31
606147,48
606159,71
606175,34
606203,42
606207,53
606243,45
606314,52
606658,65
606690,70
606693,64
606814,62
606853,51
606866,34
606870,56
606884,87
606919,32
606920,32
606921,71
606924,26
606947,35
606949,51
607003,53
607005,61
607007,36
607095,71
607177,71
607464,62
607599,39
607614,32
607626,41
607634,35
607660,30
607692,55
607714,86
607748,38
607773,34
607797,70
607946,66
607956,51
608036,45
608180,42
608247,56
608269,44
608275,61
608276,56
608277,51
608292,34
608293,73
608296,36
608297,60
608300,37
608302,27
608305,53
608307,65
608342,47
608398,62
608487,63
608573,64
608640,72
608690,62
608695,53
608715,55
608731,52
608732,30
608764,90
608814,63
608828,63
608909,43
608951,86
608953,61
608976,65
609002,40
609085,60
609268,32
609269,71
609499,63
609528,31
609529,63
609571,40
609737,79
609841,48
609880,79
609899,30
609930,73
610300,43
610380,84
610471,63
610562,62
610573,38
610575,40
610576,55
610610,70
610649,82
610810,74
610828,49
610871,55
610966,52
610972,46
610994,30
611011,43
611063,63
611072,55
611115,50
611156,43
611167,46
611306,70
611335,42
611473,74
611541,45
611576,88
611736,51
611769,84
611789,58
611851,50
611859,44
611868,43
611887,31
611908,31
611942,31
611946,31
612198,35
612247,65
612545,77
612637,71
612731,71
612791,28
613012,33
613083,30
613114,28
613162,29
613221,63
613232,60
613300,70
613360,66
613416,81
613494,76
613604,77
613618,47
613667,89
613675,72
613749,76
613769,32
613771,62
613776,81
613779,38
613800,30
613802,68
613817,64
613849,32
613852,38
613861,31
613862,62
613894,36
613896,63
613904,64
613907,45
613911,56
613929,36
613953,41
614020,73
614023,70
614042,47
614046,77
614047,63
614052,62
614054,63
614088,73
614096,43
614102,41
614148,57
614166,38
614185,31
614430,81
614542,69
614634,69
614895,83
615163,54
615188,43
615210,65
615367,65
615368,85
615574,66
615781,69
615823,37
615863,33
615865,31
615869,36
615890,39
615896,69
615934,44
615956,70
616009,34
616017,56
616021,30
616052,53
616058,32
616168,79
616240,59
616678,64
616765,62
616805,32
616840,50
616863,32
616889,66
617071,40
617104,50
617683,64
617693,28
617695,40
617698,44
617710,58
617712,63
617716,68
617717,72
617720,57
617724,74
617725,45
617726,78
617729,41
617732,45
617735,29
617736,32
617737,30
617738,62
617742,28
617788,73
617827,42
617940,41
617991,58
618011,44
618022,48
618042,34
618071,60
618083,41
618085,43
618097,35
618110,63
618501,79
618593,64
618653,64
618669,38
618708,74
618758,56
618773,63
618811,45
618833,39
618863,88
618868,54
619092,51
619147,32
619148,49
619188,40
619213,40
619253,37
619305,35
619376,63
619412,61
619468,72
619470,77
619521,69
619652,68
619859,58
619923,37
619924,51
619925,34
619944,46
619947,39
619949,35
619961,39
619962,51
619966,31
619970,63
619971,36
619972,33
619974,58
619980,38
619983,49
619985,69
619997,78
619998,27
619999,30
620000,32
620007,40
620012,57
620016,76
620019,55
620026,38
620031,26
620043,41
620089,34
620148,35
620285,64
620363,64
620458,85
620642,65
621027,56
621052,26
621065,29
621131,56
621132,37
621174,34
621188,34
621202,27
621230,59
621261,45
621424,62
621695,89
621806,42
621999,32
622002,36
622003,60
622004,50
622005,49
622006,75
622007,33
622012,70
622038,37
622048,62
622052,53
622055,67
622056,43
622062,83
622064,34
622067,60
622069,40
622070,34
622071,50
622075,48
622078,36
622079,39
622080,52
622087,52
622092,71
622206,62
622281,74
622345,48
622347,45
622361,79
622447,55
622539,61
622627,85
622718,62
622832,79
622888,32
622908,65
623067,30
623092,31
623121,36
623122,59
623177,69
623215,37
623233,59
623268,88
623296,64
623300,60
623304,84
623309,76
623315,54
623320,82
623322,61
623324,56
623325,44
623326,59
623330,77
623333,44
623335,78
623336,75
623338,87
623339,45
623342,80
623343,76
623349,68
623354,58
623356,68
623358,63
623362,63
623366,72
623370,70
623372,61
623373,61
623374,83
623378,59
623379,85
623393,64
623396,63
623398,75
623400,96
623405,63
623409,78
623412,64
623414,59
623418,67
623428,61
623429,72
623435,89
623439,63
623440,97
623449,65
623452,72
623459,74
623463,72
623468,65
623473,67
623475,73
623476,54
623480,73
623483,62
623484,45
623489,72
623491,62
623492,71
623497,54
623508,62
623512,86
623514,59
623516,60
623524,48
623525,54
623551,72
623556,72
623560,59
623561,76
623567,76
623569,68
623571,74
623576,59
623578,60
623582,67
623584,60
623589,77
623591,76
623593,66
623595,76
623597,84
623599,62
623601,58
623602,43
623603,61
623605,85
623606,59
623608,78
623610,65
623613,84
623617,65
623619,59
623623,64
623625,81
623629,68
623636,71
623639,62
623641,80
623643,60
623646,87
623647,59
623650,74
623654,62
623660,70
623664,63
623668,58
623672,64
623676,59
623680,69
623688,76
623690,74
623692,79
623709,68
623711,73
623712,64
623713,66
623714,70
623716,74
623718,82
623719,56
623720,61
623722,58
623724,71
623726,63
623728,59
623730,56
623732,70
623734,56
623736,66
623739,60
623740,76
623744,69
623747,58
623748,51
623749,72
623750,71
623753,72
623759,58
623762,90
623765,60
623768,44
623769,63
623771,65
623777,72
623779,83
623781,74
623782,57
623783,59
623787,87
623788,66
623789,80
623791,60
623794,63
623796,63
623851,58
623972,72
624050,80
624074,99
624085,57
624109,68
624300,53
624332,55
624449,61
624652,54
624675,65
624683,80
624730,43
624747,56
624753,49
624774,64
624864,44
624987,67
625112,74
625113,68
625119,66
625131,82
625142,75
625147,71
625149,72
625153,77
625155,61
625157,72
625158,60
625165,62
625171,65
625177,72
625180,67
625182,61
625188,71
625192,67
625194,63
625196,69
625201,65
625202,92
625204,69
625208,77
625209,63
625210,63
625224,77
625230,67
625231,63
625233,59
625236,61
625240,68
625250,81
625252,80
625271,76
625275,62
625276,61
625278,39
625279,73
625284,71
625286,71
625296,66
625302,75
625312,63
625315,64
625317,65
625321,65
625325,71
625327,67
625329,73
625331,70
625333,70
625338,73
625344,64
625346,87
625353,78
625357,61
625362,78
625367,71
625368,78
625370,75
625372,69
625376,64
625378,68
625380,75
625387,61
625394,70
625396,73
625397,69
625401,69
625403,65
625404,50
625405,94
625407,81
625409,75
625414,77
625415,62
625416,43
625419,77
625422,77
625426,61
625432,82
625434,70
625435,43
625440,62
625446,75
625448,60
625452,81
625454,63
625455,37
625456,61
625458,70
625463,84
625473,76
625475,81
625477,59
625482,77
625483,41
625484,80
625487,48
625488,69
625490,77
625492,64
625494,69
625495,40
625496,75
625497,65
625498,43
625499,76
625503,73
625505,59
625509,66
625511,52
625515,76
625516,60
625517,72
625518,48
625519,80
625522,51
625523,66
625526,75
625528,79
625529,35
625531,65
625533,60
625534,78
625537,72
625538,60
625539,78
625540,51
625541,60
625544,73
625546,68
625548,71
625549,46
625550,66
625551,66
625555,63
625557,79
625559,68
625561,71
625563,69
625565,70
625567,89
625569,63
625573,60
625578,70
625579,80
625581,63
625583,61
625584,64
625586,59
625587,89
625588,61
625591,66
625594,77
625598,76
625600,59
625603,73
625608,40
625609,60
625610,43
625611,65
625612,83
625615,70
625616,42
625618,66
625620,43
625629,41
625634,40
625640,40
625642,42
625645,42
625646,56
625648,66
625649,39
625654,78
625655,41
625661,43
625664,44
625668,40
625669,63
625671,39
625675,42
625680,42
625681,65
625683,39
625686,40
625689,42
625691,42
625695,41
625696,80
625698,42
625699,43
625701,41
625704,42
625706,40
625710,41
625712,41
625714,39
625717,39
625719,56
625722,56
625723,38
625725,65
625726,39
625728,71
625729,40
625734,40
625737,42
625741,67
625742,42
625745,62
625746,41
625747,59
625763,53
625767,87
625782,45
625784,43
625787,48
625788,44
625791,45
625794,70
625795,73
625797,75
625798,63
625802,50
625804,60
625811,62
625814,70
625824,40
625832,45
625834,41
625835,79
625839,65
625842,41
625844,52
625846,43
625854,60
625857,51
625868,41
626131,50
626159,41
626192,60
626210,49
626386,50
626387,61
626400,66
626451,45
626515,71
626618,41
626659,57
626665,49
626672,34
626708,48
626738,51
626770,45
626771,43
626797,59
626945,64
626969,82
627135,64
627139,81
627142,64
627145,67
627147,61
627149,70
627153,81
627155,73
627160,65
627163,46
627165,62
627167,68
627169,61
627170,43
627171,68
627173,66
627174,47
627175,76
627177,64
627179,62
627181,62
627183,62
627186,63
627188,62
627195,62
627198,73
627200,65
627206,63
627211,84
627214,82
627218,82
627220,71
627223,61
627225,69
627227,76
627229,66
627238,76
627240,62
627242,59
627244,60
627253,64
627255,66
627261,70
627263,82
627265,69
627267,66
627271,62
627273,69
627275,73
627277,76
627279,62
627282,79
627284,63
627285,80
627287,83
627296,90
627303,76
627305,69
627311,74
627313,70
627315,61
627319,86
627329,53
627330,62
627332,81
627334,78
627336,59
627338,73
627342,72
627344,72
627346,59
627350,80
627352,71
627354,82
627356,54
627363,77
627365,82
627369,44
627371,67
627374,68
627393,76
627399,54
627402,101
627405,93
627412,103
627415,58
627430,71
627433,81
627435,70
627436,65
627437,52
627440,63
627456,82
627458,63
627462,59
627465,84
627469,79
627471,72
627473,68
627478,55
627479,68
627483,78
627485,70
627488,70
627489,60
627493,74
627502,76
627504,54
627506,69
627520,74
627523,63
627525,80
627526,75
627528,52
627529,74
627530,74
627533,53
627534,62
627540,81
627547,76
627554,59
627557,70
627570,60
627574,59
627576,80
627581,66
627587,70
627593,81
627595,62
627600,62
627606,61
627608,72
627611,54
627612,63
627614,67
627620,63
627621,79
627623,75
627626,90
627629,64
627631,64
627633,64
627636,64
627637,69
627643,50
627647,43
627648,70
627650,40
627651,77
627655,43
627660,72
627662,89
627663,68
627665,54
627674,70
627679,49
627680,61
627682,69
627685,50
627686,80
627694,68
627695,52
627696,52
627700,62
627701,48
627702,93
627704,67
627708,84
627715,49
627716,65
627717,58
627723,58
627726,61
627729,53
627731,52
627732,63
627734,70
627735,50
627737,82
627743,77
627746,49
627751,65
627758,72
627759,80
627760,62
627762,42
627765,76
627776,54
627777,62
627779,42
627781,40
627784,39
627789,39
627792,48
627794,39
627796,39
627797,61
627801,43
627803,67
627804,58
627810,41
627813,70
627814,40
627816,40
627818,74
627822,39
627824,72
627825,43
627828,41
627829,45
627834,39
627837,43
627839,47
627840,42
627841,72
627844,61
627845,55
627846,41
627847,67
627849,40
627852,40
627854,40
627858,73
627861,63
627864,39
627867,66
627869,41
627874,40
627877,41
627878,85
627881,71
627884,45
627910,79
627995,63
628016,68
628174,26
628218,27
628220,27
628365,75
628537,66
628561,53
628617,33
628624,75
628696,85
628785,66
628867,65
628916,34
628917,30
628954,50
628960,40
628967,67
628995,68
629034,70
629060,37
629106,83
629222,73
629240,65
629323,63
629330,67
629335,74
629337,66
629339,61
629345,61
629350,66
629354,59
629356,62
629358,68
629360,77
629364,65
629368,80
629370,66
629373,62
629376,74
629378,78
629380,64
629382,63
629389,78
629392,67
629396,59
629400,61
629402,86
629404,69
629406,60
629407,64
629413,75
629415,75
629417,75
629428,63
629430,88
629432,53
629434,49
629435,59
629439,81
629447,90
629451,56
629455,59
629460,78
629462,65
629466,61
629468,68
629474,82
629475,87
629483,71
629485,71
629490,65
629496,44
629497,69
629502,79
629507,50
629510,77
629512,65
629520,61
629524,78
629526,70
629528,60
629531,65
629532,64
629537,72
629546,63
629550,77
629552,85
629553,70
629556,80
629567,63
629569,70
629583,53
629584,43
629593,79
629598,69
629603,68
629609,77
629612,59
629638,64
629651,55
629659,60
629676,53
629677,58
629681,73
629692,67
629696,76
629697,45
629698,82
629701,62
629704,47
629707,53
629711,54
629722,55
629724,52
629725,47
629726,44
629739,39
629744,43
629747,53
629749,45
629750,77
629755,58
629757,70
629758,64
629763,50
629774,58
629777,58
629779,62
629780,60
629784,69
629785,59
629793,64
629798,52
629801,67
629803,81
629806,43
629810,65
629813,47
629815,44
629816,61
629818,45
629823,57
629824,60
629826,69
629832,66
629833,43
629834,74
629838,94
629839,53
629842,54
629844,60
629847,69
629848,73
629850,61
629853,53
629860,71
629865,52
629866,68
629868,98
629870,42
629873,79
629877,64
629882,90
629885,72
629890,79
629894,57
629897,48
629899,57
629902,54
629904,82
629905,48
629908,76
629921,57
629927,44
629928,62
629929,67
629930,63
629932,82
629960,29
630019,71
630020,68
630029,51
630105,44
630106,37
630172,68
630232,62
630322,74
630464,85
630548,67
630612,27
630614,32
630634,101
630684,72
630703,75
630730,66
630767,65
630924,85
631027,56
631045,63
631137,39
631146,72
631148,46
631154,40
631216,63
631217,77
631275,62
631286,73
631338,43
631341,69
631342,34
631374,81
631464,32
631470,60
631478,58
631481,79
631492,68
631501,57
631509,70
631515,62
631517,59
631525,54
631529,65
631536,84
631538,79
631547,59
631552,78
631555,75
631557,58
631570,74
631573,83
631574,49
631575,65
631577,71
631579,80
631583,100
631587,81
631590,76
631602,62
631613,64
631641,37
631650,61
631654,66
631655,46
631658,59
631660,70
631665,78
631666,58
631667,66
631668,70
631674,67
631679,81
631682,66
631711,77
631715,59
631722,61
631723,49
631724,86
631727,71
631730,76
631742,68
631743,66
631746,45
631748,89
631749,96
631754,58
631764,74
631770,58
631771,70
631775,76
631778,61
631788,56
631791,33
631800,71
631807,49
631817,60
631827,72
631828,82
631831,78
631838,74
631839,81
631841,47
631843,72
631848,77
631851,76
631854,67
631857,61
631860,67
631861,55
631863,63
631869,80
631878,69
631879,77
631881,66
631884,73
631888,72
631890,66
631891,64
631892,53
631894,57
631895,87
631896,79
631900,56
631908,70
631910,63
631911,40
631915,69
631921,44
631927,52
631928,64
631931,43
631933,64
631935,49
631936,50
631944,57
631945,58
631946,55
631949,77
631950,51
631962,62
631963,62
631966,70
631967,75
631968,79
631969,62
631971,84
631973,60
631974,73
632043,31
632055,45
632082,40
632117,31
632143,53
632156,62
632174,54
632202,62
632249,84
632325,72
632483,75
632508,33
632512,43
632547,64
632554,30
632560,43
632729,54
632730,73
632731,37
632732,53
632733,59
632748,46
632750,60
632849,89
632906,57
632908,31
632981,48
633007,78
633009,63
633013,67
633017,62
633148,28
633192,45
633559,60
633563,63
633567,82
633568,55
633569,98
633572,77
633579,52
633595,57
633606,61
633610,64
633616,71
633617,59
633629,59
633632,54
633639,66
633642,94
633650,62
633654,64
633657,70
633665,49
633687,62
633691,71
633694,70
633700,74
633709,60
633721,62
633722,43
633730,76
633734,61
633749,64
633759,76
633765,56
633773,78
633781,58
633790,60
633792,77
633801,65
633808,62
633817,93
633818,69
633823,73
633824,81
633826,55
633827,90
633828,73
633830,86
633831,46
633832,83
633834,43
633837,71
633838,71
633840,79
633841,54
633844,57
633845,68
633848,53
633857,48
633858,88
633859,68
633861,82
633863,54
633864,61
633867,77
633870,67
633874,67
633877,64
633878,43
633880,62
633881,47
633885,84
633886,60
633893,51
633895,68
633897,70
633898,43
633901,77
633902,51
633904,77
633905,70
633907,68
633910,79
633911,69
633914,66
633917,67
633919,69
633921,43
633922,69
633925,50
633928,88
633931,78
633934,78
633938,77
633940,45
633943,68
633946,84
633949,56
633952,43
633955,43
633957,80
633967,72
633969,76
633972,72
633974,67
633975,59
633978,78
633979,46
633980,72
633988,58
633989,95
633991,67
633992,72
633995,93
633996,72
633998,82
633999,76
634002,68
634004,60
634005,78
634011,63
634013,81
634016,78
634017,47
634020,92
634026,57
634032,65
634033,79
634034,67
634036,93
634037,70
634040,89
634047,61
634048,64
634051,36
634057,65
634059,75
634060,62
634063,66
634068,92
634070,60
634203,48
634268,72
634331,42
634341,77
634418,72
634491,61
634508,45
634560,74
634618,80
634743,81
634820,38
634831,60
634892,69
634977,69
635022,49
635111,33
635127,27
635181,59
635208,48
635674,63
635705,48
635708,56
635712,55
635714,60
635719,76
635726,56
635729,43
635730,73
635732,64
635735,65
635736,67
635741,44
635767,73
635783,73
635799,85
635801,66
635812,72
635815,58
635822,73
635826,79
635832,66
635838,78
635842,78
635855,62
635865,64
635879,64
635885,52
635902,72
635907,57
635928,65
635929,56
635935,48
635938,63
635945,59
635949,45
635950,75
635955,82
635961,56
635977,78
635980,78
635982,81
635994,79
635996,70
636005,69
636014,74
636015,64
636017,85
636025,93
636027,73
636033,73
636036,77
636038,61
636040,87
636042,66
636044,68
636050,73
636051,49
636053,51
636056,58
636062,73
636063,62
636065,66
636067,73
636068,62
636077,57
636079,59
636080,61
636082,49
636083,80
636084,55
636085,47
636086,69
636087,52
636088,82
636091,43
636092,79
636093,71
636094,51
636101,64
636104,50
636107,64
636112,83
636113,48
636116,72
636119,69
636125,59
636128,61
636134,55
636137,48
636138,60
636140,71
636143,85
636144,48
636146,77
636147,52
636150,59
636153,72
636155,70
636157,57
636158,68
636160,81
636163,48
636164,52
636165,53
636166,86
636168,89
636171,59
636175,67
636178,69
636552,78
636594,72
636599,66
636674,36
636687,89
637078,77
637125,42
637310,28
637311,40
637312,61
637551,31
637687,42
637750,46
637753,59
637756,62
637757,54
637763,79
637765,66
637775,47
637776,49
637789,64
637796,81
637799,67
637803,62
637807,68
637814,79
637817,85
637823,63
637834,80
637835,84
637839,69
637848,73
637861,39
637872,51
637875,72
637876,75
637881,70
637882,75
637883,57
637885,58
637896,44
637904,78
637907,46
637920,57
637921,70
637925,72
637927,54
637930,60
637933,57
637941,49
637942,74
637944,59
637949,74
637953,84
637955,81
637958,73
637959,52
637961,49
637972,61
637973,78
637979,68
637984,79
637988,57
637991,46
637998,87
637999,41
638000,71
638004,60
638010,42
638011,75
638012,63
638016,71
638017,50
638018,55
638023,72
638025,74
638026,81
638027,56
638029,54
638030,66
638037,72
638038,52
638039,58
638042,74
638043,57
638048,75
638053,43
638055,69
638059,45
638065,43
638066,69
638069,79
638074,67
638077,54
638082,70
638084,66
638085,39
638086,46
638087,57
638091,59
638092,58
638093,58
638095,69
638102,51
638104,66
638111,68
638115,67
638119,62
638124,69
638129,59
638135,76
638136,57
638139,64
638143,53
638149,57
638152,59
638159,65
638167,59
638171,75
638175,34
638176,57
638180,55
638186,64
638191,78
638201,55
638209,62
638212,73
638213,64
638219,60
638220,64
638223,77
638229,55
638230,44
638231,85
638232,73
638239,65
638243,89
638247,80
638255,53
638257,69
638261,53
638300,62
638456,54
638464,51
638546,64
638657,87
638721,84
638782,34
638783,79
638957,63
639062,78
639155,61
639179,78
639346,78
639514,69
639712,46
639831,46
639836,47
639845,58
639848,72
639855,78
639858,59
639873,59
639879,76
639880,44
639889,47
639896,78
639898,66
639900,82
639916,61
639922,61
639927,67
639935,50
639936,64
639939,64
639949,54
639950,73
639954,77
639957,44
639960,78
639963,80
639967,72
639972,39
639989,63
640003,75
640017,74
640021,83
640039,43
640042,60
640043,82
640046,83
640048,63
640050,59
640053,87
640055,96
640060,56
640062,78
640067,45
640068,64
640072,53
640074,62
640076,60
640082,44
640086,56
640093,74
640102,104
640106,49
640109,77
640112,72
640115,48
640123,49
640130,63
640136,65
640142,46
640145,48
640147,66
640151,48
640153,66
640158,45
640166,74
640168,75
640176,70
640179,78
640180,59
640183,57
640189,61
640195,86
640197,63
640206,68
640207,64
640210,80
640214,46
640216,70
640220,86
640222,67
640223,103
640237,79
640238,59
640239,75
640245,57
640246,73
640247,63
640249,64
640253,70
640256,65
640258,62
640259,45
640262,69
640263,65
640268,69
640272,78
640274,54
640282,58
640283,59
640286,53
640293,70
640295,65
640297,86
640299,86
640300,50
640303,59
640311,49
640323,72
640325,75
640413,48
640448,59
640557,65
640587,65
640655,72
640665,87
640681,71
640719,80
640733,61
640773,74
640820,67
640903,69
641221,34
641238,75
641323,61
641440,62
641532,76
641616,31
641689,66
641720,54
641823,48
641900,56
641902,54
641904,54
641906,54
641907,54
641909,54
641911,56
641915,55
641917,54
641920,55
641921,60
641922,64
641923,55
641925,54
641928,56
641934,55
641936,55
641937,49
641938,55
641940,55
641942,56
641943,72
641944,57
641948,77
641949,60
641952,60
641955,55
641974,85
641975,55
641981,89
641986,71
641997,68
642001,59
642009,60
642010,71
642013,71
642014,69
642016,62
642020,43
642021,70
642022,41
642024,42
642025,71
642026,43
642027,63
642048,40
642054,46
642061,71
642068,67
642070,68
642075,47
642080,77
642086,55
642092,60
642094,64
642104,89
642108,71
642111,73
642116,67
642118,79
642122,75
642125,68
642127,65
642134,59
642135,71
642136,60
642137,41
642142,57
642147,71
642149,47
642161,46
642163,43
642168,56
642169,48
642170,78
642174,70
642185,50
642193,50
642196,59
642198,61
642206,84
642211,89
642212,51
642227,58
642229,84
642235,65
642236,40
642247,49
642253,57
642256,75
642257,83
642258,53
642262,77
642268,67
642270,64
642276,92
642281,46
642283,48
642285,55
642288,69
642293,73
642295,59
642296,44
642300,71
642312,47
642342,66
642347,69
642349,67
642351,78
642354,82
642357,64
642366,43
642371,51
642375,45
642379,76
642380,55
642387,58
642397,48
642398,52
642400,46
642402,48
642405,57
642406,53
642407,48
642506,54
642523,36
642537,31
642541,30
642548,66
642550,42
642562,52
642579,67
642604,51
642606,32
642649,50
642667,28
642672,20
642683,78
642687,31
642728,76
642750,72
642760,40
642818,82
642859,73
642894,64
643147,78
643155,45
643175,36
643188,31
643220,24
643301,65
643436,48
643455,49
643591,54
643601,72
643704,58
643838,31
643964,46
643975,63
643976,75
643979,92
643982,54
643992,54
643993,78
644000,60
644001,64
644005,66
644009,64
644011,76
644013,79
644019,58
644027,52
644031,73
644035,65
644040,49
644046,72
644048,82
644052,35
644053,69
644059,71
644063,64
644068,69
644072,75
644080,82
644083,39
644098,56
644102,44
644103,41
644104,43
644105,42
644107,41
644108,43
644109,43
644124,43
644126,40
644129,61
644134,76
644135,51
644138,59
644152,60
644154,63
644157,73
644160,60
644164,65
644165,69
644167,64
644168,55
644174,73
644175,53
644176,67
644178,55
644180,56
644181,56
644186,54
644195,56
644198,55
644199,63
644202,54
644204,56
644207,54
644213,56
644215,54
644219,55
644223,62
644230,81
644236,60
644237,60
644238,55
644245,60
644248,67
644249,51
644250,44
644251,50
644253,52
644254,39
644256,46
644259,63
644263,47
644265,52
644266,51
644269,55
644273,56
644276,71
644277,52
644279,77
644284,76
644287,63
644288,53
644289,56
644290,47
644291,79
644293,56
644297,58
644304,49
644310,50
644313,50
644318,49
644319,87
644320,60
644322,74
644329,58
644330,58
644331,49
644334,45
644335,69
644336,58
644338,63
644340,57
644344,49
644346,39
644350,49
644353,54
644356,64
644360,56
644370,54
644373,67
644374,45
644376,63
644378,47
644386,69
644389,57
644395,57
644396,46
644400,66
644412,74
644417,84
644421,56
644422,57
644423,75
644425,56
644430,52
644432,54
644448,44
644449,49
644453,62
644455,81
644461,73
644463,58
644473,58
644480,86
644518,37
644522,42
644599,57
644609,82
644730,64
644746,46
644768,45
644769,44
644780,40
644783,46
644784,44
644787,43
644791,57
644799,36
644806,47
644808,72
644809,69
644812,87
644813,80
644814,77
644815,79
644816,78
644818,71
644820,70
644821,83
644823,68
644824,69
644825,72
644826,57
644827,53
644829,63
644831,69
644832,68
644833,68
644834,68
644835,67
644836,74
644838,62
644840,72
644841,81
644842,73
644843,71
644844,73
644845,57
644846,60
644848,70
644851,56
644852,51
644853,59
644854,57
644855,62
644856,71
644857,55
644858,59
644859,68
644860,50
644861,78
644862,64
644864,69
644867,55
644868,56
644869,74
644870,50
644872,48
644874,75
644875,47
644876,48
644877,48
644878,48
644879,49
644880,45
644882,43
644886,42
644887,43
644888,42
644889,43
644891,76
644892,41
644893,45
644894,47
644895,44
644896,83
644897,39
644899,38
644900,35
644901,36
644902,37
644903,38
644904,37
644905,36
644906,38
644907,74
644908,36
644910,39
644911,39
644912,37
644913,35
644914,40
644915,34
644916,47
644917,34
644919,40
644922,33
644925,46
644927,58
644928,61
644929,39
644930,39
644931,33
644932,32
644933,33
644934,43
644935,38
644938,40
644940,42
644943,31
644944,43
644945,34
644946,32
644949,30
644950,30
644951,33
644952,30
644953,31
644954,33
644956,32
644957,30
644958,29
644959,60
644960,60
645072,67
645112,60
645211,74
645217,30
645218,67
645253,77
645475,45
645484,55
645490,46
645532,41
645557,76
645635,70
645739,58
646015,62
646018,63
646021,79
646024,58
646030,58
646033,82
646035,74
646037,70
646039,64
646046,51
646048,62
646056,42
646058,57
646059,76
646066,64
646068,71
646075,67
646090,60
646094,63
646096,59
646098,90
646100,80
646101,91
646103,67
646109,69
646111,84
646113,61
646122,69
646125,70
646128,66
646132,96
646143,83
646147,60
646150,88
646151,89
646152,76
646154,70
646156,68
646158,61
646160,55
646161,79
646168,62
646170,60
646172,65
646176,70
646184,80
646185,78
646189,58
646191,64
646192,56
646200,63
646202,68
646212,82
646214,63
646222,66
646225,64
646226,60
646235,68
646241,41
646242,78
646250,56
646254,75
646255,63
646257,67
646270,75
646273,46
646282,47
646289,72
646290,68
646297,58
646301,46
646311,47
646318,73
646320,54
646321,51
646327,54
646333,47
646340,46
646345,47
646350,76
646351,85
646352,53
646357,73
646359,74
646361,45
646366,66
646372,51
646374,42
646375,56
646377,40
646382,70
646391,52
646393,52
646396,49
646401,57
646404,52
646407,51
646425,66
646433,50
646434,54
646437,68
646441,80
646450,58
646453,45
646454,82
646458,48
646463,69
646466,82
646468,79
646478,76
646481,78
646484,80
646487,47
646489,75
646493,66
646506,55
646508,46
646509,75
646579,33
646611,40
646618,79
646639,61
646643,65
646657,65
646706,75
646809,73
646853,67
646858,81
646889,67
646907,35
646971,55
646973,28
646974,66
646976,28
646981,27
646984,67
646990,80
646993,48
646996,43
646999,45
647001,65
647021,44
647024,43
647025,53
647082,66
647093,66
647146,46
647167,62
647249,64
647304,55
647453,66
647475,52
647516,102
647599,76
647670,66
647742,89
647837,49
648103,62
648110,89
648111,45
648112,72
648116,67
648121,51
648131,72
648133,58
648135,65
648137,61
648150,42
648156,78
648161,59
648165,59
648167,73
648169,82
648175,63
648185,59
648189,60
648191,74
648202,64
648206,53
648212,78
648213,66
648215,60
648216,80
648218,84
648225,68
648227,84
648231,58
648232,76
648233,65
648239,83
648240,57
648247,65
648249,59
648254,66
648261,75
648265,82
648267,67
648271,75
648274,71
648278,78
648282,81
648288,91
648295,73
648297,63
648299,68
648305,63
648313,68
648318,70
648325,59
648337,77
648339,69
648341,69
648344,42
648345,77
648350,64
648351,65
648355,78
648357,62
648364,61
648366,54
648367,92
648374,84
648378,58
648383,83
648384,61
648394,80
648400,45
648403,88
648407,34
648410,74
648414,54
648417,59
648421,61
648423,59
648424,52
648425,83
648427,63
648429,65
648431,87
648433,74
648434,46
648440,71
648451,62
648453,83
648458,45
648461,63
648470,68
648474,58
648476,81
648478,77
648479,64
648481,39
648485,43
648486,56
648488,73
648503,95
648505,63
648521,64
648523,76
648524,62
648528,62
648530,90
648531,78
648532,56
648535,77
648541,64
648544,61
648548,80
648551,75
648553,70
648554,48
648559,53
648564,49
648565,89
648566,79
648567,76
648568,42
648569,64
648570,43
648572,44
648576,46
648580,78
648582,59
648585,45
648586,58
648592,76
648599,73
648603,45
648605,60
648695,59
648736,29
648769,60
648782,60
648793,47
648893,62
648945,51
649071,45
649108,57
649174,61
649185,77
649244,38
649250,36
649264,74
649265,66
649422,68
649779,64
649816,48
649937,78
649944,68
649974,55
649995,85
650002,64
650004,66
650007,65
650009,83
650013,69
650015,77
650020,81
650029,82
650031,62
650033,87
650039,51
650041,78
650044,55
650063,56
650066,60
650074,72
650080,70
650092,77
650093,78
650107,61
650109,51
650116,72
650120,59
650128,69
650130,53
650139,66
650150,88
650153,62
650162,72
650164,58
650170,64
650172,78
650174,65
650176,49
650182,75
650184,73
650188,75
650189,60
650192,56
650193,64
650194,79
650196,65
650198,65
650200,84
650202,59
650208,77
650210,86
650215,76
650220,82
650221,101
650224,58
650226,77
650229,54
650231,46
650239,78
650245,71
650249,75
650253,61
650256,71
650258,67
650261,57
650265,84
650271,63
650272,71
650275,61
650278,72
650287,75
650289,64
650295,77
650296,75
650298,62
650299,67
650303,63
650308,72
650310,64
650312,70
650314,54
650315,87
650318,47
650319,62
650332,64
650333,47
650337,52
650338,57
650347,69
650348,75
650351,61
650355,60
650356,63
650358,46
650359,72
650361,54
650362,64
650365,60
650366,64
650370,59
650372,69
650375,74
650378,58
650386,61
650390,58
650394,63
650403,73
650419,65
650427,71
650602,77
650616,52
650775,57
650828,26
650894,48
650924,60
651115,52
651219,67
651264,42
651305,65
651362,54
651389,76
651402,61
651436,44
651437,50
651546,49
651592,83
651609,81
651641,43
651642,58
651663,59
651791,53
651853,67
651950,49
651951,73
651971,39
652002,55
652005,53
652008,54
652009,50
652010,54
652012,55
652019,65
652028,58
652030,51
652031,59
652033,41
652034,96
652038,66
652042,67
652044,69
652045,60
652046,58
652047,58
652051,48
652054,70
652055,67
652057,78
652059,67
652062,79
652063,53
652064,57
652067,56
652071,60
652075,60
652081,45
652091,69
652095,74
652099,50
652104,61
652105,69
652108,52
652114,47
652117,61
652119,74
652123,78
652131,87
652137,79
652141,63
652145,76
652147,68
652149,78
652152,76
652154,78
652159,40
652162,78
652168,60
652178,68
652200,63
652203,73
652214,78
652220,65
652221,60
652227,77
652231,60
652238,53
652249,62
652252,85
652254,50
652255,68
652259,72
652260,78
652264,92
652267,68
652271,77
652272,70
652274,81
652280,60
652284,79
652287,55
652297,64
652312,57
652316,56
652318,59
652320,60
652324,59
652330,61
652332,70
652337,52
652341,86
652347,70
652349,46
652350,61
652352,56
652361,60
652363,58
652366,69
652368,82
652374,75
652375,51
652382,68
652383,84
652384,64
652386,77
652388,60
652389,59
652390,86
652393,71
652397,63
652400,72
652403,82
652404,53
652408,63
652420,77
652422,62
652424,60
652426,67
652428,64
652430,63
652432,71
652434,72
652437,53
652438,66
652443,51
652447,73
652448,59
652450,76
652451,61
652453,59
652460,62
652462,60
652468,64
652472,59
652474,60
652477,63
652478,75
652481,73
652487,64
652491,61
652497,60
652525,61
652530,78
652596,83
652678,46
652681,86
652703,51
652708,34
652833,61
652952,66
653015,66
653064,65
653147,68
653184,71
653251,40
653387,27
653413,67
653563,44
653646,45
653647,45
653704,53
653839,76
653848,33
654050,40
654052,53
654055,54
654062,60
654065,71
654080,66
654082,57
654083,69
654089,64
654093,63
654095,48
654101,57
654102,78
654106,64
654108,69
654112,60
654121,75
654125,62
654127,61
654130,58
654136,54
654137,45
654144,60
654152,89
654159,63
654161,76
654163,72
654164,58
654166,65
654169,64
654174,62
654185,70
654187,80
654197,61
654201,82
654206,65
654209,61
654211,82
654212,79
654213,78
654217,69
654221,64
654226,83
654237,67
654240,66
654247,65
654256,64
654261,65
654264,65
654266,66
654271,69
654273,74
654277,76
654278,70
654280,63
654284,79
654287,73
654289,82
654291,60
654293,52
654294,69
654300,64
654304,78
654305,78
654306,68
654308,71
654320,74
654321,72
654330,85
654334,66
654338,73
654339,63
654341,63
654352,45
654358,52
654359,57
654365,52
654371,54
654378,69
654381,70
654382,41
654383,67
654399,78
654403,62
654405,86
654414,69
654416,78
654428,55
654429,58
654433,61
654435,67
654436,61
654438,91
654439,83
654459,85
654462,62
654471,82
654477,64
654480,65
654488,51
654495,77
654503,70
654504,71
654505,53
654510,61
654515,58
654516,67
654519,61
654535,55
654539,86
654540,72
654544,78
654545,56
654547,70
654555,87
654558,61
654561,84
654592,61
654593,45
654624,52
654667,77
654676,89
654682,46
654710,54
654734,39
654750,43
655348,70
655518,64
655806,61
655837,53
655842,43
655899,54
655949,65
656021,77
656107,43
656169,25
656170,31
656226,51
656294,51
656315,42
656441,78
656442,66
656448,74
656458,77
656464,60
656468,70
656470,91
656475,76
656481,71
656483,65
656485,78
656487,71
656490,95
656493,72
656494,75
656498,54
656503,65
656505,87
656509,42
656515,71
656516,82
656523,80
656526,52
656527,72
656533,70
656535,82
656538,63
656539,70
656541,56
656542,48
656548,90
656558,83
656559,53
656560,64
656561,90
656566,69
656569,46
656571,68
656575,67
656576,55
656583,39
656712,72
656769,36
656770,55
656771,98
656888,68
656929,78
656943,54
657004,74
657125,52
657147,72
657560,57
657561,40
657648,69
657707,27
657714,45
657760,66
657792,53
657912,52
657949,58
658003,63
658079,77
658538,83
658553,58
658712,74
658885,82
658887,78
658891,65
658895,63
658896,72
658898,61
658903,64
658908,60
658909,44
658910,85
658915,44
658918,69
658919,65
658920,81
658935,76
658937,55
658949,46
658952,67
658965,75
658970,71
658972,76
658976,82
658977,62
658981,66
658990,66
658991,79
658992,70
658994,63
658997,73
659002,76
659006,60
659012,62
659014,67
659016,69
659018,60
659025,75
659026,63
659030,68
659036,67
659052,60
659058,84
659061,69
659065,64
659067,58
659068,62
659071,58
659075,61
659080,88
659086,61
659089,40
659093,77
659097,79
659101,77
659117,56
659119,79
659122,41
659123,60
659129,79
659130,74
659445,72
659470,34
659500,41
659501,27
659666,31
659682,66
659718,52
659731,78
659841,49
659889,66
659894,43
659904,40
659917,68
659918,40
659926,55
659932,64
659944,54
659952,42
659983,78
660034,43
660046,35
660081,70
660091,45
660092,37
660115,41
660355,79
660395,48
660472,31
660652,47
660722,71
660919,70
660925,82
660927,71
660930,63
660932,62
660934,61
660942,83
660945,62
660952,81
660962,69
660965,72
660966,75
660971,62
660975,67
660978,78
660979,76
660982,65
660988,89
660995,78
661002,86
661008,68
661009,72
661010,101
661014,72
661016,90
661018,64
661020,61
661025,61
661029,74
661036,66
661038,66
661050,42
661052,61
661054,76
661055,81
661056,67
661062,41
661068,77
661069,53
661071,73
661076,61
661080,84
661082,73
661084,63
661086,61
661087,59
661090,64
661093,68
661096,76
661098,51
661100,63
661106,66
661108,74
661110,57
661114,63
661118,67
661123,61
661135,85
661141,90
661143,80
661145,64
661149,61
661160,72
661162,65
661375,30
661691,63
661741,31
661776,30
661777,43
661800,55
661824,37
661825,52
661833,65
661851,53
661876,41
661979,79
662035,69
662090,35
662091,70
662100,49
662102,53
662106,21
662108,56
662141,59
662151,48
662164,45
662165,74
662166,57
662239,75
662240,30
662402,64
662407,38
662444,51
662451,72
662462,41
662463,56
662490,30
662505,55
662537,48
662552,31
662583,53
662584,54
662625,38
662688,67
662743,49
662759,81
662936,74
662938,83
662942,81
662945,73
662950,77
662952,67
662954,62
662956,70
662960,62
662962,75
662964,70
662970,71
662976,83
662977,66
662979,75
662980,78
662981,78
662982,64
662986,95
662987,74
662988,61
662995,69
662996,44
662997,102
663004,63
663006,75
663008,72
663012,66
663014,67
663016,61
663018,66
663020,62
663022,62
663027,92
663029,82
663031,81
663033,69
663038,78
663042,66
663045,79
663047,82
663051,75
663057,65
663059,67
663063,74
663064,65
663067,89
663069,76
663072,75
663076,72
663080,60
663082,65
663084,80
663092,82
663098,72
663099,75
663101,76
663103,62
663108,63
663110,80
663112,79
663116,72
663118,78
663124,77
663127,48
663128,79
663132,56
663138,63
663139,44
663140,64
663141,43
663144,89
663146,65
663147,62
663151,65
663152,66
663154,81
663160,67
663164,61
663166,74
663170,64
663172,68
663174,71
663178,70
663185,61
663186,76
663288,45
663341,73
663571,57
663709,35
663711,33
663790,36
663791,56
663886,47
663905,98
663944,22
663972,27
663975,48
663979,62
663980,55
663981,68
664024,50
664040,67
664044,84
664046,31
664066,36
664073,47
664086,32
664150,32
664170,43
664238,64
664258,34
664285,21
664462,32
664464,57
664521,32
664534,57
664535,58
664547,58
664548,50
664549,53
664572,55
664573,23
664617,55
664645,55
664654,35
664664,50
664669,28
664674,38
664684,65
664696,50
664873,64
664957,97
664959,62
664961,63
664963,86
664966,63
664972,61
664975,75
664977,61
664978,61
664982,76
664984,87
664985,49
664991,58
664993,59
664995,81
665004,66
665007,44
665012,63
665017,63
665021,60
665023,69
665025,63
665030,69
665032,73
665034,67
665036,65
665038,72
665040,69
665041,50
665042,61
665044,46
665046,62
665053,94
665054,76
665056,62
665057,83
665058,59
665060,64
665062,63
665064,76
665066,89
665068,74
665071,75
665075,69
665077,66
665083,61
665084,36
665085,92
665087,61
665089,67
665092,90
665094,69
665100,71
665102,61
665104,70
665108,69
665109,34
665110,96
665113,85
665115,76
665117,97
665119,64
665121,93
665123,61
665134,77
665136,83
665141,71
665142,64
665144,80
665145,63
665146,78
665149,77
665152,83
665153,44
665154,82
665156,69
665157,64
665163,68
665171,75
665173,75
665175,72
665183,41
665185,66
665197,67
665199,73
665206,77
665288,35
665312,82
665326,62
665341,47
665398,75
665625,64
665693,47
665711,92
665728,29
665736,30
665785,40
665856,68
665895,49
665941,40
665961,28
665963,44
665965,65
665988,54
666000,91
666047,43
666051,38
666089,65
666107,55
666114,29
666173,57
666196,61
666428,60
666484,46
666488,31
666499,48
666503,48
666504,54
666507,52
666531,62
666538,36
666546,39
666550,67
666551,53
666552,76
666574,64
666582,40
666589,84
666615,78
666617,32
666629,55
666636,51
666713,76
666715,29
666744,61
666927,49
666981,76
666982,71
666983,72
666984,65
666985,60
666994,78
666997,85
666998,75
667003,69
667007,69
667013,60
667016,71
667019,68
667020,70
667021,82
667027,63
667028,88
667033,80
667035,61
667037,62
667042,51
667044,70
667046,44
667047,80
667048,70
667049,61
667055,79
667056,48
667058,68
667060,77
667062,60
667064,61
667066,66
667068,77
667070,63
667079,58
667091,63
667094,42
667095,77
667097,63
667100,68
667102,64
667108,72
667112,85
667116,59
667118,65
667120,70
667122,85
667126,70
667130,75
667132,80
667134,73
667136,66
667139,63
667140,85
667141,100
667142,72
667146,71
667150,67
667152,64
667160,70
667164,62
667169,53
667175,48
667178,64
667180,73
667182,62
667184,97
667186,82
667188,62
667192,67
667195,69
667200,74
667206,87
667214,79
667218,66
667223,60
667261,44
667651,69
667731,65
667755,85
667776,70
667819,56
667820,73
667851,50
667927,51
667931,79
667932,61
667933,58
668015,70
668065,76
668090,37
668117,82
668140,36
668146,44
668148,36
668149,28
668168,52
668217,56
668415,53
668457,34
668461,51
668499,70
668522,31
668536,23
668546,32
668572,48
668575,66
668622,50
668631,30
668644,32
668649,33
668651,36
668652,50
668655,74
668658,42
668659,52
668660,32
668662,82
668668,65
668679,51
668699,95
668703,41
668705,73
668989,29
669002,68
669004,94
669005,59
669010,67
669013,59
669019,64
669021,73
669023,72
669024,63
669027,65
669029,63
669032,75
669038,68
669042,68
669044,67
669045,79
669047,80
669049,74
669056,61
669058,60
669060,65
669061,81
669065,62
669066,71
669068,60
669069,69
669073,83
669081,64
669087,67
669095,60
669097,60
669102,67
669104,71
669109,70
669111,89
669128,40
669129,67
669135,69
669139,84
669141,71
669143,61
669145,83
669149,61
669157,61
669160,72
669164,69
669166,62
669174,87
669178,75
669179,50
669180,72
669184,66
669186,83
669188,63
669197,63
669202,63
669206,64
669208,79
669210,61
669212,74
669214,75
669221,69
669223,69
669225,84
669229,58
669236,57
669240,65
669241,57
669247,76
669249,81
669252,61
669307,61
669399,63
669640,62
669820,65
669824,89
669836,30
669901,29
669922,57
669935,44
670065,60
670165,32
670174,31
670195,38
670203,38
670252,69
670413,65
670598,38
670654,53
670698,32
670714,58
670939,53
671044,73
671052,72
671056,77
671060,50
671063,68
671064,46
671065,76
671067,70
671071,74
671081,74
671083,79
671085,66
671088,77
671090,65
671092,63
671094,63
671096,69
671097,73
671098,63
671099,66
671100,90
671101,76
671102,50
671103,73
671104,58
671111,74
671114,62
671116,67
671119,67
671121,72
671123,67
671125,74
671128,65
671129,76
671130,63
671135,81
671137,60
671141,80
671143,75
671152,77
671162,73
671164,65
671166,79
671168,76
671170,71
671173,76
671175,77
671188,65
671189,50
671191,70
671198,70
671206,68
671208,78
671210,63
671217,79
671219,40
671223,60
671225,71
671226,71
671231,74
671235,74
671241,69
671245,62
671247,59
671249,71
671256,67
671258,66
671260,67
671262,62
671264,71
671266,70
671274,78
671276,74
671278,74
671279,57
671280,60
671284,67
671412,52
671690,62
671740,55
671864,21
671865,69
671923,66
671951,53
671971,72
672020,53
672103,65
672132,53
672279,33
672399,61
672610,28
672646,58
672667,72
672690,66
673057,43
673059,73
673066,69
673071,78
673073,71
673074,48
673080,70
673082,64
673087,78
673089,64
673091,76
673093,61
673099,63
673101,63
673103,59
673104,65
673106,60
673107,66
673108,63
673109,63
673110,64
673112,63
673115,95
673116,86
673117,66
673121,69
673122,61
673125,85
673126,70
673127,50
673132,66
673134,55
673137,66
673139,75
673141,72
673143,64
673147,83
673153,80
673158,87
673161,74
673163,83
673165,61
673170,73
673171,62
673175,63
673177,63
673180,79
673184,61
673186,65
673188,82
673192,60
673198,70
673200,61
673203,80
673205,84
673207,86
673209,61
673210,96
673212,53
673213,64
673217,62
673222,65
673224,74
673225,68
673229,63
673234,80
673236,62
673240,76
673243,69
673248,66
673249,74
673250,80
673252,68
673258,69
673264,66
673266,87
673268,54
673269,73
673270,80
673273,75
673274,62
673276,70
673277,62
673278,62
673279,66
673280,49
673287,63
673289,61
673293,63
673297,62
673299,78
673617,67
673661,79
673709,29
673710,25
673717,25
673860,63
673880,53
673889,74
673939,45
673945,24
673961,31
674016,32
674103,62
674227,39
674245,32
674268,72
674325,47
674349,31
674371,57
674388,41
674389,72
674400,84
674552,57
674597,74
674602,57
674607,56
674619,38
674622,45
674636,37
674693,74
674775,57
674843,65
674914,58
675058,72
675065,71
675073,76
675075,78
675079,71
675081,63
675086,68
675088,80
675089,92
675091,62
675093,63
675097,61
675100,65
675101,66
675103,60
675106,73
675118,63
675121,65
675126,67
675130,69
675132,88
675135,54
675136,60
675138,79
675142,62
675143,67
675154,64
675166,71
675169,63
675172,62
675173,89
675175,56
675176,60
675187,64
675188,79
675192,79
675195,66
675196,78
675201,62
675205,60
675207,68
675214,40
675215,63
675216,77
675234,70
675237,60
675238,60
675240,67
675242,73
675244,61
675246,63
675250,60
675252,72
675256,61
675260,59
675262,62
675264,62
675266,65
675281,70
675283,83
675285,68
675287,79
675293,72
675295,76
675301,68
675305,64
675311,73
675452,51
675480,59
675599,93
675793,48
675796,32
675829,55
675835,55
675913,40
675930,37
675982,44
675984,60
675985,56
675986,38
676021,45
676027,67
676036,41
676037,63
676070,78
676340,45
676342,36
676380,43
676381,44
676383,26
676411,64
676568,35
676573,47
676576,60
676625,45
676648,64
676748,50
676915,82
677059,70
677061,76
677066,86
677068,62
677070,85
677078,65
677082,68
677086,64
677098,61
677111,76
677112,65
677121,63
677125,71
677127,66
677135,64
677136,62
677138,70
677140,81
677142,80
677144,70
677146,68
677148,71
677150,67
677153,62
677154,62
677155,66
677158,65
677159,76
677160,92
677162,87
677165,60
677167,77
677168,78
677170,78
677172,80
677174,75
677177,61
677179,67
677181,61
677185,64
677187,75
677189,62
677191,62
677193,62
677194,62
677196,79
677205,65
677208,61
677210,73
677216,72
677219,64
677223,65
677227,69
677231,63
677233,66
677234,71
677235,66
677237,66
677240,70
677245,72
677247,71
677249,61
677253,65
677255,71
677257,64
677261,68
677263,78
677265,78
677267,64
677269,69
677279,63
677282,71
677286,74
677288,70
677290,62
677296,75
677298,52
677302,63
677304,69
677320,35
677321,34
677510,63
677682,72
677890,63
677902,43
677975,44
677978,45
678088,62
678229,51
678334,56
678395,56
678618,60
678695,62
678700,39
678711,75
678720,61
678754,53
678756,73
678769,61
678779,27
678902,27
679011,62
679069,52
679070,73
679072,61
679078,66
679082,77
679084,78
679086,68
679099,81
679101,83
679113,97
679117,67
679119,59
679132,74
679136,62
679144,87
679145,68
679146,57
679153,76
679170,90
679180,70
679182,71
679184,63
679194,69
679199,74
679211,68
679212,69
679218,60
679219,72
679225,70
679226,62
679227,73
679228,67
679229,63
679230,77
679234,79
679235,68
679238,63
679240,67
679242,71
679245,74
679247,79
679248,79
679250,89
679254,50
679255,62
679263,67
679264,76
679265,74
679269,79
679278,63
679285,42
679289,63
679292,61
679294,75
679296,93
679299,38
679301,77
679304,68
679308,79
679366,38
679529,56
679576,36
679912,85
679958,48
679982,63
680145,67
680195,44
680208,70
680267,67
680277,56
680350,71
680463,42
680464,76
680471,30
680480,70
680563,21
680570,58
680586,68
680601,57
680651,32
680657,57
680660,56
680699,50
680714,61
680752,79
680762,54
680763,36
680768,34
680782,43
680784,36
680891,77
681078,62
681081,78
681089,67
681097,61
681099,74
681102,64
681109,61
681113,65
681132,66
681141,72
681147,63
681150,68
681155,39
681159,36
681174,81
681198,72
681199,60
681211,77
681217,79
681227,100
681228,71
681239,56
681247,73
681248,46
681254,84
681258,61
681275,57
681295,66
681304,69
681306,73
681308,46
681313,84
681315,63
681328,65
681329,62
681349,71
681365,37
681459,54
681469,74
681612,44
681648,76
681824,62
681869,63
681945,76
682050,32
682052,60
682065,36
682087,36
682110,70
682142,44
682271,56
682347,65
682356,72
682361,46
682366,40
682369,37
682372,27
682386,53
682404,66
682405,64
682430,52
682431,57
682433,30
682434,36
682442,56
682443,80
682455,46
682459,53
682470,59
682478,76
682479,48
682480,27
682507,56
682529,43
682648,35
682840,53
682844,82
682855,98
682860,70
682865,73
682871,42
682872,74
682881,81
682883,88
682891,69
682900,69
682901,90
682904,62
682928,60
682931,76
682941,80
682948,54
682950,51
682953,61
682959,95
682966,64
682968,71
682972,64
682976,68
682998,72
683014,73
683017,66
683022,79
683029,59
683033,76
683038,44
683042,71
683048,85
683058,63
683069,68
683078,65
683081,54
683084,67
683089,70
683093,47
683099,46
683101,45
683103,63
683116,78
683119,57
683127,37
683130,63
683134,82
683137,78
683138,44
683139,62
683141,39
683142,74
683149,60
683159,40
683165,47
683167,83
683168,76
683171,39
683175,73
683176,79
683180,47
683186,41
683190,74
683192,47
683196,56
683198,48
683199,49
683202,89
683206,63
683208,55
683209,43
683210,83
683212,74
683218,70
683223,46
683226,40
683228,59
683229,50
683231,42
683233,67
683237,101
683241,40
683248,47
683253,32
683268,67
683271,85
683274,46
683277,67
683278,67
683280,64
683282,79
683287,39
683292,61
683300,76
683304,62
683305,67
683306,66
683310,70
683314,42
683325,40
683329,44
683489,38
683623,72
683636,86
683654,30
683666,35
683695,42
683738,37
683794,70
683848,60
684021,81
684094,67
684160,77
684257,46
684303,44
684318,55
684320,30
684321,41
684329,40
684330,36
684331,33
684340,40
684355,78
684365,65
684376,56
684388,62
684399,29
684400,46
684411,58
684443,62
684447,57
684451,55
684478,35
684503,32
684508,33
684515,70
684534,56
684548,49
684552,58
684554,37
684623,79
684712,55
684919,29
684920,34
684935,34
685077,78
685082,66
685084,63
685092,62
685095,58
685096,61
685098,83
685107,43
685108,97
685110,97
685112,61
685114,63
685118,63
685123,85
685125,70
685129,83
685131,61
685132,70
685143,60
685146,80
685150,76
685154,65
685156,61
685164,64
685166,72
685168,60
685172,55
685173,65
685174,59
685182,65
685186,72
685190,61
685200,64
685209,60
685214,58
685231,85
685234,74
685236,65
685242,73
685249,38
685263,55
685271,61
685273,65
685284,45
685289,75
685290,61
685292,59
685303,67
685305,68
685313,65
685314,40
685319,68
685320,79
685321,69
685323,86
685325,63
685355,79
685386,31
685552,57
685553,58
685554,66
685567,41
685571,38
685605,55
685613,81
685794,80
685861,46
685943,55
685969,74
686002,51
686035,49
686077,28
686088,71
686092,38
686107,51
686129,61
686196,32
686261,30
686317,68
686319,61
686320,73
686324,66
686325,56
686329,70
686330,46
686334,54
686335,62
686337,77
686339,41
686340,59
686345,88
686346,72
686348,48
686351,76
686354,73
686356,71
686359,46
686364,76
686367,67
686368,93
686369,67
686370,89
686371,43
686372,85
686373,62
686374,83
686383,66
686384,41
686388,41
686390,74
686393,39
686398,66
686399,42
686400,69
686401,36
686402,67
686403,54
686404,64
686405,54
686409,65
686410,70
686415,85
686416,54
686417,63
686418,82
686419,43
686421,51
686423,59
686426,42
686428,40
686430,57
686432,51
686433,90
686434,76
686435,38
686436,79
686439,77
686440,46
686441,65
686442,50
686443,69
686445,89
686450,71
686452,55
686453,45
686455,55
686456,78
686459,63
686462,88
686463,82
686468,77
686470,67
686472,66
686474,40
686476,42
686477,54
686478,42
686479,60
686480,45
686485,66
686487,64
686488,46
686489,67
686490,77
686497,71
686502,68
686503,39
686506,42
686510,44
686512,46
686514,85
686515,67
686519,47
686523,41
686526,69
686535,39
686553,72
686555,57
686614,48
686881,69
686939,29
687073,80
687083,69
687085,68
687095,76
687101,59
687107,83
687109,85
687118,60
687121,71
687141,82
687142,69
687149,71
687151,80
687153,84
687160,67
687169,80
687170,66
687189,65
687206,60
687225,79
687226,82
687232,60
687256,63
687258,64
687274,61
687295,65
687305,81
687307,87
687309,66
687314,60
687325,72
687335,67
687337,85
687339,58
687340,41
687343,64
687345,59
687347,74
687350,60
687352,75
687359,84
687361,73
687365,69
687372,88
687373,65
687375,90
687378,72
687379,47
687381,61
687384,60
687388,61
687391,59
687392,78
687393,62
687395,61
687397,93
687399,93
687401,73
687403,59
687405,58
687408,62
687410,61
687411,83
687412,90
687414,61
687425,72
687429,87
687433,70
687436,65
687439,65
687448,67
687450,70
687456,71
687461,60
687463,40
687464,79
687471,54
687474,81
687482,68
687490,77
687493,67
687495,77
687500,78
687502,62
687506,61
687509,56
687510,73
687511,47
687515,66
687522,71
687523,59
687526,87
687531,75
687541,66
687543,80
687550,72
687551,71
687584,68
687594,56
687599,57
687605,54
687606,58
687608,56
687617,66
687619,60
687620,81
687621,43
687622,57
687623,44
687634,68
687640,59
687648,56
687653,48
687663,64
687666,80
687678,60
687681,71
687684,59
687687,74
687696,57
687704,65
687706,79
687709,76
687715,64
687719,59
687722,58
687725,54
687731,49
687734,57
687740,58
687741,53
687746,39
687747,66
687748,72
687756,59
687760,67
687768,61
687770,63
687772,60
687777,48
687778,68
687779,55
687782,58
687784,43
687785,63
687788,67
687791,76
687806,54
687811,39
687813,81
687814,44
687815,79
687816,67
687817,62
687820,68
687822,41
687823,54
687825,70
687829,79
687840,69
687841,55
687842,69
687845,76
687854,45
687855,58
687857,78
687860,88
687866,81
687868,84
687872,53
687887,68
687891,80
687894,50
687895,73
687897,55
687900,59
687903,78
687905,54
687915,49
687917,62
687923,82
687926,71
687933,63
687934,71
687937,47
687938,75
687947,40
687949,64
687950,54
687951,74
687953,54
687954,44
687956,58
687962,59
687968,68
687970,69
687971,52
687977,79
687979,67
687982,57
687983,51
687994,68
687995,65
687996,47
688003,57
688012,65
688016,79
688024,62
688031,67
688039,77
688047,78
688050,85
688065,69
688069,79
688071,64
688076,56
688085,70
688086,76
688087,58
688093,63
688094,59
688102,66
688106,45
688111,83
688112,57
688114,53
688117,69
688119,62
688120,71
688137,65
688139,63
688144,66
688148,89
688150,79
688152,55
688160,54
688161,77
688162,39
688175,84
688176,49
688178,57
688187,56
688190,73
688196,52
688201,77
688206,58
688213,57
688215,55
688216,56
688220,59
688237,63
688238,38
688241,61
688244,69
688250,63
688252,62
688254,61
688256,89
688264,55
688267,65
688269,69
688272,48
688274,63
688276,58
688278,61
688280,64
688288,62
688294,58
688303,56
688304,87
688307,61
688313,43
688315,42
688316,55
688319,82
688320,66
688329,68
688331,47
688334,68
688456,73
688483,56
688506,73
688699,22
688718,82
688791,61
688859,37
688874,42
688875,69
688880,44
688881,45
688884,44
688885,57
688886,59
688887,55
688891,64
688894,57
688895,52
688899,54
688900,70
688902,58
688903,41
688914,56
688918,39
688920,40
688924,38
688927,38
688928,71
688930,69
688934,45
688936,44
688940,37
688944,46
688947,64
688949,66
688950,43
688951,79
688952,74
688962,64
688964,38
688965,74
688967,44
688969,42
688974,72
688978,62
688980,80
688982,72
688984,70
688988,63
688993,67
688994,61
688995,40
688997,46
689000,55
689002,67
689003,52
689004,66
689008,39
689011,57
689028,62
689034,73
689036,76
689038,55
689039,37
689040,70
689042,56
689043,43
689045,40
689046,54
689053,37
689055,37
689057,62
689058,51
689064,57
689066,49
689068,60
689070,55
689071,53
689073,65
689078,77
689081,53
689085,63
689094,56
689095,38
689103,46
689107,51
689115,44
689119,41
689180,79
689182,51
689191,58
689204,74
689208,85
689215,38
689217,55
689225,44
689229,40
689233,63
689234,63
689237,68
689242,76
689244,73
689245,40
689250,61
689252,38
689254,40
689292,76
689295,86
689300,77
689304,48
689309,51
689314,59
689325,53
689328,54
689331,65
689334,42
689343,73
689347,68
689353,58
689358,50
689364,61
689379,68
689381,77
689383,69
689389,67
689392,66
689394,63
689395,62
689398,62
689400,78
689401,77
689403,59
689405,75
689407,73
689409,40
689410,80
689413,80
689418,76
689425,47
689428,54
689429,73
689436,49
689441,40
689445,65
689448,69
689449,57
689450,63
689453,69
689455,44
689460,50
689461,55
689466,85
689467,70
689468,73
689470,104
689472,61
689475,67
689479,77
689497,60
689502,65
689504,56
689510,59
689517,91
689531,59
689537,75
689538,41
689540,58
689542,73
689543,72
689544,67
689546,76
689550,81
689552,57
689554,64
689557,60
689559,45
689560,52
689561,61
689563,55
689564,66
689566,59
689568,50
689574,55
689575,60
689581,76
689587,62
689592,54
689601,71
689603,63
689612,48
689616,57
689622,59
689624,73
689627,70
689639,49
689643,84
689645,78
689647,56
689650,58
689651,73
689652,71
689658,77
689659,52
689675,52
689686,49
689689,67
689699,52
689706,64
689707,69
689708,53
689709,34
689712,56
689717,52
689722,49
689723,60
689728,63
689729,72
689734,65
689735,70
689737,63
689742,76
689745,67
689753,72
689756,67
689757,52
689759,80
689762,71
689763,74
689764,64
689771,77
689778,65
689785,57
689786,67
689790,52
689794,65
689795,52
689798,57
689799,84
689803,84
689805,60
689806,64
689812,83
689813,60
689815,60
689816,53
689818,56
689828,90
689829,72
689834,67
689835,55
689837,54
689842,68
689843,66
689858,51
689859,72
689862,75
689866,50
689867,40
689869,72
689876,48
689878,48
689880,45
689892,54
689913,76
689919,60
689926,43
689940,72
689951,85
689959,82
689962,58
689970,53
689973,67
689979,76
689984,66
689985,51
689992,85
689993,63
689994,61
689997,78
690001,61
690002,80
690004,60
690013,80
690022,79
690035,55
690037,56
690058,61
690064,72
690065,73
690070,65
690085,83
690089,54
690093,62
690097,48
690099,50
690125,77
690131,44
690132,76
690151,40
690152,33
690258,69
690346,62
690499,38
690500,27
690573,55
690575,26
690576,46
690667,44
690674,55
690678,57
690680,58
690681,39
690685,73
690692,56
690693,59
690696,65
690698,49
690705,55
690708,59
690710,62
690711,51
690712,49
690716,54
690717,55
690718,79
690720,61
690721,77
690725,58
690729,54
690733,78
690735,51
690737,64
690742,70
690745,60
690747,57
690752,38
690754,52
690755,66
690757,57
690758,45
690765,60
690771,43
690775,74
690779,84
690781,57
690787,39
690788,71
690789,40
690791,37
690793,37
690794,69
690796,37
690798,38
690804,37
690805,52
690807,78
690808,37
690809,55
690810,42
690813,73
690815,81
690816,37
690817,56
690818,55
690819,55
690820,40
690821,78
690823,53
690827,59
690833,55
690838,77
690845,57
690846,46
690848,42
690849,77
690850,54
690855,83
690857,80
690859,81
690860,47
690868,80
690869,54
690870,43
690873,86
690875,82
690876,38
690879,85
690886,39
690888,95
690889,57
690890,37
690895,55
690896,56
690897,58
690899,53
690901,65
690906,79
691043,57
691079,65
691134,93
691167,63
691184,54
691186,77
691190,74
691191,61
691192,42
691193,43
691195,42
691208,66
691211,62
691212,55
691213,54
691215,43
691216,75
691217,39
691218,71
691221,72
691222,40
691224,41
691227,52
691229,62
691231,67
691235,52
691237,44
691239,65
691241,43
691242,66
691246,75
691248,68
691250,79
691256,78
691258,59
691259,60
691261,81
691263,64
691264,41
691266,38
691269,45
691272,61
691274,62
691276,77
691280,46
691281,67
691283,53
691285,65
691288,41
691289,62
691290,55
691293,62
691294,64
691299,39
691300,63
691302,53
691303,47
691305,60
691306,59
691309,41
691310,72
691313,66
691314,57
691315,54
691321,44
691322,46
691324,70
691327,60
691330,39
691333,56
691334,75
691337,60
691340,40
691341,87
691342,39
691343,57
691344,41
691345,74
691346,39
691347,92
691350,41
691351,57
691352,43
691356,60
691359,74
691364,38
691367,70
691371,81
691372,54
691373,94
691374,77
691375,76
691376,57
691377,62
691379,54
691382,57
691384,76
691385,61
691389,61
691390,41
691392,71
691399,52
691407,79
691412,54
691418,39
691420,79
691423,60
691428,50
691431,47
691432,76
691435,75
691437,79
691439,42
691444,41
691452,39
691453,67
691454,39
691457,66
691458,40
691460,57
691470,63
691471,74
691473,58
691475,39
691476,68
691479,99
691480,39
691485,39
691486,83
691487,39
691489,39
691492,40
691493,74
691495,39
691496,71
691498,39
691500,40
691502,75
691503,39
691506,69
691509,70
691510,43
691511,71
691516,44
691526,41
691528,64
691529,44
691531,43
691534,43
691535,67
691538,62
691545,64
691552,45
691553,41
691555,42
691559,42
691562,42
691564,43
691566,61
691567,41
691569,60
691571,40
691572,53
691574,79
691582,65
691588,75
691591,52
691619,50
691623,80
691630,72
691634,63
691636,41
691637,76
691639,73
691641,41
691643,67
691644,43
691648,77
691650,76
691653,77
691656,51
691659,73
691660,79
691662,60
691665,94
691667,51
691668,78
691671,75
691677,72
691679,69
691681,62
691682,54
691686,69
691688,95
691691,80
691701,69
691702,55
691708,72
691709,62
691712,53
691713,67
691715,63
691717,82
691720,90
691722,85
691726,73
691730,39
691731,66
691734,75
691737,62
691739,56
691740,59
691746,47
691749,65
691755,57
691758,64
691760,52
691761,57
691763,80
691767,76
691769,69
691770,66
691773,64
691780,64
691783,70
691786,78
691787,77
691790,69
691793,61
691794,43
691795,41
691796,62
691801,63
691804,64
691806,63
691807,78
691808,74
691810,59
691811,54
691812,73
691819,57
691826,40
691832,45
691833,65
691835,61
691838,47
691839,81
691842,82
691845,72
691846,50
691849,59
691850,81
691860,61
691862,44
691864,52
691870,52
691875,47
691881,55
691890,82
691898,45
691900,70
691901,45
691905,67
691910,48
691917,52
691923,69
691941,56
691946,54
691950,57
691954,59
691956,66
691958,55
691964,52
691966,59
691973,92
691986,44
691988,56
691993,42
692000,44
692006,69
692008,57
692018,43
692020,51
692021,51
692029,45
692045,42
692050,59
692063,51
692072,45
692074,60
692084,51
692089,62
692100,59
692107,71
692112,55
692128,51
692133,56
692146,57
692157,38
692160,76
692166,78
692178,83
692180,71
692397,68
692416,40
692426,49
692427,47
692547,75
692634,50
692635,69
692707,43
692712,52
692718,43
692720,65
692726,77
692727,41
692728,50
692729,48
692730,42
692736,56
692739,42
692741,37
692742,37
692743,37
692744,37
692745,37
692747,39
692749,37
692750,37
692752,37
692753,37
692754,48
692758,41
692760,44
692763,37
692764,71
692769,39
692772,49
692775,53
692781,65
692794,48
692801,53
692802,53
692808,54
692811,49
692812,47
692813,37
692814,37
692817,39
692819,40
692820,37
692821,37
692824,39
692825,89
692826,37
692829,40
692830,37
692831,37
692833,37
692834,37
692835,38
692836,37
692844,44
692852,51
692854,45
692861,80
692874,79
692876,45
692879,42
692883,59
692886,65
692888,62
692891,48
692893,78
692894,44
692896,60
692897,37
692898,37
692899,38
692901,38
692905,37
692906,37
692908,57
692910,40
692911,43
692914,37
692915,85
692920,56
692921,45
692922,70
692925,51
692926,74
692927,37
692931,37
692937,76
692941,46
692943,52
692944,66
692947,40
692951,45
693104,77
693219,75
693222,67
693224,58
693226,79
693230,60
693235,57
693240,58
693248,76
693254,90
693256,60
693261,60
693263,77
693267,66
693268,69
693270,87
693271,45
693272,56
693277,77
693285,79
693289,57
693290,63
693292,66
693294,64
693299,74
693303,62
693313,65
693315,80
693320,75
693330,68
693332,78
693337,70
693342,69
693347,74
693359,57
693361,58
693365,71
693369,62
693371,54
693376,75
693378,61
693388,45
693389,81
693391,75
693392,80
693396,70
693397,39
693398,83
693399,41
693402,62
693406,60
693410,54
693412,97
693415,60
693419,78
693421,78
693425,59
693429,62
693443,38
693444,58
693446,57
693448,63
693450,54
693453,89
693456,66
693458,70
693459,41
693465,49
693469,49
693473,89
693480,61
693483,56
693485,54
693486,49
693487,61
693488,43
693493,60
693503,84
693504,57
693507,78
693509,56
693513,76
693515,57
693518,76
693523,40
693526,39
693527,73
693532,63
693543,78
693546,53
693548,73
693550,49
693558,58
693576,43
693578,63
693579,70
693580,60
693585,49
693586,42
693588,98
693590,59
693592,74
693595,60
693596,61
693597,86
693600,42
693602,76
693605,77
693607,76
693608,61
693609,53
693611,56
693614,49
693617,42
693618,56
693619,63
693620,47
693627,58
693629,40
693631,68
693632,39
693635,66
693636,60
693637,86
693639,60
693641,63
693642,54
693647,62
693650,39
693651,43
693654,76
693655,67
693657,39
693658,73
693660,39
693663,39
693664,67
693665,57
693666,39
693669,39
693670,49
693671,79
693674,40
693676,39
693677,62
693678,38
693679,56
693680,76
693681,39
693682,70
693684,39
693686,47
693692,60
693695,49
693698,55
693700,43
693701,61
693708,51
693713,56
693720,80
693721,50
693723,61
693724,46
693729,59
693730,70
693733,77
693734,52
693735,53
693736,63
693737,66
693738,61
693739,77
693741,63
693743,85
693744,69
693748,80
693754,84
693755,68
693757,57
693760,60
693763,76
693764,68
693766,91
693767,55
693771,68
693772,68
693774,69
693775,70
693778,68
693779,61
693783,72
693785,67
693786,70
693788,64
693791,48
693797,58
693805,46
693806,79
693807,74
693810,55
693813,58
693815,64
693818,73
693824,73
693826,61
693827,46
693828,45
693831,47
693832,78
693837,52
693839,62
693843,56
693846,52
693861,57
693874,44
693875,74
693877,73
693878,72
693880,83
693882,87
693885,73
693886,72
693890,81
693902,78
693907,78
693914,80
693922,50
693928,88
693939,52
693940,47
693941,54
693946,44
693947,73
693951,53
693952,78
693954,79
693968,54
693975,64
693977,59
693982,61
693984,61
693988,77
693990,71
693993,59
694003,57
694007,68
694012,38
694026,78
694037,56
694041,62
694042,72
694047,64
694049,55
694050,45
694053,57
694057,61
694062,63
694064,77
694072,59
694088,83
694090,80
694096,42
694102,79
694103,55
694104,77
694105,44
694108,57
694116,67
694120,73
694126,40
694128,49
694130,49
694132,69
694133,44
694134,46
694141,79
694147,59
694151,56
694154,77
694159,75
694163,68
694165,80
694166,48
694173,93
694175,64
694178,58
694180,60
694185,71
694187,70
694188,50
694189,81
694190,58
694198,76
694200,88
694206,62
694210,57
694217,73
694482,60
694485,27
694486,68
694584,62
694615,65
694732,55
694734,64
694735,42
694736,56
694738,75
694746,48
694749,51
694752,39
694760,41
694775,48
694781,46
694782,56
694785,44
694790,55
694794,53
694796,54
694801,41
694809,74
694812,49
694815,56
694821,64
694823,77
694827,77
694829,50
694830,44
694833,45
694838,61
694839,55
694841,43
694843,52
694846,83
694847,40
694854,41
694857,39
694863,41
694864,37
694867,57
694868,37
694869,37
694871,37
694875,37
694877,37
694880,40
694892,45
694894,62
694899,40
694900,38
694903,43
694907,44
694911,68
694916,74
694919,47
694922,38
694923,40
694924,40
694930,38
694931,57
694937,37
694939,37
694940,37
694942,37
694946,38
694948,37
694949,41
694950,48
694958,49
694960,50
694961,68
694962,41
695033,38
695034,32
695147,56
695148,36
695156,61
695162,30
695163,51
695190,35
695218,76
695235,63
695239,62
695241,86
695245,60
695250,73
695255,56
695256,58
695259,81
695265,42
695266,40
695268,44
695270,40
695273,59
695275,84
695281,38
695285,74
695287,56
695291,81
695297,84
695301,76
695305,77
695309,90
695311,62
695314,51
695316,39
695317,74
695319,38
695321,42
695322,64
695326,58
695332,63
695334,72
695338,57
695342,55
695353,76
695355,57
695360,61
695362,63
695364,57
695366,58
695367,64
695380,86
695383,60
695385,61
695390,56
695394,70
695396,56
695398,77
695405,70
695408,76
695409,38
695410,54
695416,58
695418,69
695420,60
695422,61
695424,56
695428,89
695429,50
695432,76
695433,42
695438,71
695440,57
695442,73
695446,56
695447,54
695450,87
695451,40
695452,82
695461,64
695463,67
695466,80
695467,50
695468,61
695472,65
695479,61
695484,41
695485,57
695487,62
695513,62
695533,37
695613,58
695645,75
695700,72
695746,78
695751,75
695752,86
695755,58
695761,75
695769,51
695770,68
695772,47
695776,45
695781,50
695784,91
695786,63
695787,79
695788,66
695790,60
695792,74
695798,74
695799,50
695803,75
695807,64
695809,74
695810,70
695811,68
695814,65
695819,60
695821,84
695827,42
695829,73
695831,53
695834,60
695835,72
695839,57
695846,62
695848,77
695849,57
695850,55
695856,56
695858,58
695859,59
695864,49
695873,47
695874,63
695875,77
695876,48
695878,66
695879,50
695882,68
695884,69
695886,86
695889,67
695894,67
695897,89
695898,94
695899,60
695902,69
695905,78
695906,57
695910,73
695911,75
695914,63
695918,35
695919,59
695922,57
695925,69
695927,72
695934,71
695937,43
695942,72
695947,59
695948,76
695949,59
695950,71
695953,67
695955,68
695956,85
695957,77
695958,71
695959,46
695961,78
695965,68
695975,70
695976,53
695979,53
695981,74
695982,73
695987,80
695989,80
695992,47
695993,70
695994,60
696000,76
696004,55
696009,44
696010,77
696012,63
696013,83
696015,64
696016,76
696018,62
696022,66
696025,70
696027,78
696036,61
696046,60
696050,57
696058,67
696060,55
696063,47
696064,57
696067,45
696073,45
696074,99
696075,78
696077,69
696080,51
696085,69
696088,60
696091,52
696094,86
696119,87
696121,53
696127,57
696131,62
696133,58
696139,56
696143,78
696147,42
696149,78
696150,44
696153,60
696155,67
696159,65
696161,80
696168,56
696172,50
696174,38
696182,58
696187,83
696195,65
696198,47
696203,58
696209,88
696210,55
696211,43
696213,43
696214,69
696216,46
696218,48
696219,62
696221,55
696223,59
696234,59
696236,67
696253,76
696344,63
696355,71
696518,64
696527,72
696575,45
696576,45
696578,45
696686,77
696715,41
696759,70
696766,57
696769,45
696771,60
696774,63
696775,65
696778,80
696780,48
696784,47
696788,79
696789,46
696791,83
696793,90
696795,84
696796,54
696797,75
696800,97
696802,87
696806,97
696814,69
696817,40
696818,77
696822,67
696823,43
696824,65
696826,67
696828,69
696829,62
696838,58
696840,59
696844,66
696845,46
696853,49
696855,47
696858,74
696861,51
696862,78
696863,45
696864,82
696870,58
696872,69
696874,77
696880,87
696888,48
696891,81
696892,37
696893,49
696895,49
696898,50
696900,49
696905,48
696908,50
696910,50
696911,40
696912,54
696913,49
696915,44
696916,50
696918,48
696920,49
696924,65
696925,49
696926,69
696928,64
696930,66
696931,78
696940,63
696941,62
696942,56
696946,60
696949,67
696950,53
696952,59
696957,55
696961,54
696963,76
696964,41
696965,53
696967,80
696968,45
696972,85
696974,74
696976,75
696981,46
696986,55
696994,61
697008,75
697012,79
697013,54
697014,82
697178,52
697284,73
697298,75
697299,54
697301,82
697304,66
697308,61
697309,89
697310,56
697312,81
697314,56
697318,60
697320,58
697323,76
697331,56
697335,76
697337,66
697340,83
697344,58
697349,73
697352,84
697362,41
697363,68
697365,73
697367,41
697373,76
697375,84
697379,76
697381,67
697383,82
697385,56
697387,56
697390,38
697392,82
697394,38
697395,58
697396,39
697398,38
697399,90
697404,83
697406,56
697410,63
697413,61
697415,56
697420,40
697422,70
697427,73
697434,61
697438,74
697443,55
697445,57
697446,46
697450,57
697454,76
697461,66
697462,43
697463,61
697467,58
697478,54
697481,68
697487,56
697489,68
697495,62
697499,79
697501,56
697505,55
697509,40
697510,68
697512,44
697514,43
697516,42
697517,84
697518,40
697520,42
697522,39
697528,57
697530,55
697561,65
697637,54
697698,28
697731,57
697750,53
697761,65
697787,65
697792,64
697794,63
697799,57
697802,75
697803,40
697805,66
697807,93
697809,65
697810,86
697812,62
697813,74
697818,64
697819,45
697821,51
697822,46
697823,76
697827,46
697829,69
697831,61
697837,57
697838,55
697840,50
697841,57
697843,56
697846,56
697850,45
697852,81
697853,48
697857,91
697859,40
697861,51
697865,52
697867,51
697869,56
697874,62
697875,66
697878,70
697881,57
697883,75
697886,78
697891,56
697893,44
697899,63
697903,55
697904,60
697906,56
697907,69
697908,64
697912,53
697916,71
697918,72
697919,41
697921,74
697926,74
697928,58
697929,78
697931,69
697932,73
697933,75
697934,62
697937,67
697943,54
697964,64
697970,46
697975,58
697980,89
697984,81
697985,48
697988,72
697989,59
697990,83
697991,67
697992,65
697993,48
697995,58
697999,67
698007,49
698010,74
698013,46
698014,74
698016,76
698017,66
698019,47
698020,67
698023,61
698026,63
698032,63
698036,68
698038,66
698040,39
698041,78
698042,67
698049,77
698050,53
698051,72
698054,38
698057,40
698058,65
698060,76
698061,41
698062,74
698077,45
698080,58
698085,61
698087,65
698097,76
698100,66
698115,55
698120,74
698121,52
698123,65
698125,63
698127,58
698128,39
698131,64
698135,82
698141,57
698143,92
698153,59
698155,63
698159,56
698162,57
698176,57
698180,55
698184,57
698194,55
698195,63
698196,38
698201,47
698207,58
698209,58
698217,56
698219,61
698221,59
698223,93
698233,78
698234,50
698235,60
698237,68
698242,59
698248,60
698249,89
698251,58
698252,38
698253,78
698255,58
698257,56
698259,72
698261,55
698265,57
698271,67
698275,76
698276,62
698283,55
698285,71
698287,57
698289,81
698376,88
698755,59
698756,54
698757,49
698758,44
698783,56
698808,51
698810,51
698813,50
698816,52
698819,55
698821,55
698824,56
698830,65
698836,55
698838,59
698844,46
698845,52
698847,50
698849,50
698850,69
698853,52
698857,53
698858,51
698859,63
698867,62
698869,47
698871,66
698874,50
698876,41
698879,54
698887,59
698888,53
698889,79
698890,65
698891,43
698892,72
698899,45
698903,79
698905,70
698909,63
698915,77
698916,71
698922,49
698925,45
698927,54
698930,48
698936,52
698937,73
698938,76
698944,42
698947,89
698949,63
698951,50
698952,38
698953,67
698954,42
698957,41
698959,39
698961,37
698966,39
698967,48
698970,69
698971,71
698981,60
698983,76
698984,40
698985,56
698987,77
698989,42
698990,40
698991,39
698996,84
698997,66
699002,80
699004,74
699005,46
699009,57
699010,61
699015,66
699017,70
699023,72
699025,64
699026,60
699027,57
699028,43
699029,61
699031,75
699032,71
699033,70
699035,54
699036,50
699037,64
699040,47
699041,84
699042,67
699044,66
699046,63
699052,82
699063,56
699065,35
699083,72
699116,45
699131,67
699148,65
699184,77
699236,73
699284,66
699320,38
699325,61
699345,65
699347,45
699350,82
699353,63
699355,62
699357,79
699359,79
699364,58
699370,57
699374,64
699384,45
699386,75
699394,54
699400,83
699403,79
699405,56
699407,61
699409,68
699410,91
699412,55
699414,59
699421,47
699422,67
699423,38
699425,57
699428,74
699432,60
699433,61
699437,62
699448,90
699453,65
699455,65
699461,56
699463,56
699465,55
699467,85
699472,72
699474,59
699478,68
699479,65
699481,67
699489,63
699490,58
699494,82
699501,65
699502,47
699503,68
699505,54
699507,62
699508,69
699509,64
699523,56
699526,43
699527,78
699529,40
699534,63
699536,52
699537,55
699538,47
699544,59
699547,64
699549,51
699552,60
699554,74
699561,41
699562,79
699564,76
699565,40
699567,77
699568,72
699606,54
699610,24
699627,70
699673,58
699715,44
699739,61
699760,27
699805,39
699831,66
699841,63
699844,53
699847,61
699851,46
699854,68
699856,45
699859,56
699861,53
699864,73
699866,45
699869,55
699871,89
699877,44
699885,55
699893,84
699894,46
699897,67
699898,63
699905,65
699906,69
699912,73
699927,74
699928,70
699930,76
699940,59
699941,41
699942,45
699943,76
699951,53
699953,49
699956,45
699967,73
699968,62
699970,55
699976,81
699977,69
699979,61
699981,52
699984,48
699986,47
699989,71
699990,58
699997,49
699998,57
699999,69
700004,48
700011,50
700013,56
700015,78
700016,77
700018,56
700019,45
700020,73
700026,57
700029,76
700033,56
700036,65
700041,80
700048,50
700050,64
700053,63
700054,70
700066,70
700070,62
700072,57
700074,43
700075,42
700076,79
700077,52
700081,57
700091,62
700092,90
700102,45
700112,64
700115,38
700118,62
700142,85
700146,71
700148,62
700151,66
700156,70
700165,70
700167,63
700173,62
700174,57
700179,46
700183,51
700192,84
700196,66
700200,65
700204,68
700214,73
700216,66
700218,71
700220,58
700223,62
700227,59
700236,83
700244,63
700246,57
700248,75
700253,55
700257,70
700261,65
700268,61
700269,64
700284,55
700294,76
700296,74
700299,70
700301,65
700304,43
700305,81
700307,55
700308,45
700314,44
700316,43
700320,44
700325,70
700330,72
700332,58
700354,60
700374,27
700375,30
700376,33
700377,35
700432,61
700443,70
700751,40
700783,63
700871,63
700872,50
700873,55
700877,68
700880,70
700882,43
700883,72
700887,58
700889,64
700892,37
700893,37
700894,70
700899,58
700900,61
700903,74
700906,51
700911,79
700912,43
700915,43
700922,54
700924,50
700928,50
700944,63
700945,78
700946,58
700951,63
700954,38
700956,42
700957,55
700959,72
700972,54
700973,47
700978,39
700980,42
700981,77
700984,54
700985,73
700987,71
700997,65
701001,51
701002,55
701003,64
701007,52
701008,92
701010,82
701014,69
701023,62
701028,55
701032,52
701034,53
701036,40
701037,52
701039,90
701040,85
701041,52
701042,59
701043,76
701044,43
701054,47
701065,56
701066,45
701071,54
701074,51
701075,72
701076,53
701078,74
701085,92
701087,29
701091,52
701097,51
701101,42
701102,62
701104,64
701111,77
701115,65
701274,66
701318,63
701332,35
701366,82
701388,37
701403,57
701405,60
701407,56
701410,57
701412,81
701421,38
701422,58
701424,81
701426,58
701428,75
701430,59
701432,69
701433,54
701434,66
701435,71
701439,59
701443,56
701445,79
701448,41
701449,56
701451,62
701453,69
701456,79
701458,76
701464,78
701470,74
701471,41
701474,41
701475,60
701480,53
701482,57
701487,54
701489,57
701491,58
701496,78
701498,57
701499,66
701504,56
701506,74
701508,58
701510,57
701512,64
701513,61
701518,79
701524,54
701530,57
701532,54
701534,57
701541,65
701545,79
701546,45
701553,60
701554,78
701557,57
701561,77
701565,83
701573,83
701574,41
701576,38
701577,55
701579,88
701581,51
701583,56
701586,69
701588,62
701590,61
701594,75
701596,62
701598,55
701604,82
701606,58
701608,58
701612,55
701613,62
701615,45
701616,61
701618,57
701622,75
701624,38
701625,54
701627,45
701630,66
701631,42
701632,56
701633,38
701634,58
701635,39
701636,86
701748,78
701752,59
701753,59
701763,55
701764,25
701765,40
701766,33
701767,38
701769,31
701772,26
701774,80
701775,31
701777,32
701778,27
701779,32
701780,27
701781,31
701783,38
701784,33
701785,33
701789,26
701790,29
701792,27
701793,27
701794,27
701795,27
701797,28
701798,28
701799,27
701800,28
701801,29
701802,31
701803,32
701808,26
701809,31
701811,40
701814,77
701815,43
701816,34
701818,25
701819,28
701820,59
701821,24
701825,26
701826,31
701827,24
701828,30
701829,26
701831,65
701832,30
701833,25
701835,30
701836,52
701837,27
701838,28
701840,25
701841,64
701842,24
701843,28
701844,26
701845,27
701846,32
701847,34
701849,30
701877,61
701891,56
701893,53
701895,69
701897,81
701898,82
701904,63
701907,54
701913,41
701918,39
701922,59
701929,58
701932,65
701944,48
701946,63
701948,69
701953,40
701966,57
701969,57
701971,66
701973,49
701975,68
701977,81
701986,78
701991,82
701993,71
701998,42
702003,44
702008,42
702010,73
702012,70
702013,66
702024,70
702033,67
702037,79
702038,62
702044,73
702057,69
702058,63
702061,66
702064,80
702066,66
702067,63
702071,64
702073,54
702074,58
702078,54
702080,82
702081,58
702086,45
702087,40
702090,73
702091,59
702096,52
702097,84
702102,49
702104,63
702107,50
702108,62
702111,38
702114,74
702116,47
702118,50
702122,50
702126,63
702132,63
702136,53
702138,49
702146,43
702149,82
702151,64
702155,65
702156,46
702159,61
702163,85
702165,69
702167,70
702173,78
702174,50
702175,70
702177,92
702182,62
702184,66
702188,56
702191,55
702195,65
702196,61
702202,77
702204,67
702208,74
702210,69
702214,80
702216,76
702218,59
702226,84
702231,55
702232,56
702234,59
702236,60
702238,56
702241,56
702243,60
702247,79
702248,49
702249,66
702251,48
702256,70
702261,54
702262,55
702263,67
702265,64
702267,75
702269,56
702272,55
702273,68
702279,87
702284,57
702293,82
702295,61
702300,38
702302,56
702303,55
702309,78
702310,55
702311,67
702315,60
702317,60
702320,73
702322,55
702326,58
702330,82
702332,57
702336,60
702339,56
702343,88
702346,68
702350,94
702357,56
702363,69
702365,72
702369,48
702371,60
702382,71
702385,43
702561,56
702787,78
702800,54
702913,42
702915,53
702917,79
702920,61
702921,43
702924,64
702932,79
702939,51
702940,64
702942,70
702943,45
702952,69
702953,40
702954,64
702955,56
702956,63
702957,62
702960,37
702961,68
702962,37
702964,37
702965,86
702966,37
702970,70
702973,71
702975,54
702978,72
702980,86
702983,37
702989,69
702990,95
702995,54
702996,55
702998,64
703002,64
703005,51
703010,46
703013,67
703017,55
703018,60
703019,56
703020,69
703029,61
703032,61
703043,86
703044,59
703047,45
703048,76
703050,61
703052,51
703054,63
703062,77
703065,82
703076,42
703077,80
703078,41
703079,56
703081,64
703083,68
703086,77
703088,57
703089,39
703093,42
703096,67
703097,74
703099,75
703100,74
703101,63
703107,44
703110,56
703120,67
703121,55
703122,49
703124,43
703127,56
703128,54
703135,83
703139,45
703145,43
703149,64
703151,39
703152,56
703155,69
703161,80
703162,72
703282,79
703380,60
703440,59
703444,56
703446,74
703448,88
703450,56
703452,76
703455,62
703468,64
703470,85
703477,57
703481,60
703482,53
703483,64
703485,74
703487,60
703489,58
703491,63
703493,81
703496,64
703498,67
703501,66
703502,58
703507,59
703511,56
703513,58
703514,70
703516,60
703518,56
703522,78
703523,45
703528,85
703535,74
703539,64
703541,55
703543,75
703546,75
703548,77
703550,80
703552,59
703555,63
703556,43
703557,62
703558,56
703559,86
703561,74
703562,79
703563,68
703565,89
703567,59
703571,57
703577,64
703579,68
703582,75
703586,82
703592,78
703594,69
703596,55
703598,60
703602,57
703604,58
703608,64
703609,54
703611,41
703613,39
703626,77
703628,69
703632,56
703639,55
703643,56
703645,59
703646,55
703647,75
703654,80
703658,63
703660,66
703662,68
703670,56
703672,74
703683,74
703813,53
703836,27
703954,44
703958,86
703959,56
703961,82
703962,60
703964,77
703965,48
703966,57
703967,70
703969,55
703970,69
703972,46
703978,75
703980,45
703985,45
703986,44
703989,46
703992,43
703995,43
704004,74
704009,64
704011,42
704012,57
704013,70
704018,61
704019,93
704021,62
704022,50
704025,53
704026,87
704028,48
704029,55
704031,59
704032,57
704035,62
704040,56
704041,51
704043,61
704049,52
704050,48
704052,77
704053,77
704055,57
704057,52
704059,46
704060,50
704061,69
704062,45
704066,60
704067,66
704072,76
704075,45
704076,72
704082,86
704085,65
704086,81
704088,61
704094,57
704107,52
704109,51
704112,66
704113,62
704115,62
704118,65
704119,44
704123,47
704125,73
704126,49
704133,63
704138,52
704139,58
704141,58
704143,57
704144,63
704145,68
704153,64
704154,69
704156,77
704157,71
704160,69
704162,76
704166,46
704168,75
704169,47
704171,87
704172,51
704174,58
704176,43
704177,76
704181,78
704183,60
704186,45
704188,77
704190,69
704193,39
704201,69
704203,66
704204,43
704206,60
704211,57
704215,88
704220,75
704223,62
704228,62
704230,81
704242,57
704244,59
704249,64
704253,44
704254,64
704258,56
704259,53
704260,83
704262,62
704263,42
704267,65
704268,43
704272,42
704273,60
704279,64
704283,65
704289,47
704294,71
704298,39
704299,72
704300,38
704301,66
704303,40
704306,63
704307,64
704312,59
704314,65
704316,72
704317,48
704318,84
704320,58
704325,56
704338,73
704340,83
704342,80
704352,57
704359,67
704360,55
704367,72
704373,61
704378,61
704387,60
704389,90
704391,75
704393,62
704397,84
704402,39
704405,64
704408,63
704411,49
704414,71
704416,58
704418,58
704420,39
704423,62
704427,57
704428,66
704430,56
704434,50
704438,56
704522,58
704792,64
704977,40
704981,77
704983,44
704984,54
704986,77
704987,58
704988,37
704990,45
704991,47
704992,62
704994,87
704996,54
705000,59
705001,80
705008,31
705013,56
705014,57
705016,55
705017,57
705018,74
705020,43
705025,44
705032,69
705034,76
705036,56
705043,49
705046,90
705055,73
705058,78
705061,54
705063,82
705073,66
705075,86
705079,46
705081,47
705087,47
705094,55
705096,46
705107,42
705111,41
705113,44
705115,47
705116,71
705117,72
705122,60
705131,45
705133,42
705135,55
705136,90
705137,65
705145,65
705146,46
705153,49
705154,55
705156,67
705163,47
705166,81
705167,60
705169,50
705170,58
705173,62
705176,79
705177,47
705185,55
705187,66
705190,60
705194,53
705198,50
705202,68
705207,72
705208,46
705209,70
705216,65
705218,47
705219,81
705227,39
705314,32
705331,70
705501,58
705502,43
705506,74
705508,59
705513,79
705522,58
705529,70
705533,62
705535,61
705547,59
705552,49
705555,86
705560,72
705563,59
705565,63
705567,68
705569,55
705573,62
705575,55
705580,61
705583,59
705597,60
705605,56
705607,66
705609,67
705611,63
705622,62
705624,76
705626,54
705628,63
705630,63
705632,67
705634,59
705636,55
705638,58
705640,64
705643,64
705645,61
705649,56
705651,66
705653,54
705661,57
705666,60
705671,57
705673,74
705675,60
705683,60
705687,71
705691,68
705693,69
705697,50
705698,59
705700,67
705705,71
705707,90
705710,64
705712,78
705714,67
705717,41
705718,81
705721,70
705727,73
705733,60
705735,56
705738,62
705739,68
705740,59
705765,23
705781,48
705855,58
705876,43
705886,41
705917,27
705918,55
705923,82
705924,69
705996,35
705997,73
705998,45
705999,64
706000,87
706005,41
706006,74
706007,42
706010,58
706012,41
706013,57
706015,72
706016,67
706017,41
706018,52
706020,43
706022,44
706025,44
706026,45
706027,49
706029,46
706030,58
706032,45
706034,44
706035,59
706037,40
706040,69
706041,60
706042,45
706045,62
706046,45
706049,61
706050,41
706051,45
706053,43
706054,60
706055,44
706058,45
706061,46
706065,77
706067,45
706072,45
706074,43
706078,65
706082,58
706085,69
706086,57
706088,76
706090,77
706092,64
706099,44
706100,65
706102,74
706108,67
706110,61
706113,79
706122,61
706124,38
706129,84
706130,40
706131,56
706133,44
706134,77
706135,45
706138,46
706143,44
706145,42
706147,45
706148,73
706151,90
706153,45
706160,44
706162,94
706163,44
706166,44
706171,61
706172,62
706173,40
706174,44
706178,77
706179,75
706182,44
706185,44
706187,57
706188,53
706189,66
706191,47
706193,82
706194,48
706197,43
706199,45
706201,46
706203,44
706207,45
706210,42
706215,34
706218,64
706222,44
706224,44
706226,44
706227,57
706229,45
706233,43
706236,51
706237,48
706240,75
706241,44
706243,80
706244,50
706245,44
706248,44
706260,38
706263,41
706264,44
706266,56
706281,64
706287,45
706288,57
706292,39
706299,66
706300,75
706301,57
706304,60
706307,46
706308,82
706311,68
706314,78
706316,41
706318,43
706319,43
706322,55
706323,38
706325,38
706327,38
706328,73
706330,55
706332,60
706334,59
706335,57
706338,37
706339,64
706341,76
706345,59
706352,58
706354,64
706360,56
706364,62
706368,75
706370,60
706374,76
706376,73
706378,56
706380,57
706381,78
706383,61
706385,57
706387,58
706389,43
706393,56
706394,80
706398,75
706400,74
706406,58
706410,66
706413,57
706415,69
706418,60
706419,38
706420,75
706422,62
706423,38
706425,49
706427,62
706431,62
706435,71
706439,79
706441,98
706443,79
706452,65
706458,54
706470,89
706472,86
706474,81
706478,62
706479,38
706480,57
706482,56
706489,51
706493,57
706643,54
706692,47
706693,52
706708,66
706855,38
706997,26
707035,71
707036,54
707038,38
707040,64
707041,67
707043,43
707047,81
707049,83
707050,41
707051,58
707052,59
707053,37
707058,53
707059,53
707060,55
707062,70
707063,50
707067,60
707068,54
707070,59
707074,57
707078,54
707081,41
707082,58
707084,81
707086,56
707087,77
707089,55
707090,71
707092,61
707099,49
707104,60
707105,37
707107,57
707110,54
707111,57
707114,54
707119,37
707122,57
707124,56
707126,54
707130,58
707131,83
707132,60
707133,52
707134,55
707136,63
707138,59
707143,65
707147,60
707152,48
707153,62
707154,56
707159,62
707162,88
707164,62
707166,68
707171,84
707173,72
707180,47
707189,80
707195,61
707196,74
707197,55
707199,64
707201,62
707203,66
707205,54
707207,55
707209,56
707212,52
707215,63
707217,76
707219,67
707222,39
707224,48
707227,55
707229,72
707231,76
707233,61
707235,67
707238,73
707241,58
707244,73
707249,64
707251,75
707255,76
707256,55
707258,60
707259,43
707262,52
707268,61
707269,54
707275,37
707276,38
707280,57
707377,81
707443,77
707492,59
707557,80
707559,58
707561,61
707563,77
707565,60
707567,60
707569,58
707573,58
707575,53
707577,38
707579,41
707581,39
707582,75
707584,71
707585,49
707589,58
707593,58
707598,79
707600,56
707605,60
707616,81
707618,65
707630,76
707637,40
707641,59
707643,57
707646,45
707647,56
707648,55
707649,60
707651,52
707653,64
707655,61
707656,39
707657,74
707658,38
707659,58
707660,38
707662,42
707665,55
707667,61
707671,58
707673,60
707677,67
707679,67
707681,80
707683,69
707684,55
707686,64
707691,58
707695,61
707697,73
707699,74
707701,60
707714,69
707715,74
707717,66
707719,55
707721,60
707725,62
707736,72
707738,63
707740,65
707742,59
707746,60
707749,73
707751,64
707753,60
707756,62
707759,61
707762,56
707764,76
707766,66
707767,38
707769,39
707770,58
707776,69
707780,67
707782,70
707783,39
707784,81
707786,38
707793,56
707800,66
707843,71
707850,77
707851,77
707860,37
707890,51
707901,69
707911,57
707929,29
707969,38
707983,61
707984,73
707986,82
707988,28
707992,44
707995,65
707997,77
707998,33
708000,51
708001,59
708002,66
708004,57
708006,69
708010,37
708012,43
708028,79
708038,46
708039,79
708044,46
708047,45
708048,65
708053,47
708054,56
708057,45
708058,59
708060,57
708061,46
708062,41
708063,51
708064,71
708065,53
708067,45
708069,49
708071,54
708076,45
708082,47
708083,76
708084,55
708085,79
708087,53
708088,67
708089,47
708094,43
708096,92
708100,47
708106,45
708110,42
708112,43
708113,59
708114,40
708120,67
708121,46
708122,46
708123,71
708125,45
708129,73
708130,46
708133,52
708136,58
708138,56
708140,59
708141,78
708142,85
708143,43
708144,45
708145,57
708149,79
708150,59
708154,57
708155,62
708158,79
708161,50
708163,46
708168,43
708170,46
708171,42
708172,61
708175,54
708178,45
708180,57
708187,64
708188,57
708189,50
708191,96
708192,50
708194,57
708195,51
708197,82
708198,53
708200,72
708201,53
708202,62
708203,73
708204,75
708205,46
708206,56
708209,73
708212,48
708215,80
708224,44
708227,81
708228,40
708230,74
708233,45
708236,44
708238,69
708239,44
708242,44
708244,45
708247,45
708248,63
708249,46
708250,44
708251,61
708252,54
708254,46
708257,44
708261,45
708263,44
708266,45
708270,65
708271,82
708278,58
708279,46
708281,61
708282,45
708285,40
708289,44
708291,67
708293,62
708294,45
708295,73
708299,66
708306,77
708315,61
708319,69
708323,76
708334,56
708338,58
708344,38
708362,63
708364,76
708366,77
708369,92
708372,68
708373,64
708393,63
708394,65
708398,56
708400,76
708406,70
708419,55
708424,40
708430,77
708432,68
708436,64
708437,66
708438,78
708443,57
708446,65
708457,52
708464,59
708465,38
708476,64
708478,61
708484,70
708495,74
708507,57
708514,55
708520,58
708524,58
708528,59
708530,77
708532,61
708537,61
708541,84
708547,79
708631,66
709035,84
709096,68
709100,77
709101,45
709103,68
709106,51
709111,82
709116,40
709117,37
709119,37
709120,74
709121,37
709122,60
709126,59
709127,65
709128,41
709129,49
709131,60
709135,62
709137,61
709141,55
709142,57
709148,55
709150,62
709154,65
709156,61
709158,55
709160,56
709161,42
709163,58
709164,69
709168,56
709170,58
709172,65
709173,59
709174,39
709175,61
709176,37
709177,37
709179,38
709180,60
709181,37
709182,54
709183,37
709184,58
709186,43
709188,55
709190,59
709192,59
709196,58
709198,54
709199,37
709200,59
709203,44
709204,59
709207,29
709208,58
709212,56
709213,37
709214,57
709215,40
709216,45
709217,63
709219,56
709222,49
709227,57
709228,71
709231,57
709232,62
709233,62
709234,43
709235,57
709236,70
709240,62
709242,37
709246,37
709248,65
709252,87
709257,58
709261,78
709269,44
709271,44
709273,37
709277,44
709283,50
709286,61
709287,66
709291,62
709297,92
709300,42
709301,51
709302,44
709303,75
709306,59
709312,50
709322,70
709323,40
709329,38
709330,45
709338,54
709339,37
709340,74
709342,54
709365,78
709377,59
709389,44
709431,73
709488,65
709554,60
709560,62
709577,48
709613,60
709615,41
709616,56
709620,56
709622,56
709625,55
709627,59
709637,52
709642,60
709644,58
709650,61
709654,38
709657,39
709658,68
709660,68
709662,56
709665,77
709667,55
709669,48
709670,57
709675,41
709679,42
709680,76
709681,41
709682,74
709683,44
709684,42
709689,58
709690,61
709693,41
709694,56
709696,43
709699,65
709700,41
709708,62
709709,38
709716,64
709723,40
709724,57
709725,64
709726,78
709728,75
709729,40
709730,57
709732,67
709734,58
709740,65
709743,74
709744,61
709745,70
709750,82
709752,72
709754,68
709764,63
709769,62
709774,73
709776,69
709780,59
709782,69
709786,40
709787,71
709788,48
709791,39
709792,66
709795,77
709797,53
709804,56
709807,79
709809,45
709810,57
709811,43
709812,58
709813,42
709814,65
709815,45
709816,83
709823,58
709825,65
709827,62
709829,57
709833,63
709835,76
709837,59
709838,54
709839,40
709846,63
709850,53
709852,56
709854,85
709858,54
709861,78
709864,55
709865,73
709871,40
709876,69
709877,67
709879,69
709880,65
709887,67
709889,46
709894,55
709902,89
709904,59
709913,63
709916,39
709920,50
709924,56
709925,40
709926,49
709928,46
709929,46
709930,65
709932,36
709933,55
709939,54
709946,40
709952,65
709954,82
709956,37
709961,43
709969,75
709978,59
709983,87
709986,82
709992,80
709997,84
710101,66
710104,77
710107,47
710108,64
710109,48
710110,78
710115,48
710116,59
710117,46
710123,73
710124,53
710128,56
710129,79
710130,64
710132,69
710133,58
710136,48
710141,44
710144,73
710146,61
710160,45
710161,72
710162,46
710165,82
710168,84
710172,81
710179,44
710190,76
710197,66
710209,45
710212,45
710230,80
710232,45
710235,72
710237,61
710243,73
710246,73
710252,73
710254,73
710257,73
710259,72
710261,78
710264,73
710267,73
710270,44
710271,46
710273,48
710275,64
710279,46
710280,77
710281,46
710283,43
710284,51
710288,48
710291,45
710294,50
710296,58
710300,71
710301,77
710303,71
710306,44
710307,45
710308,56
710309,45
710310,63
710312,49
710317,47
710322,72
710323,45
710326,47
710328,49
710331,45
710333,48
710336,46
710338,45
710340,45
710341,58
710343,63
710346,71
710350,67
710356,38
710365,77
710384,61
710386,79
710389,59
710393,64
710400,72
710402,77
710406,74
710407,75
710408,70
710414,61
710417,44
710429,63
710439,61
710442,76
710448,68
710449,53
710451,49
710460,57
710462,64
710464,67
710468,59
710472,71
710474,65
710479,47
710484,56
710501,42
710504,67
710510,79
710517,63
710519,40
710521,70
710523,58
710526,39
710531,58
710535,81
710543,73
710544,74
710550,68
710552,65
710554,65
710560,39
710561,90
710576,55
710578,62
710580,67
710582,72
710584,60
710586,74
710588,65
710593,59
710691,64
710800,39
710894,45
710977,63
710980,62
710982,94
711007,40
711058,41
711135,65
711144,52
711146,53
711147,45
711148,76
711158,80
711161,60
711162,37
711165,73
711169,61
711170,35
711171,66
711172,36
711174,37
711175,38
711176,80
711177,37
711182,70
711183,54
711184,62
711185,46
711187,59
711188,79
711189,59
711191,86
711199,38
711200,70
711203,77
711204,72
711208,45
711211,58
711215,60
711217,66
711221,44
711223,44
711230,65
711232,82
711233,60
711234,73
711236,56
711238,56
711239,87
711241,51
711242,59
711245,44
711250,57
711252,59
711253,39
711254,87
711256,40
711258,72
711259,68
711260,74
711263,56
711264,37
711267,48
711269,55
711270,56
711271,76
711281,63
711298,62
711300,85
711303,45
711307,53
711310,78
711314,66
711317,37
711321,37
711329,49
711331,58
711341,78
711346,48
711347,64
711356,81
711357,71
711359,52
711367,71
711371,73
711374,55
711375,41
711376,55
711384,42
711451,74
711513,26
711534,45
711605,62
711648,81
711650,58
711651,66
711652,84
711655,55
711661,71
711663,60
711667,41
711669,41
711672,55
711673,59
711674,40
711676,42
711678,40
711679,78
711684,38
711685,67
711688,41
711691,55
711692,41
711695,59
711696,42
711699,41
711700,98
711701,39
711703,39
711704,58
711705,41
711709,41
711710,66
711711,44
711717,59
711721,74
711722,39
711724,40
711725,77
711730,56
711736,62
711738,59
711743,58
711745,68
711749,72
711751,66
711755,55
711759,58
711761,64
711763,61
711766,64
711773,60
711787,57
711788,55
711792,73
711797,83
711800,43
711802,65
711807,62
711808,62
711810,70
711812,57
711814,59
711816,55
711826,71
711827,73
711829,76
711844,60
711847,66
711849,60
711854,54
711858,58
711861,78
711865,55
711871,64
711875,68
711877,70
711879,58
711882,82
711884,81
711886,66
711888,57
711900,44
711903,81
711905,66
711906,46
711908,71
711924,40
711931,47
711937,55
711941,66
711943,49
711947,44
711948,71
711949,46
711953,37
711955,42
711958,91
711963,67
711968,67
711969,67
711977,78
711980,40
711982,69
711984,74
711993,41
711994,48
711999,40
712000,68
712013,46
712019,51
712043,57
712045,32
712046,60
712047,55
712051,72
712054,43
712055,39
712058,40
712065,78
712071,48
712073,39
712084,73
712096,40
712101,78
712102,83
712103,65
712104,50
712110,84
712114,39
712115,65
712116,63
712121,48
712123,85
712127,58
712129,61
712131,50
712133,77
712134,67
712136,72
712139,45
712141,57
712144,57
712145,81
712149,70
712154,46
712155,66
712156,48
712158,87
712162,74
712165,71
712166,48
712168,72
712170,48
712171,77
712175,46
712176,63
712178,42
712180,42
712183,43
712184,61
712185,45
712187,61
712189,59
712191,76
712193,68
712194,76
712195,41
712198,38
712200,66
712202,74
712205,56
712206,63
712207,42
712208,72
712209,42
712211,63
712212,39
712213,69
712214,42
712215,52
712216,39
712221,81
712227,85
712228,56
712238,79
712239,45
712240,91
712241,73
712244,75
712246,60
712251,58
712252,73
712258,72
712261,79
712263,73
712266,57
712268,48
712278,58
712281,57
712282,53
712283,44
712288,48
712289,58
712291,59
712295,49
712297,55
712298,74
712302,71
712303,84
712307,52
712308,62
712314,77
712316,80
712322,73
712324,69
712325,76
712327,57
712328,59
712331,69
712334,54
712337,54
712339,46
712342,68
712343,47
712344,68
712345,48
712347,57
712348,69
712349,79
712353,57
712357,46
712358,43
712361,57
712367,67
712369,69
712372,57
712374,64
712379,60
712381,47
712382,60
712387,62
712391,86
712400,68
712404,66
712408,75
712410,59
712411,46
712423,85
712425,78
712427,75
712433,86
712440,66
712442,87
712448,61
712453,63
712454,62
712457,73
712467,80
712471,65
712474,61
712479,84
712482,41
712485,54
712495,73
712502,74
712510,62
712519,76
712525,57
712527,65
712528,36
712535,68
712542,62
712549,57
712552,76
712557,80
712560,48
712567,57
712573,38
712576,70
712580,56
712582,81
712594,58
712597,46
712603,57
712609,65
712613,44
712614,66
712618,59
712621,87
712623,69
712627,64
712649,64
712744,74
712892,55
713171,47
713205,68
713211,58
713226,56
713227,58
713231,56
713233,69
713237,85
713242,70
713244,65
713246,58
713248,57
713251,55
713254,65
713255,87
713257,92
713259,92
713264,64
713266,65
713271,46
713273,38
713277,63
713279,37
713283,83
713284,93
713295,43
713299,44
713300,69
713302,54
713305,58
713306,57
713307,75
713309,49
713312,61
713314,76
713315,73
713318,52
713325,81
713326,51
713327,49
713328,54
713329,41
713333,57
713335,55
713338,91
713341,70
713344,73
713345,49
713346,64
713347,55
713352,84
713354,81
713356,62
713357,47
713358,56
713359,41
713361,63
713369,73
713370,77
713371,75
713373,84
713378,43
713382,45
713388,70
713392,72
713399,47
713400,47
713405,43
713410,69
713420,75
713426,57
713429,62
713430,38
713434,38
713442,37
713448,55
713449,41
713451,40
713456,80
713459,40
713463,37
713466,37
713467,59
713471,37
713473,41
713476,38
713477,68
713479,72
713485,77
713489,87
713491,58
713492,42
713495,59
713507,38
713517,81
713523,54
713526,58
713527,81
713535,58
713536,63
713543,38
713544,64
713545,54
713548,54
713550,70
713552,75
713554,58
713560,57
713563,70
713565,59
713567,59
713568,80
713569,42
713570,68
713575,81
713579,55
713582,74
713584,55
713587,43
713588,75
713592,83
713597,66
713599,43
713601,48
713606,37
713610,37
713611,62
713618,37
713620,41
713623,37
713625,40
713626,41
713630,78
713631,48
713634,37
713635,53
713637,58
713641,37
713643,66
713644,38
713646,40
713649,58
713650,38
713651,67
713652,40
713653,60
713654,38
713655,55
713658,67
713659,37
713662,42
713664,50
713667,54
713670,76
713671,39
713673,38
713677,39
713679,42
713681,48
713682,39
713687,77
713689,75
713697,61
713698,56
713708,55
713710,56
713712,75
713713,53
713716,86
713718,55
713722,73
713728,56
713731,42
713732,79
713736,77
713744,56
713749,71
713751,61
713753,82
713755,58
713757,62
713765,64
713772,76
713774,65
713776,57
713782,58
713794,57
713795,56
713796,74
713798,61
713801,47
713802,59
713807,42
713808,89
713812,39
713814,39
713818,38
713819,54
713822,71
713823,55
713826,69
713827,42
713830,59
713831,74
713832,58
713834,66
713836,60
713838,62
713839,71
713840,60
713841,86
713845,55
713851,56
713857,74
713860,77
713861,73
713871,61
713874,60
713876,60
713878,71
713885,72
713889,68
713891,80
713895,59
713900,55
713902,59
713904,73
713906,68
713908,62
713910,67
713914,69
713917,62
713919,42
713920,77
713921,43
713922,62
713931,61
713935,59
713939,77
713943,49
713944,44
713948,80
713954,58
713969,74
713971,57
713975,72
713978,61
713982,81
713984,41
713985,61
713990,78
713993,56
713996,57
714001,62
714002,66
714005,62
714015,70
714017,81
714021,57
714023,59
714031,81
714034,54
714035,62
714037,59
714041,55
714042,68
714045,72
714047,70
714065,59
714068,66
714069,64
714071,74
714075,64
714077,64
714084,67
714087,50
714097,56
714100,59
714109,64
714110,48
714111,76
714114,45
714116,58
714117,89
714119,60
714120,75
714122,60
714123,80
714126,48
714130,58
714131,49
714132,75
714133,63
714136,62
714137,53
714139,62
714140,73
714141,62
714143,72
714145,57
714148,77
714158,64
714160,46
714163,80
714165,59
714167,73
714168,66
714171,52
714181,61
714197,43
714199,46
714202,73
714203,43
714207,66
714209,43
714210,63
714217,71
714234,72
714266,58
714271,66
714273,62
714291,74
714312,75
714338,56
714348,71
714360,43
714361,53
714365,53
714367,55
714369,64
714373,73
714377,54
714382,42
714399,76
714409,80
714413,59
714420,99
714426,49
714432,61
714436,63
714444,61
714445,55
714446,45
714454,55
714455,59
714460,70
714465,61
714468,57
714471,68
714479,67
714480,47
714483,58
714487,83
714492,60
714496,55
714501,71
714514,87
714516,69
714520,56
714521,84
714522,55
714531,63
714536,69
714537,63
714542,59
714546,61
714550,49
714583,65
714584,54
714586,68
714588,55
714589,53
714590,54
714597,43
714602,64
714604,65
714608,61
714616,38
714617,88
714619,84
714621,87
714624,73
714626,58
714630,56
714631,58
714635,54
714636,56
714637,39
714638,57
714649,66
714656,74
714658,75
714663,55
714672,56
714674,57
714676,57
714763,58
714770,71
714811,64
714842,39
714861,68
714862,29
714951,70
714952,66
714954,78
714962,38
714963,70
714966,53
714978,53
714980,91
714985,69
714987,59
714988,54
714990,40
714992,58
714995,71
714997,38
714998,37
715001,44
715002,38
715005,45
715008,38
715011,59
715012,37
715014,38
715019,68
715028,45
715029,43
715031,37
715033,50
715035,50
715039,39
715041,57
715042,76
715050,45
715051,57
715052,55
715055,51
715069,65
715072,47
715093,37
715095,52
715096,28
715097,31
715107,26
715108,28
715111,43
715114,33
715115,30
715118,45
715137,56
715138,69
715158,51
715199,37
715207,91
715208,37
715210,52
715212,76
715213,37
715214,86
715215,40
715216,38
715218,38
715220,36
715222,38
715226,37
715237,64
715238,41
715239,55
715240,74
715244,53
715245,40
715246,37
715248,37
715249,50
715253,73
715256,59
715257,38
715258,38
715259,59
715261,59
715263,70
715264,37
715267,62
715277,52
715278,38
715287,89
715288,61
715290,55
715303,64
715304,50
715308,57
715310,51
715311,76
715312,38
715318,68
715320,71
715323,50
715324,37
715332,50
715338,60
715342,53
715347,71
715350,38
715353,77
715354,78
715357,54
715359,80
715360,76
715367,78
715368,47
715369,81
715370,63
715371,67
715374,93
715376,57
715379,55
715381,61
715382,54
715384,58
715386,70
715388,59
715395,78
715398,42
715401,52
715414,54
715416,59
715424,55
715426,37
715427,55
715430,43
715431,53
715432,37
715436,38
715439,77
715441,65
715442,48
715443,41
715444,93
715449,38
715450,58
715453,43
715457,62
715458,51
715464,56
715466,63
715474,68
715476,60
715480,61
715483,55
715484,62
715490,63
715492,36
715504,58
715506,63
715511,55
715513,42
715514,60
715519,79
715522,41
715523,84
715524,38
715528,75
715530,56
715532,71
715535,92
715542,65
715546,58
715548,74
715550,57
715553,50
715558,58
715566,75
715570,73
715572,64
715575,83
715576,53
715582,71
715586,55
715589,85
715591,60
715595,61
715603,60
715605,55
715606,41
715611,51
715618,43
715621,62
715627,57
715629,66
715635,79
715638,63
715639,55
715641,57
715643,69
715649,83
715652,68
715664,49
715667,66
715671,59
715673,70
715674,75
715683,40
715689,38
715693,67
715696,59
715697,65
715701,79
715705,53
715707,56
715708,74
715710,72
715712,58
715713,39
715721,56
715723,57
715724,71
715725,66
715726,71
715727,60
715737,62
715740,60
715744,64
715746,69
715748,55
715750,59
715757,54
715758,56
715760,40
715762,54
715766,41
715768,38
715770,56
715771,50
715772,64
715774,65
715775,72
715776,40
715778,72
715780,48
715782,54
715784,54
715789,38
715790,54
715792,67
715800,64
715806,74
715807,60
715808,71
715811,67
715813,55
715815,76
715817,76
715819,74
715820,53
715821,55
715823,56
715830,57
715832,57
715835,55
715836,50
715838,37
715842,54
715843,43
715846,50
715849,81
715850,39
715851,42
715855,66
715859,74
715861,55
715863,77
715864,77
715866,73
715867,45
715869,41
715870,67
715875,61
715879,55
715880,96
715881,58
715882,54
715885,69
715888,51
715889,73
715891,73
715893,71
715894,40
715895,55
715900,68
715901,79
715903,40
715905,39
715906,82
715910,56
715916,55
715918,41
715919,60
715924,54
715925,69
715932,56
715936,58
715938,54
715943,65
715950,62
715952,76
715964,73
715968,80
715971,61
715977,60
715985,62
715986,50
715987,66
715998,57
715999,52
716003,91
716006,58
716019,56
716023,50
716024,60
716028,44
716029,63
716034,60
716044,73
716046,82
716049,96
716055,56
716058,67
716063,74
716066,44
716073,65
716075,57
716082,61
716084,57
716087,55
716088,58
716095,95
716096,63
716097,67
716105,71
716106,58
716113,67
716115,72
716120,59
716122,58
716127,44
716128,70
716140,56
716144,74
716151,76
716156,59
716159,56
716162,64
716165,64
716167,74
716169,43
716170,74
716185,56
716187,77
716207,64
716209,86
716213,83
716230,66
716236,62
716238,73
716246,86
716253,72
716255,65
716257,70
716262,81
716269,65
716272,64
716275,66
716276,96
716277,63
716280,58
716282,61
716284,75
716288,65
716292,75
716296,83
716298,85
716300,59
716303,81
716308,60
716309,58
716315,71
716318,61
716322,57
716324,67
716329,89
716330,79
716335,64
716337,60
716339,78
716341,66
716343,55
716348,84
716362,60
716364,63
716368,77
716373,39
716374,81
716386,78
716392,72
716407,62
716413,64
716417,69
716431,54
716434,57
716444,67
716451,67
716459,65
716468,48
716469,55
716482,55
716497,55
716500,71
716501,58
716503,70
716510,66
716520,57
716521,40
716527,80
716529,59
716531,69
716537,55
716538,67
716541,61
716554,63
716556,75
716574,79
716575,73
716579,69
716588,82
716592,55
716593,67
716594,67
716604,65
716607,63
716609,73
716615,68
716616,65
716623,56
716630,72
716648,68
716676,54
716687,61
716691,73
716731,34
716760,71
716791,22
716805,22
716832,22
716839,47
716874,54
717054,69
717190,46
717217,57
717218,43
717219,56
717224,54
717233,77
717237,84
717240,42
717249,60
717255,71
717256,56
717258,78
717270,51
717273,70
717274,45
717275,56
717281,73
717283,58
717286,55
717291,42
717294,58
717310,71
717311,69
717312,69
717313,70
717315,72
717318,68
717319,43
717323,70
717326,62
717335,61
717337,63
717339,42
717340,57
717343,48
717344,58
717349,46
717357,44
717358,77
717359,80
717360,74
717362,69
717363,45
717368,70
717372,68
717376,70
717380,46
717385,60
717388,55
717392,57
717396,62
717403,56
717407,46
717410,65
717424,68
717428,60
717437,52
717438,37
717439,53
717444,75
717451,67
717457,40
717458,55
717459,76
717461,37
717463,70
717474,56
717476,56
717478,55
717482,61
717487,60
717490,40
717491,72
717495,55
717497,75
717501,63
717509,74
717514,54
717518,51
717519,68
717520,50
717521,61
717525,60
717526,66
717528,71
717530,63
717531,54
717534,67
717538,57
717540,77
717541,75
717545,58
717552,62
717558,79
717564,75
717566,83
717574,74
717590,87
717592,84
717594,57
717602,56
717606,67
717612,89
717613,67
717616,64
717619,57
717621,44
717623,45
717624,58
717626,55
717631,65
717634,62
717638,91
717639,51
717640,76
717648,56
717653,54
717655,70
717659,55
717661,61
717670,59
717672,56
717674,62
717677,66
717681,56
717683,73
717684,50
717685,78
717689,53
717690,41
717695,58
717702,56
717706,69
717711,54
717712,46
717714,38
717715,61
717718,55
717722,60
717723,38
717725,50
717726,74
717727,42
717728,76
717730,67
717731,58
717733,57
717735,73
717737,60
717740,80
717742,75
717743,83
717748,51
717750,38
717752,68
717754,41
717758,41
717766,69
717768,60
717771,63
717772,43
717774,64
717776,76
717778,59
717779,59
717780,63
717783,63
717786,66
717788,54
717789,39
717791,41
717792,64
717794,60
717799,48
717800,73
717801,41
717802,56
717808,49
717809,43
717810,69
717814,60
717816,75
717817,37
717820,68
717821,62
717823,56
717825,65
717826,44
717827,70
717829,77
717830,66
717831,40
717832,55
717833,38
717836,60
717837,40
717839,54
717840,39
717841,53
717848,55
717851,40
717852,56
717854,74
717857,45
717858,57
717862,59
717864,82
717866,56
717868,58
717870,60
717872,84
717873,54
717875,55
717878,72
717881,56
717887,46
717889,39
717894,80
717895,41
717900,54
717901,42
717905,72
717909,41
717910,49
717914,57
717915,44
717917,39
717919,42
717923,78
717925,38
717930,41
717933,58
717935,43
717940,63
717941,39
717947,38
717948,41
717949,64
717951,45
717958,67
717961,76
717963,70
717965,66
717969,66
717971,65
717973,54
717975,59
717978,70
717984,70
717989,70
717991,77
717992,51
717993,46
717995,64
717999,63
718006,47
718008,45
718012,61
718017,47
718019,69
718020,66
718023,41
718024,77
718029,64
718032,59
718033,77
718039,75
718040,76
718043,56
718047,42
718049,72
718050,41
718053,72
718057,66
718060,57
718063,61
718064,83
718066,64
718067,72
718068,82
718069,42
718071,65
718074,79
718077,68
718083,73
718086,75
718088,71
718092,58
718093,83
718099,69
718101,78
718105,54
718107,58
718115,43
718117,60
718120,58
718122,59
718126,96
718131,61
718144,71
718145,44
718146,59
718147,54
718148,44
718149,58
718162,50
718173,75
718174,72
718178,56
718188,82
718190,80
718196,73
718198,64
718201,71
718205,49
718207,42
718210,82
718212,61
718215,74
718219,69
718222,45
718232,61
718238,66
718239,68
718243,70
718249,59
718252,64
718254,68
718257,78
718259,75
718260,54
718266,72
718267,45
718269,55
718272,81
718273,57
718280,58
718281,47
718284,37
718286,76
718295,77
718298,79
718300,76
718307,52
718311,60
718313,65
718317,73
718318,49
718337,82
718343,79
718362,45
718364,83
718374,71
718383,59
718391,81
718398,80
718399,71
718415,61
718419,53
718423,85
718429,64
718430,59
718432,71
718433,55
718440,78
718447,64
718449,61
718451,75
718455,73
718458,66
718462,65
718465,59
718476,86
718477,74
718480,57
718484,98
718487,42
718488,42
718489,57
718491,57
718495,85
718501,59
718505,59
718509,60
718513,61
718515,60
718519,68
718521,60
718523,60
718526,88
718528,73
718533,76
718535,56
718537,54
718539,55
718547,69
718550,58
718552,54
718560,58
718562,83
718564,62
718567,44
718568,75
718574,61
718576,57
718578,38
718579,68
718583,38
718585,38
718588,83
718589,42
718591,39
718595,40
718596,72
718597,41
718598,57
718602,38
718608,38
718621,70
718625,51
718636,62
718640,85
718659,57
718660,57
718668,55
718676,53
718680,53
718682,71
718690,70
718694,60
718811,73
718821,34
719065,81
719251,57
719253,79
719261,43
719265,57
719268,77
719271,41
719272,66
719273,38
719274,54
719275,39
719279,40
719280,44
719281,62
719282,39
719284,40
719288,37
719295,71
719296,42
719303,80
719305,51
719306,77
719308,42
719309,51
719311,50
719312,42
719313,50
719315,51
719316,40
719319,50
719320,65
719321,51
719323,50
719324,80
719328,49
719330,53
719332,49
719339,41
719342,51
719345,41
719346,50
719348,49
719351,51
719360,49
719362,54
719363,70
719366,51
719369,63
719374,72
719377,50
719380,82
719393,78
719395,68
719397,74
719402,44
719409,55
719414,51
719416,49
719418,50
719423,51
719426,58
719429,41
719430,52
719432,63
719433,37
719435,37
719439,37
719440,52
719443,54
719446,45
719448,45
719451,54
719452,79
719462,56
719468,83
719469,56
719470,71
719474,58
719478,78
719479,53
719486,75
719487,41
719489,53
719496,66
719500,45
719506,76
719515,51
719521,51
719523,53
719525,53
719528,52
719533,64
719535,57
719543,77
719548,57
719557,56
719563,60
719565,58
719567,63
719571,57
719578,94
719582,77
719584,79
719586,60
719598,54
719607,82
719624,81
719626,81
719631,46
719635,63
719637,62
719639,61
719640,44
719646,53
719647,69
719650,62
719659,78
719660,45
719661,77
719665,64
719672,78
719678,55
719684,57
719686,66
719688,64
719692,55
719698,83
719724,40
719725,65
719727,51
719729,71
719742,60
719747,56
719749,77
719753,79
719755,54
719761,64
719763,40
719765,61
719768,61
719771,49
719777,58
719779,55
719780,69
719782,92
719784,68
719786,77
719788,90
719794,64
719795,39
719801,62
719803,40
719808,74
719812,60
719814,56
719820,77
719821,39
719824,59
719828,61
719829,56
719830,64
719832,59
719835,86
719837,66
719841,63
719845,57
719846,76
719848,76
719851,74
719864,52
719868,59
719870,68
719872,77
719874,67
719877,82
719881,54
719882,67
719884,61
719885,65
719890,69
719895,57
719896,47
719897,56
719900,58
719902,59
719906,64
719910,64
719914,75
719915,57
719922,42
719923,56
719930,67
719931,89
719933,43
719935,72
719937,62
719940,45
719948,59
719952,59
719953,41
719956,65
719962,61
719964,44
719970,64
719973,44
719974,53
719980,74
719983,39
719985,38
719987,40
719993,53
719994,38
719996,72
719997,43
720004,88
720007,56
720008,62
720009,38
720011,39
720013,39
720023,61
720025,58
720033,38
720036,55
720037,39
720043,56
720047,38
720049,56
720050,67
720057,55
720059,40
720061,65
720063,93
720064,37
720077,74
720079,81
720081,58
720084,70
720092,42
720093,62
720094,42
720099,57
720101,82
720103,54
720104,39
720105,75
720107,38
720108,72
720113,67
720115,56
720117,55
720121,58
720122,71
720123,87
720124,42
720125,74
720126,51
720129,83
720131,75
720136,70
720138,56
720141,54
720146,80
720147,44
720150,57
720153,38
720156,76
720160,70
720165,55
720166,61
720167,67
720171,39
720177,39
720179,79
720185,42
720196,47
720198,62
720199,65
720200,66
720201,68
720203,44
720206,78
720208,75
720220,62
720223,81
720226,64
720227,45
720231,64
720235,39
720237,55
720238,60
720241,58
720244,57
720247,59
720248,69
720249,71
720250,57
720253,61
720255,59
720257,58
720258,38
720262,57
720264,57
720266,41
720268,62
720271,59
720272,60
720274,85
720275,50
720277,57
720279,63
720285,66
720286,95
720287,48
720288,60
720289,70
720291,78
720294,38
720296,56
720300,60
720303,61
720304,61
720306,58
720307,60
720310,60
720311,59
720313,59
720314,59
720316,54
720317,58
720319,57
720320,45
720325,61
720327,55
720328,62
720331,62
720334,57
720335,58
720337,59
720339,35
720340,58
720341,58
720342,58
720345,78
720346,60
720347,57
720348,42
720349,56
720354,54
720357,60
720359,59
720360,62
720362,75
720365,50
720366,57
720367,41
720368,55
720369,56
720370,50
720371,60
720372,54
720373,75
720374,57
720376,60
720379,61
720381,60
720386,54
720388,69
720389,84
720391,56
720392,77
720394,55
720395,41
720396,59
720397,47
720401,97
720402,62
720403,50
720404,44
720405,61
720408,55
720411,60
720413,47
720416,57
720418,55
720421,67
720422,63
720424,54
720426,56
720430,44
720431,58
720433,56
720435,69
720436,56
720438,58
720440,56
720441,55
720443,57
720444,56
720445,98
720448,57
720449,61
720450,76
720453,69
720455,55
720456,60
720457,44
720459,57
720461,57
720463,54
720465,55
720467,60
720468,56
720469,49
720470,58
720472,57
720478,72
720479,85
720481,54
720483,53
720484,40
720485,74
720520,37
720528,36
720553,67
720559,85
720564,49
720567,32
720590,28
720723,30
720743,59
720744,55
720745,56
720749,65
720750,49
720754,55
720755,38
720756,47
720759,47
720760,37
720764,48
720765,76
720767,53
720769,58
720771,50
720775,76
720777,62
720778,47
720780,46
720782,54
720783,60
720786,75
720793,78
720795,53
720804,49
720806,49
720809,56
720812,44
720822,49
720824,52
720827,71
720830,67
720833,73
720837,62
720839,68
720846,44
720850,43
720856,47
720870,61
720873,81
720876,75
720885,60
720887,45
720888,72
720897,57
720900,58
720903,45
720905,50
720913,44
720919,70
720922,38
720924,40
720926,41
720931,41
720932,64
720934,39
720935,60
720937,55
720938,66
720943,81
720950,63
720951,66
720956,48
720963,40
720970,51
720971,44
720972,50
720975,54
720977,41
720980,33
720992,74
720995,78
720996,61
721000,52
721002,68
721007,55
721014,66
721015,52
721017,53
721018,37
721021,79
721023,48
721024,37
721025,41
721027,48
721040,72
721042,47
721044,56
721046,49
721049,68
721054,42
721056,44
721063,79
721067,75
721068,57
721069,55
721074,74
721076,55
721079,49
721080,45
721081,73
721083,56
721084,45
721085,56
721087,75
721088,51
721089,51
721094,57
721098,97
721108,59
721111,72
721113,84
721114,44
721115,47
721117,52
721118,47
721122,52
721125,63
721129,73
721131,71
721134,65
721135,42
721136,49
721137,42
721142,42
721144,84
721147,79
721148,57
721149,44
721154,49
721155,44
721160,58
721162,58
721165,51
721166,50
721167,54
721174,45
721175,78
721177,67
721183,35
721188,68
721192,59
721193,46
721194,53
721196,49
721198,70
721199,75
721202,61
721203,41
721211,50
721212,66
721213,54
721214,73
721216,50
721218,69
721221,41
721222,54
721223,76
721227,71
721228,71
721231,69
721244,28
721277,76
721309,35
721358,28
721368,77
721455,31
721487,62
721490,62
721491,72
721492,54
721494,37
721496,39
721497,71
721498,36
721499,79
721501,94
721505,51
721506,81
721507,75
721508,81
721509,37
721510,84
721511,36
721513,69
721516,73
721518,72
721520,78
721522,88
721523,43
721524,74
721525,39
721528,96
721530,60
721536,81
721538,73
721539,71
721541,74
721543,67
721545,59
721547,55
721549,51
721550,73
721554,94
721556,75
721557,73
721558,74
721559,72
721560,69
721561,67
721564,84
721565,36
721569,73
721572,69
721574,77
721576,57
721585,72
721587,82
721588,62
721591,69
721593,42
721595,49
721597,58
721598,77
721599,73
721600,64
721601,37
721602,65
721605,85
721606,38
721607,75
721608,67
721614,65
721618,58
721620,72
721621,37
721625,46
721626,68
721627,62
721628,71
721630,49
721631,69
721635,72
721636,77
721637,50
721639,58
721640,49
721644,37
721645,77
721647,74
721648,41
721649,67
721650,69
721652,51
721653,68
721655,66
721657,62
721659,74
721662,62
721663,65
721664,76
721671,79
721673,74
721678,69
721679,69
721680,91
721682,90
721686,68
721688,71
721699,64
721705,41
721706,65
721707,77
721708,64
721711,53
721712,48
721713,54
721715,66
721717,36
721719,67
721720,38
721723,48
721726,61
721728,39
721729,78
721731,48
721732,37
721735,80
721736,45
721738,39
721739,68
721740,74
721743,49
721746,43
721747,64
721748,62
721750,41
721751,52
721752,55
721753,80
721754,52
721755,59
721756,55
721757,72
721758,63
721763,69
721764,48
721765,59
721766,54
721770,65
721771,63
721776,56
721777,62
721780,77
721782,57
721784,46
721785,55
721786,70
721787,71
721788,78
721789,51
721790,49
721791,88
721792,45
721796,77
721797,78
721798,70
721799,72
721800,75
721801,55
721803,72
721804,69
721807,56
721810,38
721813,59
721814,52
721817,64
721819,61
721822,62
721824,44
721826,72
721829,88
721832,39
721833,54
721835,71
721836,71
721838,54
721844,46
721845,53
721846,65
721848,54
721850,43
721851,55
721852,52
721854,44
721855,55
721857,64
721858,82
721859,54
721861,82
721862,82
721863,49
721864,89
721867,77
721868,82
721869,88
721870,67
721871,89
721873,58
721875,81
721877,53
721879,49
721881,42
721884,57
721885,65
721887,55
721888,66
721889,60
721891,72
721892,80
721893,82
721896,54
721897,59
721900,75
721901,52
721902,70
721903,51
721905,76
721909,73
721913,57
721916,53
721918,52
721919,43
721920,63
721921,46
721922,51
721923,61
721924,52
721925,73
721928,70
721929,36
721930,72
721931,50
721933,41
721934,52
721936,73
721937,59
721939,69
721940,63
721941,75
721942,36
721943,58
721944,54
721945,68
721949,61
721950,57
721951,71
721953,48
721954,59
721955,85
721960,49
721961,63
721962,54
721964,64
721965,58
721966,57
721967,56
721968,72
721969,53
721970,64
721973,50
721975,68
721976,56
721977,67
721978,61
721979,51
721982,61
721984,41
721985,66
721987,39
721988,66
721991,79
721995,88
721998,67
722000,92
722008,48
722010,59
722018,72
722019,50
722021,56
722023,57
722025,39
722029,54
722032,53
722033,56
722037,65
722038,60
722039,62
722041,40
722043,55
722044,46
722045,54
722046,50
722048,58
722049,48
722053,43
722054,57
722055,46
722057,65
722061,65
722062,66
722063,57
722069,61
722071,56
722072,61
722077,60
722078,55
722079,52
722080,54
722081,55
722082,50
722083,65
722084,45
722085,69
722088,62
722092,77
722095,47
722099,51
722100,57
722101,44
722102,61
722103,44
722104,54
722106,71
722107,43
722109,67
722114,55
722118,39
722119,63
722121,45
722128,70
722129,77
722130,74
722131,63
722135,46
722138,58
722140,70
722141,52
722143,70
722145,43
722146,46
722148,53
722149,59
722150,44
722152,44
722153,70
722154,57
722155,94
722156,56
722158,83
722159,55
722163,64
722164,51
722166,97
722167,49
722171,57
722173,54
722175,61
722176,62
722178,69
722179,58
722181,58
722182,56
722184,61
722187,59
722188,56
722189,89
722190,67
722191,56
722196,55
722197,57
722198,60
722199,70
722200,59
722203,70
722204,56
722206,61
722208,62
722210,56
722213,58
722214,58
722216,60
722217,59
722218,54
722219,60
722220,57
722221,54
722223,60
722233,50
722259,72
722262,41
722263,50
722295,55
722305,45
722306,42
722307,67
722342,43
722345,44
722354,44
722359,52
722360,69
722367,27
722387,48
722404,28
722413,70
722477,55
722478,58
722479,50
722480,46
722481,59
722482,57
722485,56
722490,66
722491,68
722492,46
722494,56
722496,63
722499,54
722503,57
722512,54
722513,44
722514,75
722519,53
722525,76
722527,58
722528,67
722530,48
722531,79
722534,75
722536,70
722539,69
722540,67
722542,43
722543,69
722544,42
722545,53
722547,66
722548,66
722559,80
722564,61
722565,38
722566,37
722569,68
722571,61
722576,58
722577,60
722580,74
722585,67
722586,50
722588,47
722590,83
722595,74
722596,34
722605,48
722608,49
722612,61
722620,60
722622,47
722626,50
722627,42
722632,52
722635,62
722640,50
722642,44
722644,49
722648,47
722650,53
722655,57
722658,63
722660,50
722661,73
722665,75
722667,69
722669,55
722671,71
722678,61
722680,53
722681,41
722683,68
722687,39
722688,60
722697,74
722698,46
722699,38
722702,58
722703,55
722704,59
722705,48
722706,59
722707,50
722708,69
722709,49
722710,51
722713,55
722718,74
722720,75
722721,55
722724,48
722731,83
722733,52
722746,45
722747,53
722748,59
722752,46
722754,65
722756,41
722759,46
722760,47
722764,50
722765,68
722766,47
722771,47
722773,80
722778,86
722781,49
722782,47
722783,47
722785,47
722791,49
722792,68
722793,57
722794,67
722797,51
722801,71
722804,54
722805,55
722807,75
722810,54
722811,54
722812,55
722821,76
722834,47
722836,54
722840,56
722841,44
722842,47
722844,74
722851,49
722852,63
722856,47
722858,70
722861,48
722863,70
722864,63
722867,47
722869,58
722871,66
722874,49
722875,57
722877,60
722879,59
722880,42
722891,53
722894,70
722896,81
722904,81
722906,57
722908,68
722912,68
722913,41
722914,54
722916,72
722930,59
722931,53
722932,51
722941,40
722942,49
722944,80
722946,67
722947,39
722951,78
722958,60
722972,47
723083,53
723143,72
723216,67
723217,38
723223,68
723224,72
723227,71
723229,59
723234,72
723235,38
723239,68
723243,68
723245,36
723247,39
723249,58
723251,96
723252,36
723253,41
723254,89
723258,65
723261,69
723262,69
723263,52
723264,38
723267,73
723270,40
723275,67
723276,41
723277,67
723278,36
723279,53
723280,81
723282,65
723284,71
723285,70
723288,78
723292,89
723294,80
723296,73
723300,80
723304,65
723305,69
723308,75
723311,78
723314,45
723315,102
723317,71
723318,36
723319,66
723321,66
723323,69
723324,35
723330,57
723332,64
723334,78
723336,74
723338,73
723342,63
723344,87
723346,76
723348,69
723350,35
723351,67
723354,69
723355,39
723356,71
723357,37
723358,79
723359,82
723360,36
723361,62
723362,40
723364,79
723366,63
723367,38
723371,63
723373,39
723374,36
723382,36
723384,38
723385,37
723386,37
723387,36
723390,50
723391,36
723394,64
723397,75
723399,42
723401,39
723406,68
723410,59
723412,74
723414,95
723415,75
723420,72
723421,70
723423,69
723428,88
723430,83
723431,69
723433,66
723435,53
723437,63
723439,69
723441,62
723443,73
723454,36
723457,90
723459,56
723460,67
723461,54
723462,72
723463,39
723465,71
723467,52
723468,48
723469,70
723475,49
723476,40
723479,49
723481,43
723482,48
723484,50
723486,47
723488,49
723490,49
723495,49
723496,37
723498,69
723499,50
723500,74
723501,49
723503,49
723504,49
723505,74
723508,48
723510,48
723511,51
723512,48
723516,73
723517,67
723523,49
723524,38
723525,83
723527,48
723528,56
723529,48
723531,48
723534,49
723536,49
723538,49
723539,56
723541,69
723544,55
723546,62
723547,36
723548,76
723551,54
723553,49
723555,48
723557,46
723560,86
723561,54
723563,69
723565,66
723567,38
723570,59
723571,56
723572,40
723574,41
723575,62
723576,45
723579,49
723580,36
723582,67
723583,58
723584,54
723585,48
723586,74
723588,45
723590,51
723591,40
723593,53
723594,46
723596,47
723599,47
723601,33
723602,65
723603,47
723605,47
723607,77
723610,50
723611,72
723612,53
723614,48
723615,40
723616,48
723617,37
723618,49
723619,39
723620,53
723621,38
723622,56
723624,47
723626,62
723628,41
723629,54
723631,49
723632,46
723634,52
723635,53
723637,56
723639,67
723642,53
723644,49
723645,38
723646,54
723648,63
723650,58
723651,66
723652,55
723655,58
723657,69
723658,53
723661,55
723663,54
723665,52
723666,58
723668,62
723669,60
723673,52
723674,92
723675,83
723676,67
723677,46
723678,50
723682,58
723686,47
723687,56
723690,40
723691,74
723692,63
723693,67
723695,62
723696,41
723697,52
723698,60
723699,52
723703,48
723706,54
723707,67
723708,68
723709,78
723710,52
723712,99
723713,60
723716,36
723717,64
723718,55
723719,71
723720,62
723722,57
723725,64
723726,58
723728,53
723730,55
723732,68
723734,58
723735,52
723736,38
723738,59
723739,54
723744,52
723745,77
723747,54
723756,51
723761,51
723762,59
723763,51
723765,51
723766,40
723767,49
723774,60
723775,37
723776,60
723777,40
723778,63
723782,56
723784,59
723785,83
723787,74
723788,61
723790,66
723791,38
723792,55
723794,55
723798,52
723800,55
723801,50
723807,74
723810,52
723812,54
723814,77
723816,78
723818,77
723819,55
723821,56
723822,55
723830,71
723833,83
723837,55
723839,77
723851,55
723852,71
723857,43
723862,81
723864,72
723867,73
723868,53
723869,50
723872,55
723874,49
723876,60
723878,63
723879,51
723881,58
723882,51
723884,69
723885,53
723886,52
723888,55
723889,70
723891,74
723892,75
723900,56
723902,54
723903,43
723905,58
723908,78
723910,57
723913,89
723917,68
723921,46
723922,56
723926,42
723928,82
723931,57
723932,48
723933,54
723934,79
723936,51
723947,60
723950,35
723953,65
723956,70
723959,78
723960,49
723966,63
723969,38
723970,61
723971,76
723974,56
723978,71
723981,63
723984,38
723990,58
723991,52
723995,64
723997,58
723999,54
724000,69
724009,60
724011,60
724013,56
724015,56
724023,72
724024,53
724027,78
724029,58
724031,69
724033,55
724040,56
724043,88
724044,41
724046,52
724052,66
724055,55
724058,63
724059,57
724060,75
724061,45
724062,54
724066,59
724069,82
724071,56
724075,48
724076,59
724077,43
724079,39
724082,56
724089,55
724093,56
724098,40
724099,55
724100,55
724103,83
724105,66
724108,65
724112,52
724114,55
724118,55
724123,83
724124,55
724126,58
724127,45
724129,58
724132,38
724141,77
724146,66
724150,59
724151,44
724152,63
724153,58
724155,85
724159,82
724161,56
724162,56
724164,72
724167,48
724171,81
724179,41
724184,87
724187,36
724188,55
724189,50
724194,71
724195,74
724196,43
724197,61
724198,43
724204,55
724212,58
724310,59
724311,30
724312,25
724313,37
724315,40
724317,32
724338,31
724340,41
724344,31
724350,44
724358,42
724433,32
724468,78
724469,65
724472,84
724476,59
724478,71
724479,53
724481,47
724482,74
724490,54
724493,58
724494,48
724497,53
724508,47
724512,61
724513,80
724527,51
724532,63
724534,61
724535,65
724541,66
724545,51
724547,54
724549,53
724563,56
724572,55
724575,73
724578,65
724583,56
724589,67
724594,61
724597,37
724600,60
724608,66
724612,72
724615,57
724617,54
724620,50
724632,85
724643,71
724648,56
724650,53
724653,61
724657,53
724661,58
724662,51
724666,63
724672,52
724677,38
724682,55
724689,50
724690,67
724693,43
724699,51
724700,61
724702,53
724706,51
724708,52
724710,54
724712,70
724716,72
724717,48
724722,89
724723,42
724731,53
724734,39
724741,52
724742,48
724744,70
724746,73
724753,56
724760,52
724762,79
724772,39
724773,53
724774,56
724777,58
724778,53
724779,41
724782,54
724789,59
724792,53
724793,38
724797,82
724798,48
724803,49
724807,84
724813,45
724816,49
724817,49
724818,56
724819,42
724821,64
724822,50
724826,69
724837,51
724842,51
724852,80
724853,85
724855,57
724856,87
724860,67
724862,59
724864,54
724874,76
724880,52
724883,80
724888,50
724890,55
724891,63
724896,41
724897,48
724898,45
724901,49
724909,60
724917,53
724922,66
724923,64
724935,50
724939,68
724941,75
724944,58
724945,50
724948,49
724952,49
725211,40
725213,39
725214,84
725216,66
725217,71
725218,39
725219,81
725220,36
725221,80
725222,36
725223,73
725225,63
725229,71
725231,74
725233,53
725237,64
725238,43
725241,74
725243,76
725244,38
725251,78
725252,84
725254,70
725256,82
725258,77
725261,51
725263,82
725264,51
725265,70
725268,60
725270,76
725271,56
725272,65
725273,68
725274,74
725275,63
725276,72
725279,90
725280,100
725284,71
725292,80
725293,37
725296,72
725298,87
725300,74
725303,71
725304,67
725311,70
725312,66
725314,83
725316,76
725320,61
725323,70
725325,78
725326,55
725329,76
725331,77
725333,87
725334,44
725335,83
725338,72
725339,80
725341,54
725342,68
725345,70
725346,60
725350,79
725351,64
725352,80
725354,53
725359,61
725361,82
725364,75
725366,60
725368,71
725369,62
725377,38
725380,62
725382,70
725383,36
725385,38
725386,71
725388,91
725389,39
725390,94
725394,77
725395,60
725396,36
725398,36
725399,55
725400,70
725402,82
725406,72
725409,73
725410,40
725412,42
725413,52
725415,71
725417,41
725418,68
725419,57
725420,39
725423,58
725424,56
725425,75
725427,76
725429,80
725431,72
725432,50
725433,69
725436,88
725437,75
725438,78
725440,39
725441,58
725443,88
725446,94
725448,64
725450,67
725453,90
725457,76
725460,71
725463,61
725465,57
725467,76
725468,53
725469,69
725470,56
725471,44
725472,47
725473,49
725474,65
725476,43
725479,45
725482,51
725484,64
725485,50
725486,60
725488,65
725489,55
725490,48
725491,76
725493,41
725494,50
725500,66
725501,66
725502,63
725503,71
725504,50
725506,48
725508,77
725509,48
725511,60
725513,39
725516,62
725517,63
725519,69
725521,42
725524,49
725526,49
725527,82
725528,91
725530,48
725533,51
725536,64
725538,55
725541,47
725542,61
725545,56
725547,56
725549,55
725551,59
725553,47
725559,39
725560,60
725562,56
725563,39
725565,51
725566,53
725567,36
725569,38
725573,59
725576,48
725578,92
725579,44
725580,45
725581,73
725583,71
725584,47
725586,82
725588,74
725593,64
725594,62
725595,45
725596,71
725599,55
725602,52
725603,45
725604,60
725605,72
725606,67
725607,63
725610,74
725612,74
725613,44
725614,77
725615,36
725620,77
725621,68
725622,79
725624,74
725625,37
725629,74
725630,90
725631,62
725632,64
725633,58
725635,91
725636,59
725638,43
725639,44
725644,48
725646,35
725648,37
725649,69
725650,65
725651,65
725652,41
725653,65
725655,48
725656,73
725657,50
725658,70
725660,45
725661,71
725670,79
725673,36
725675,37
725676,36
725677,64
725679,47
725682,66
725683,65
725685,72
725688,56
725690,47
725691,77
725692,48
725693,72
725695,48
725696,70
725698,79
725699,68
725700,48
725702,48
725704,37
725707,48
725709,48
725711,48
725713,48
725714,78
725715,49
725717,48
725718,73
725720,55
725722,53
725723,45
725727,74
725731,65
725733,55
725735,60
725736,71
725738,49
725741,65
725743,50
725744,49
725745,77
725747,64
725749,84
725751,53
725760,67
725764,55
725765,53
725770,55
725775,77
725777,81
725780,40
725781,79
725782,64
725783,63
725786,44
725793,51
725798,56
725802,57
725804,55
725806,66
725811,52
725813,50
725816,51
725819,77
725821,66
725825,60
725826,52
725827,66
725832,48
725833,76
725834,49
725847,56
725850,64
725851,46
725852,53
725855,54
725856,64
725857,75
725858,47
725859,50
725860,68
725862,69
725867,48
725869,54
725871,49
725873,54
725888,84
725898,88
725900,49
725908,60
725918,52
725922,41
725925,51
725927,76
725929,53
725931,50
725935,79
725937,56
725938,54
725939,53
725940,60
725941,59
725943,52
725945,80
725949,72
725953,53
725955,78
725958,43
725964,52
725973,73
725976,61
725978,66
725980,79
725982,64
725987,64
725989,57
725991,61
725994,54
726005,79
726010,63
726012,53
726014,77
726016,62
726023,50
726033,59
726035,73
726040,59
726045,78
726051,81
726057,65
726068,53
726070,84
726074,53
726078,65
726084,68
726085,45
726088,71
726095,63
726100,48
726104,50
726111,72
726114,57
726115,61
726120,70
726121,74
726123,68
726125,73
726126,39
726129,63
726130,73
726132,80
726134,78
726135,76
726136,62
726137,54
726138,65
726139,54
726144,57
726145,67
726146,57
726148,58
726150,54
726153,54
726156,64
726158,44
726159,54
726160,87
726161,54
726164,73
726165,76
726167,51
726176,61
726180,39
726190,67
726191,72
726193,45
726195,55
726196,60
726197,42
726198,69
726199,38
726205,71
726207,55
726211,83
726212,58
726268,31
726282,71
726299,75
726304,70
726329,34
726355,41
726433,49
726436,28
726482,56
726486,90
726488,70
726495,73
726500,62
726504,56
726506,53
726507,54
726510,42
726511,52
726514,63
726515,62
726517,52
726518,68
726521,76
726525,71
726527,48
726528,48
726529,50
726533,67
726535,50
726541,53
726543,70
726551,54
726556,64
726561,53
726563,49
726568,78
726573,63
726575,47
726576,54
726580,50
726582,56
726588,60
726590,48
726594,67
726600,42
726604,60
726609,55
726613,50
726615,50
726624,78
726625,53
726629,47
726655,52
726657,60
726659,63
726660,74
726662,57
726667,49
726668,91
726669,68
726671,50
726679,82
726688,49
726690,50
726691,81
726692,45
726695,57
726698,65
726708,44
726714,62
726716,80
726718,47
726724,69
726726,70
726727,61
726729,70
726732,69
726734,71
726736,68
726737,47
726742,69
726744,74
726748,73
726749,75
726751,73
726753,46
726755,48
726757,75
726758,47
726767,66
726769,75
726779,75
726782,59
726785,45
726786,68
726788,84
726789,47
726791,50
726792,45
726793,47
726797,50
726799,81
726802,59
726803,69
726804,47
726807,77
726813,67
726814,48
726815,43
726818,53
726824,50
726829,57
726831,52
726832,44
726835,49
726841,57
726846,69
726849,70
726856,43
726858,46
726861,51
726864,81
726866,49
726867,70
726870,52
726874,59
726886,44
726888,51
726892,52
726894,48
726896,70
726901,58
726906,53
726907,48
726910,54
726912,46
726916,68
726924,56
726925,56
726926,48
726927,64
726929,52
726944,46
726949,77
726953,63
726957,72
727124,78
727209,56
727218,90
727220,66
727222,53
727225,73
727229,66
727231,81
727232,40
727236,43
727238,67
727242,50
727244,69
727250,59
727253,74
727255,80
727258,73
727261,40
727262,54
727264,78
727265,44
727266,72
727268,36
727269,80
727271,56
727273,81
727275,75
727278,70
727281,82
727284,74
727286,78
727289,69
727291,60
727294,64
727296,50
727298,61
727302,63
727303,36
727304,72
727308,56
727310,68
727314,67
727315,70
727319,88
727320,66
727321,59
727323,52
727325,80
727326,69
727329,70
727330,67
727331,82
727333,85
727335,68
727336,67
727338,41
727339,64
727340,39
727341,67
727343,63
727345,70
727350,65
727355,64
727359,64
727361,77
727366,77
727367,39
727368,75
727373,84
727374,79
727375,57
727377,60
727379,68
727384,85
727388,40
727389,63
727390,52
727395,36
727397,36
727399,39
727402,61
727404,74
727406,68
727408,67
727413,54
727415,69
727417,69
727419,64
727420,64
727421,70
727423,74
727424,36
727428,70
727429,40
727430,67
727432,87
727433,72
727435,77
727436,97
727437,82
727439,52
727441,66
727445,52
727446,66
727447,36
727450,79
727451,38
727452,54
727453,39
727454,74
727455,57
727456,37
727461,70
727463,50
727466,42
727468,57
727475,43
727478,74
727479,48
727484,44
727491,65
727503,43
727504,38
727506,47
727507,48
727509,81
727510,42
727511,55
727512,44
727513,81
727514,72
727515,54
727516,36
727521,65
727523,39
727525,38
727531,36
727532,84
727533,39
727537,50
727541,50
727542,68
727545,51
727547,38
727548,86
727549,41
727551,70
727554,46
727555,82
727556,51
727557,75
727559,74
727560,61
727562,36
727565,80
727566,56
727567,96
727568,43
727569,72
727572,39
727573,41
727574,73
727575,42
727576,39
727577,71
727578,62
727582,49
727583,41
727584,54
727586,72
727587,54
727589,83
727592,46
727594,38
727596,65
727598,53
727601,60
727602,40
727604,76
727606,38
727607,69
727610,70
727612,68
727614,78
727615,42
727616,83
727618,68
727620,57
727622,79
727624,74
727628,50
727629,60
727635,77
727637,77
727638,37
727639,52
727640,45
727641,47
727642,40
727643,78
727646,46
727648,54
727649,56
727651,50
727653,58
727654,46
727656,50
727669,51
727670,77
727671,49
727673,77
727674,38
727675,75
727676,52
727677,75
727679,40
727680,50
727681,64
727682,50
727683,62
727688,41
727689,67
727690,66
727691,55
727692,66
727693,60
727696,43
727697,66
727699,45
727703,47
727704,70
727705,36
727707,78
727708,57
727709,69
727710,53
727714,72
727715,52
727719,71
727721,70
727723,74
727725,71
727727,75
727730,68
727732,67
727736,52
727738,61
727742,58
727743,56
727744,45
727747,51
727748,58
727750,54
727752,74
727754,85
727756,60
727761,53
727766,65
727769,42
727772,57
727781,74
727785,70
727786,65
727787,38
727792,56
727796,55
727798,56
727800,54
727802,77
727804,61
727807,42
727808,55
727810,65
727813,72
727814,39
727815,64
727818,62
727820,53
727821,40
727823,39
727824,77
727828,66
727844,41
727845,52
727847,77
727849,52
727854,46
727855,52
727858,55
727860,60
727866,81
727870,61
727875,75
727882,75
727888,54
727890,53
727897,58
727903,66
727910,57
727917,66
727929,87
727930,54
727931,54
727937,56
727939,53
727945,44
727946,74
727947,41
727948,54
727953,69
727955,60
727960,53
727964,60
727976,40
727977,84
727981,66
727982,65
727987,65
727989,41
727990,54
727991,58
727992,67
727995,57
727999,58
728001,71
728003,71
728004,69
728005,75
728007,59
728010,72
728020,65
728022,57
728024,76
728027,56
728030,62
728031,67
728033,43
728034,69
728039,54
728042,56
728045,85
728046,53
728048,57
728055,54
728057,64
728060,56
728067,44
728069,38
728070,56
728071,57
728080,55
728084,43
728085,55
728086,43
728087,83
728088,80
728090,45
728091,61
728097,59
728105,62
728112,40
728114,64
728115,69
728116,66
728117,92
728118,75
728119,39
728121,39
728123,42
728124,57
728127,61
728131,42
728132,55
728133,66
728135,55
728136,64
728140,59
728141,50
728144,75
728146,65
728150,59
728155,79
728157,56
728158,83
728159,78
728160,58
728163,52
728182,56
728185,81
728186,82
728188,53
728189,38
728190,83
728192,81
728193,76
728199,54
728202,88
728205,48
728206,45
728208,39
728247,81
728248,61
728418,51
728465,86
728467,71
728473,51
728474,61
728475,82
728476,69
728477,50
728480,38
728484,37
728487,40
728490,60
728492,68
728495,72
728497,68
728505,52
728508,55
728512,84
728514,72
728515,64
728518,68
728520,71
728521,61
728522,48
728523,45
728524,48
728527,39
728528,50
728530,38
728533,51
728535,58
728536,58
728537,50
728538,63
728541,63
728545,57
728548,54
728550,58
728551,60
728562,54
728564,107
728567,50
728568,61
728569,48
728571,49
728572,57
728573,67
728574,58
728575,71
728576,53
728581,83
728582,44
728584,44
728585,77
728589,51
728595,58
728600,30
728607,73
728608,51
728610,71
728612,43
728618,65
728620,83
728621,50
728624,74
728625,58
728627,56
728632,55
728633,72
728634,49
728637,72
728640,72
728642,50
728643,54
728644,51
728649,51
728651,68
728657,86
728661,61
728664,73
728667,50
728668,71
728675,82
728680,52
728683,51
728689,38
728690,90
728693,48
728719,52
728721,54
728722,39
728723,51
728724,59
728725,53
728727,52
728728,52
728730,53
728731,53
728732,45
728733,54
728734,50
728738,51
728739,64
728740,52
728742,54
728743,66
728744,50
728746,57
728748,52
728750,48
728751,81
728752,44
728753,44
728754,43
728757,77
728758,42
728761,75
728762,42
728766,74
728770,44
728771,75
728772,80
728776,76
728777,41
728780,54
728781,76
728785,56
728786,84
728790,85
728791,67
728794,79
728795,79
728799,67
728800,82
728801,45
728806,60
728808,42
728811,69
728813,80
728816,73
728817,44
728818,74
728819,42
728823,97
728824,62
728827,74
728830,82
728832,84
728833,51
728839,70
728840,85
728841,83
728843,97
728844,95
728845,39
728846,76
728847,64
728849,72
728852,41
728859,79
728862,85
728867,56
728868,86
728876,94
728878,84
728880,83
728881,79
728883,85
728887,64
728890,79
728891,78
728900,42
728901,84
728906,65
728907,40
728908,89
728911,78
728913,94
728914,83
728916,79
728920,75
728930,62
728934,42
728938,48
728940,65
728947,69
728948,46
728949,71
728950,69
728951,69
728953,67
728954,69
728957,69
728960,69
728962,69
728963,68
728966,69
729230,69
729231,37
729232,58
729234,85
729236,39
729237,88
729239,58
729241,79
729245,53
729247,35
729249,37
729252,39
729254,37
729261,61
729265,43
729269,39
729273,77
729277,67
729280,70
729287,79
729289,83
729291,64
729293,77
729294,56
729298,58
729300,93
729302,77
729305,76
729306,79
729308,70
729309,59
729311,44
729314,61
729316,72
729320,68
729322,66
729324,73
729327,40
729330,90
729331,50
729335,56
729336,40
729338,46
729339,36
729341,39
729346,36
729349,36
729351,36
729361,92
729385,37
729386,72
729388,56
729396,44
729400,39
729402,57
729404,67
729408,73
729412,40
729419,71
729421,36
729423,56
729427,76
729428,62
729429,61
729430,72
729431,59
729433,69
729434,73
729435,37
729441,76
729449,64
729456,76
729457,65
729458,54
729459,80
729460,67
729461,75
729462,77
729464,47
729465,76
729466,41
729476,66
729478,56
729480,69
729488,60
729490,71
729495,41
729497,36
729498,66
729501,79
729503,61
729510,52
729511,64
729512,53
729513,46
729514,48
729518,40
729519,75
729524,66
729525,53
729526,63
729532,39
729537,56
729540,64
729548,58
729561,87
729564,40
729566,40
729569,37
729571,52
729572,64
729574,58
729576,58
729579,46
729584,66
729586,75
729587,55
729593,64
729599,71
729600,38
729601,45
729605,69
729606,67
729612,42
729615,64
729618,63
729626,37
729628,58
729629,80
729630,38
729632,43
729635,39
729642,57
729643,73
729646,52
729647,53
729652,64
729654,56
729655,76
729656,58
729658,68
729662,42
729663,65
729669,41
729672,58
729676,71
729681,54
729688,82
729689,46
729691,50
729692,38
729694,37
729695,87
729699,47
729704,74
729705,77
729706,67
729708,40
729710,41
729714,71
729716,68
729737,52
729739,78
729741,53
729743,46
729744,53
729746,55
729749,55
729751,43
729752,73
729756,94
729762,55
729772,52
729779,46
729782,82
729787,43
729788,59
729789,54
729790,41
729792,55
729793,39
729794,69
729796,78
729800,72
729804,56
729807,61
729811,53
729812,52
729814,50
729816,44
729817,54
729821,37
729822,57
729826,52
729828,76
729829,44
729830,76
729831,38
729834,38
729835,59
729837,61
729839,61
729845,52
729851,71
729854,68
729862,78
729865,50
729867,42
729875,72
729877,59
729879,39
729882,61
729883,38
729884,80
729885,41
729887,69
729890,53
729891,39
729892,83
729896,68
729898,79
729899,64
729900,49
729903,77
729904,73
729907,57
729910,52
729913,41
729914,57
729915,94
729916,81
729919,54
729921,66
729922,68
729923,59
729926,52
729927,56
729929,79
729930,56
729932,54
729933,69
729936,65
729938,55
729939,39
729943,50
729944,77
729952,58
729953,52
729955,73
729962,70
729963,56
729964,55
729965,43
729966,55
729967,73
729968,56
729970,50
729972,55
729975,71
729979,64
729983,72
729987,83
729988,57
729990,57
729992,62
729999,72
730001,70
730003,72
730004,40
730005,70
730006,68
730007,81
730009,54
730011,58
730013,39
730015,57
730020,81
730024,65
730025,80
730029,60
730031,55
730035,78
730036,58
730040,67
730041,63
730042,54
730047,69
730050,62
730051,58
730053,61
730055,56
730057,55
730060,72
730068,75
730070,52
730071,66
730072,63
730076,69
730078,60
730079,77
730081,42
730082,82
730089,66
730091,61
730093,70
730094,69
730096,74
730099,59
730106,63
730109,79
730111,57
730113,64
730117,84
730118,48
730119,59
730120,78
730127,40
730128,57
730130,61
730132,40
730134,69
730139,55
730140,72
730141,44
730142,56
730144,64
730147,77
730148,39
730149,53
730151,50
730152,70
730153,39
730154,58
730156,56
730158,57
730162,77
730164,84
730177,81
730178,57
730182,68
730186,49
730190,81
730193,50
730196,38
730198,39
730203,40
730205,46
730207,83
730213,69
730215,61
730217,74
730221,78
730272,64
730356,71
730416,39
730445,27
730483,53
730485,42
730491,55
730493,47
730496,79
730498,59
730504,56
730505,42
730514,37
730520,43
730527,38
730531,44
730533,57
730535,55
730543,82
730547,56
730551,46
730552,77
730558,56
730561,65
730566,62
730569,80
730570,55
730583,42
730585,55
730590,47
730595,48
730597,75
730602,54
730604,57
730605,65
730608,38
730616,83
730617,70
730622,66
730626,76
730631,71
730632,49
730633,47
730635,61
730639,58
730640,70
730647,62
730648,67
730656,39
730661,75
730680,47
730681,95
730685,72
730690,68
730694,52
730695,49
730700,85
730702,38
730703,74
730704,38
730706,63
730711,43
730714,78
730716,51
730718,52
730723,58
730725,80
730728,63
730729,83
730730,82
730733,44
730734,50
730735,57
730736,44
730739,84
730740,40
730742,74
730743,51
730747,55
730749,39
730753,49
730757,47
730759,68
730760,62
730763,62
730764,64
730766,43
730767,73
730768,50
730770,45
730772,52
730773,65
730775,67
730777,48
730779,60
730781,51
730795,68
730796,47
730798,48
730800,47
730801,65
730802,47
730805,47
730807,47
730809,47
730810,60
730812,47
730815,49
730817,51
730819,47
730820,51
730821,48
730823,49
730826,49
730827,48
730828,43
730829,47
730830,47
730831,46
730833,47
730837,47
730842,56
730843,49
730845,47
730847,50
730848,66
730849,55
730850,94
730855,65
730857,48
730859,61
730861,47
730862,48
730865,54
730867,47
730868,48
730869,46
730871,47
730876,50
730884,48
730885,50
730888,55
730889,64
730890,93
730891,46
730892,63
730895,47
730896,45
730898,47
730901,47
730903,55
730905,53
730908,61
730909,51
730910,51
730912,49
730914,47
730916,48
730918,61
730921,63
730926,60
730928,56
730931,47
730933,48
730934,64
730936,70
730937,65
730941,65
730943,47
730944,68
730945,55
730947,65
730949,50
730951,49
730953,66
730954,43
730955,49
730956,54
730957,51
730960,69
730962,67
730964,57
730966,51
730968,52
730970,51
730972,52
730974,54
730975,57
730976,52
730978,52
731246,38
731247,51
731248,36
731249,50
731254,50
731255,40
731256,50
731258,50
731263,68
731264,76
731271,47
731277,62
731279,56
731281,60
731282,37
731283,50
731285,51
731287,42
731288,51
731291,39
731293,57
731294,48
731296,69
731297,68
731298,70
731301,63
731302,54
731311,90
731313,38
731317,85
731326,49
731333,37
731336,57
731337,52
731343,65
731348,78
731350,66
731352,72
731353,78
731362,77
731363,81
731365,41
731370,73
731378,71
731380,75
731382,71
731386,50
731389,67
731393,55
731397,63
731399,70
731404,36
731406,75
731407,81
731408,36
731409,74
731410,37
731412,36
731413,65
731414,40
731416,58
731421,65
731422,36
731423,62
731424,100
731427,73
731428,39
731429,59
731430,43
731431,38
731432,64
731434,70
731436,41
731437,76
731438,36
731440,51
731441,69
731442,37
731443,36
731444,70
731445,38
731452,52
731453,82
731455,68
731457,56
731458,60
731459,92
731461,50
731463,63
731466,41
731467,67
731469,70
731471,80
731477,65
731478,53
731482,69
731484,72
731487,88
731489,53
731491,72
731495,81
731496,54
731498,66
731505,37
731506,52
731507,69
731508,90
731509,37
731510,36
731511,51
731512,40
731514,39
731516,36
731518,36
731524,48
731526,43
731527,49
731528,62
731529,70
731531,94
731534,54
731536,77
731544,42
731545,45
731548,47
731549,67
731553,50
731554,74
731564,40
731565,85
731566,42
731567,81
731569,82
731572,45
731579,52
731590,38
731591,80
731595,67
731596,38
731597,57
731598,43
731599,59
731600,39
731601,56
731604,38
731606,36
731613,36
731617,56
731624,53
731634,38
731637,72
731638,67
731640,38
731647,69
731648,40
731649,65
731650,46
731651,75
731652,79
731653,72
731654,39
731655,89
731658,77
731659,37
731662,81
731666,42
731668,51
731677,48
731679,88
731681,86
731684,37
731685,68
731686,37
731687,55
731688,36
731689,70
731691,37
731695,39
731696,81
731697,38
731698,48
731699,36
731701,36
731702,36
731703,63
731704,74
731706,66
731708,36
731713,76
731720,58
731721,85
731722,48
731724,78
731728,53
731729,71
731730,77
731731,40
731732,61
731735,57
731736,67
731740,83
731742,74
731743,65
731745,40
731747,66
731751,60
731753,69
731755,74
731756,56
731758,51
731762,52
731765,83
731772,93
731776,82
731777,41
731778,84
731780,80
731781,50
731785,68
731786,63
731787,54
731795,56
731798,74
731803,84
731806,71
731808,82
731813,39
731814,87
731816,61
731820,70
731822,89
731823,82
731825,56
731826,54
731836,38
731837,86
731844,70
731845,77
731850,95
731852,53
731854,39
731856,76
731858,55
731859,51
731861,45
731865,79
731868,52
731869,69
731870,72
731871,77
731872,80
731873,63
731878,83
731880,95
731884,78
731885,72
731886,57
731889,63
731890,47
731891,55
731897,82
731898,44
731899,82
731904,52
731907,38
731908,63
731910,40
731911,53
731912,53
731915,61
731917,53
731919,79
731920,41
731923,55
731924,78
731926,58
731937,47
731939,41
731940,68
731941,71
731944,63
731946,56
731947,78
731948,50
731950,55
731952,79
731953,69
731959,57
731960,45
731961,45
731970,68
731971,54
731974,54
731976,68
731981,56
731983,48
731985,52
731986,60
731987,62
731988,39
731999,45
732000,50
732002,56
732005,44
732008,71
732015,48
732023,48
732027,52
732035,44
732041,38
732048,67
732050,40
732060,42
732065,83
732066,46
732067,53
732074,66
732075,55
732093,75
732095,59
732102,57
732104,56
732106,54
732107,69
732109,57
732111,58
732120,55
732122,78
732124,59
732126,61
732129,52
732130,56
732132,62
732134,76
732135,62
732141,60
732143,42
732145,49
732146,45
732151,69
732153,71
732158,56
732160,55
732165,45
732168,45
732169,55
732170,77
732171,67
732173,43
732174,72
732175,41
732176,64
732177,41
732178,64
732182,62
732184,81
732186,57
732190,77
732192,61
732199,61
732200,60
732201,68
732204,49
732208,64
732210,76
732211,58
732212,61
732214,57
732224,48
732227,46
732232,78
732233,67
732236,69
732247,36
732291,64
732292,61
732299,89
732300,65
732301,51
732304,44
732318,39
732323,22
732331,39
732350,64
732358,77
732360,30
732375,72
732393,65
732450,73
732505,54
732510,76
732514,73
732516,84
732517,56
732523,74
732530,47
732539,41
732541,62
732542,53
732546,89
732548,67
732553,61
732555,41
732558,90
732562,37
732564,51
732566,65
732569,64
732571,37
732573,45
732575,78
732578,59
732579,51
732581,73
732586,43
732589,37
732590,60
732591,60
732599,62
732603,55
732605,53
732607,46
732610,37
732612,38
732613,67
732622,37
732630,64
732634,66
732637,44
732642,39
732644,41
732662,71
732665,51
732666,43
732669,69
732672,51
732676,63
732678,54
732682,37
732684,38
732687,40
732694,76
732696,49
732700,78
732705,61
732710,53
732711,62
732714,41
732719,61
732720,62
732727,62
732730,52
732731,43
732738,59
732746,81
732749,78
732752,51
732754,54
732756,48
732759,72
732766,47
732769,48
732776,52
732778,71
732780,58
732785,85
732789,63
732797,55
732798,70
732799,55
732801,52
732802,55
732804,49
732808,50
732812,50
732814,84
732817,63
732819,48
732821,64
732822,75
732826,55
732828,55
732830,75
732832,55
732834,65
732839,86
732842,64
732844,60
732850,60
732854,80
732855,51
732856,68
732857,50
732860,75
732869,77
732871,55
732875,55
732879,73
732880,56
732887,53
732892,64
732896,55
732898,55
732902,75
732904,56
732906,67
732908,54
732909,49
732910,84
732911,77
732913,50
732915,62
732916,64
732917,48
732918,52
732919,66
732920,51
732924,46
732930,49
732932,48
732937,55
732939,74
732941,65
732943,53
732944,87
732946,49
732951,54
732953,58
732959,52
732961,48
732962,48
732966,57
732967,70
732969,62
732970,52
732971,78
732972,48
732976,80
732977,54
732978,59
732979,64
733224,63
733242,49
733245,69
733250,39
733253,38
733257,51
733259,49
733262,51
733263,61
733266,51
733271,55
733274,52
733277,51
733278,65
733279,40
733282,51
733284,51
733286,37
733287,59
733288,44
733289,52
733290,56
733298,52
733301,85
733306,92
733307,70
733309,66
733319,62
733320,45
733321,39
733322,82
733329,92
733336,74
733340,55
733341,68
733342,52
733348,57
733350,42
733353,37
733354,36
733357,38
733360,51
733361,63
733363,41
733365,52
733366,80
733367,50
733368,51
733371,37
733372,50
733373,37
733374,50
733375,36
733376,50
733379,37
733380,36
733382,38
733383,50
733384,39
733385,39
733386,50
733388,49
733389,39
733390,51
733391,39
733392,50
733393,36
733396,42
733398,37
733399,52
733400,37
733401,50
733402,36
733403,51
733404,37
733405,50
733406,38
733407,38
733408,51
733409,44
733410,50
733411,37
733412,50
733413,36
733414,51
733415,49
733416,37
733417,50
733418,37
733419,50
733420,36
733422,36
733423,37
733427,36
733428,51
733430,50
733433,50
733435,51
733437,50
733440,50
733441,43
733442,51
733444,51
733446,50
733448,50
733450,51
733452,50
733453,51
733455,50
733456,68
733457,50
733458,50
733459,50
733460,50
733461,50
733462,61
733463,49
733466,49
733467,51
733469,51
733471,50
733472,39
733473,51
733475,51
733477,50
733478,61
733480,50
733482,50
733484,39
733486,50
733488,49
733489,38
733490,50
733491,50
733492,38
733493,50
733494,38
733501,51
733503,65
733507,40
733516,79
733518,39
733528,39
733529,80
733532,40
733533,55
733536,72
733538,40
733540,37
733543,73
733546,89
733554,46
733560,87
733562,68
733565,57
733566,34
733567,75
733571,87
733580,74
733584,69
733587,65
733590,51
733596,72
733599,53
733603,37
733609,90
733612,63
733614,41
733616,41
733620,95
733621,37
733630,81
733631,35
733632,58
733633,39
733637,80
733641,61
733642,75
733645,41
733649,51
733652,55
733654,54
733656,60
733657,66
733658,63
733663,45
733666,41
733671,46
733673,63
733678,74
733682,77
733684,72
733686,71
733689,51
733690,60
733692,73
733694,55
733696,58
733697,67
733701,52
733703,55
733709,81
733712,56
733714,72
733715,70
733716,40
733717,77
733718,51
733719,51
733720,67
733721,51
733722,43
733723,48
733724,41
733726,54
733727,74
733732,44
733733,77
733736,43
733738,45
733739,60
733741,73
733743,68
733746,59
733758,58
733760,51
733762,78
733763,58
733767,62
733768,55
733770,55
733773,69
733776,57
733782,69
733784,58
733786,52
733788,64
733796,74
733800,44
733805,95
733808,64
733810,51
733811,53
733818,53
733822,68
733824,54
733826,81
733830,53
733834,75
733840,54
733841,43
733845,56
733846,53
733848,63
733850,68
733852,54
733853,72
733855,74
733856,83
733857,54
733862,47
733863,64
733864,48
733865,79
733866,66
733867,53
733870,43
733872,39
733875,62
733877,67
733878,57
733880,61
733883,73
733884,59
733885,88
733886,49
733887,74
733891,76
733895,87
733897,74
733900,45
733905,88
733906,51
733913,96
733915,87
733917,93
733920,62
733921,55
733923,58
733925,55
733926,52
733930,55
733932,56
733933,104
733935,67
733938,59
733940,100
733944,62
733947,89
733948,39
733950,62
733958,56
733959,79
733961,40
733962,80
733963,66
733969,57
733972,57
733976,62
733978,97
733980,44
733981,69
733983,75
733985,99
733986,69
733987,77
733988,65
733989,45
733991,44
733993,58
733995,59
733999,76
734000,57
734001,56
734003,92
734004,55
734005,54
734006,39
734007,59
734008,52
734011,72
734012,51
734015,76
734018,71
734020,59
734022,46
734023,56
734027,55
734029,78
734031,55
734033,72
734037,52
734038,62
734041,40
734042,69
734043,43
734044,78
734047,38
734048,71
734054,58
734055,43
734058,52
734060,43
734065,54
734066,77
734068,62
734069,40
734070,69
734071,43
734072,68
734074,71
734076,78
734081,57
734083,58
734094,44
734096,55
734105,60
734106,51
734110,76
734111,45
734114,57
734118,43
734121,83
734122,38
734124,38
734126,63
734128,42
734133,69
734134,73
734137,39
734138,39
734139,68
734141,59
734142,41
734143,74
734145,54
734146,39
734147,56
734148,38
734149,71
734151,56
734152,77
734155,80
734156,89
734157,81
734160,88
734163,40
734164,55
734165,38
734182,58
734184,62
734186,55
734187,65
734188,72
734189,55
734192,58
734193,64
734196,73
734197,61
734199,61
734202,45
734203,58
734204,48
734207,82
734208,55
734211,70
734215,68
734219,58
734221,73
734222,40
734223,70
734225,72
734226,49
734227,55
734228,86
734231,78
734246,70
734252,30
734255,47
734267,36
734275,36
734277,28
734280,37
734281,58
734282,51
734285,36
734293,28
734298,68
734299,29
734301,39
734310,71
734312,70
734321,60
734331,31
734340,26
734416,68
734422,56
734423,34
734429,43
734431,34
734432,44
734434,52
734435,56
734447,81
734462,27
734476,40
734483,27
734488,66
734497,39
734516,60
734520,73
734528,48
734536,60
734539,40
734541,39
734543,43
734546,38
734550,43
734553,71
734554,43
734555,69
734564,54
734566,70
734567,56
734576,52
734577,40
734578,43
734580,77
734585,37
734586,41
734589,71
734590,48
734592,57
734597,42
734603,63
734606,48
734611,77
734616,47
734617,35
734620,43
734625,37
734636,77
734643,55
734644,49
734657,50
734658,89
734669,38
734671,76
734701,40
734704,37
734705,45
734706,65
734707,72
734708,37
734712,50
734732,40
734736,60
734737,41
734753,77
734762,51
734770,46
734771,43
734783,49
734790,68
734811,72
734817,46
734818,50
734826,52
734829,46
734834,45
734870,51
734883,58
734886,53
734901,49
734909,63
734913,46
734915,55
734916,49
734918,51
734919,40
734922,50
734924,57
734926,54
734927,57
734936,76
734937,54
734939,59
734940,44
734941,51
734945,54
734949,53
734951,52
734954,50
734956,78
734960,48
734962,46
734963,80
734965,89
734967,54
734971,50
734973,54
734977,57
734980,73
735218,57
735250,57
735252,37
735253,36
735254,66
735255,36
735256,66
735257,44
735260,51
735265,46
735272,38
735273,78
735275,71
735277,94
735278,39
735279,65
735282,39
735285,37
735290,56
735291,87
735295,62
735297,52
735299,56
735300,42
735303,57
735305,58
735306,53
735307,60
735310,56
735316,39
735317,55
735320,58
735322,58
735323,38
735325,54
735326,59
735328,52
735329,49
735331,75
735332,54
735333,42
735334,54
735335,38
735338,52
735340,50
735341,72
735345,52
735347,55
735351,81
735357,63
735358,55
735360,59
735365,60
735367,57
735368,43
735369,51
735372,41
735375,87
735380,54
735384,54
735385,42
735386,54
735390,53
735392,57
735399,53
735401,54
735403,37
735406,54
735413,73
735414,44
735416,38
735420,104
735434,70
735441,39
735447,59
735448,48
735450,36
735454,55
735455,66
735456,80
735458,88
735462,54
735464,58
735466,37
735472,39
735477,53
735481,64
735484,40
735488,97
735491,40
735495,39
735498,40
735499,43
735501,60
735502,39
735503,37
735508,55
735528,83
735529,80
735530,49
735533,65
735534,67
735538,74
735539,38
735541,51
735542,62
735546,59
735547,54
735555,36
735560,53
735561,30
735565,45
735569,36
735570,87
735573,36
735576,64
735580,76
735582,57
735585,54
735588,42
735591,36
735593,100
735597,69
735604,88
735607,90
735613,43
735618,58
735624,73
735628,37
735630,48
735633,78
735634,38
735638,71
735641,80
735642,67
735648,37
735655,68
735657,64
735660,74
735662,81
735663,64
735669,74
735678,68
735679,48
735680,78
735685,68
735686,69
735688,64
735690,59
735693,67
735697,43
735704,73
735705,39
735706,48
735710,37
735714,59
735722,36
735726,61
735727,48
735728,75
735729,40
735732,54
735734,45
735740,72
735750,49
735757,65
735762,44
735763,79
735765,53
735767,57
735768,48
735771,69
735773,73
735775,53
735777,54
735779,68
735781,51
735786,63
735787,59
735788,47
735789,55
735792,64
735794,76
735795,53
735798,42
735799,63
735800,59
735803,69
735805,82
735808,62
735812,43
735814,56
735815,44
735817,52
735821,54
735822,43
735825,40
735827,43
735828,78
735829,38
735830,42
735831,54
735833,43
735834,67
735836,43
735837,61
735838,43
735839,67
735840,43
735845,73
735850,52
735851,53
735852,43
735853,92
735855,43
735857,43
735861,74
735863,77
735866,42
735868,67
735874,54
735875,44
735877,73
735878,43
735882,65
735884,43
735885,81
735887,44
735888,54
735889,43
735891,53
735892,43
735893,47
735894,60
735898,43
735900,43
735901,45
735902,63
735903,60
735904,79
735906,42
735908,58
735910,61
735911,70
735912,48
735913,72
735916,58
735917,73
735918,70
735919,60
735922,56
735923,56
735927,67
735928,65
735930,49
735933,60
735937,62
735939,45
735940,50
735945,43
735946,50
735947,43
735953,44
735954,63
735956,48
735962,71
735973,54
735979,52
735980,68
735991,65
735993,55
735998,77
736003,41
736007,66
736009,76
736010,76
736015,69
736017,51
736018,77
736022,96
736024,43
736025,64
736029,67
736031,57
736032,40
736033,59
736034,45
736035,91
736036,79
736039,39
736040,77
736046,44
736048,39
736051,63
736052,40
736053,69
736055,72
736059,76
736061,63
736062,56
736063,66
736065,59
736066,79
736070,54
736075,75
736078,66
736081,56
736084,61
736085,45
736089,63
736091,57
736092,56
736093,82
736095,69
736096,74
736097,84
736099,78
736101,83
736102,83
736104,80
736105,45
736107,44
736110,57
736111,38
736113,38
736117,62
736119,64
736120,47
736121,58
736125,52
736131,68
736134,51
736137,56
736138,59
736139,60
736143,39
736144,86
736146,59
736147,53
736151,41
736156,39
736160,82
736161,55
736162,83
736163,39
736166,62
736168,63
736170,74
736171,90
736172,61
736173,67
736174,40
736175,60
736176,76
736178,73
736180,51
736183,68
736184,68
736185,55
736190,59
736195,38
736196,57
736197,40
736198,56
736200,66
736202,71
736204,60
736206,62
736207,56
736210,96
736212,56
736213,82
736215,49
736216,68
736218,81
736220,59
736221,49
736222,69
736223,39
736226,57
736231,68
736239,76
736241,84
736242,70
736243,78
736274,37
736299,46
736339,43
736351,59
736352,33
736354,61
736388,46
736390,64
736417,42
736499,66
736501,78
736503,75
736504,69
736509,71
736515,43
736521,43
736522,42
736536,66
736541,59
736546,40
736548,71
736553,40
736554,80
736567,37
736570,55
736572,39
736575,71
736578,47
736581,72
736584,55
736591,45
736600,60
736611,76
736627,64
736631,73
736632,61
736633,68
736634,37
736636,72
736645,83
736651,83
736658,36
736659,70
736663,95
736665,82
736668,37
736670,39
736675,44
736679,49
736682,41
736683,63
736689,37
736693,58
736695,47
736697,37
736700,41
736703,39
736709,66
736710,60
736717,58
736756,53
736757,48
736759,61
736761,49
736762,55
736764,77
736766,49
736767,66
736768,60
736769,49
736770,53
736771,49
736773,46
736777,52
736785,48
736790,49
736791,51
736792,65
736794,63
736803,66
736807,48
736810,38
736812,45
736813,60
736815,51
736816,59
736817,54
736819,72
736820,57
736824,56
736825,72
736828,57
736838,51
736839,43
736840,50
736841,67
736847,42
736849,58
736852,63
736855,72
736856,42
736859,71
736869,53
736873,38
736875,61
736878,53
736881,42
736882,51
736885,52
736889,51
736903,69
736904,57
736905,80
736910,60
736912,69
736913,39
736918,68
736920,69
736924,65
736929,60
736931,60
736936,68
736940,66
736943,75
736945,47
736947,59
736950,67
736951,95
736955,70
736959,63
736962,71
736966,71
736967,72
736969,66
736971,74
736986,75
737048,30
737161,65
737383,37
737384,37
737385,36
737386,36
737387,45
737388,37
737389,45
737394,44
737403,42
737404,47
737436,55
737438,71
737439,36
737440,78
737442,56
737444,71
737449,68
737457,54
737460,65
737461,36
737463,61
737465,82
737469,73
737470,66
737472,63
737482,52
737483,53
737486,38
737487,37
737488,37
737490,61
737492,39
737493,71
737494,40
737495,59
737496,36
737498,39
737499,58
737501,74
737502,38
737504,36
737506,42
737507,55
737510,38
737511,61
737513,39
737514,40
737516,39
737517,30
737521,35
737533,41
737571,36
737575,37
737579,38
737584,40
737588,36
737591,54
737592,39
737593,78
737596,57
737598,55
737604,44
737605,62
737606,86
737608,38
737610,46
737611,65
737613,50
737618,35
737620,62
737621,57
737622,68
737623,53
737627,59
737629,54
737630,73
737635,60
737636,92
737639,41
737640,61
737650,58
737653,36
737655,36
737659,44
737667,76
737669,74
737670,49
737675,54
737679,76
737685,74
737691,68
737700,60
737702,76
737715,52
737719,60
737720,62
737723,51
737737,40
737738,65
737746,54
737749,38
737753,75
737756,45
737759,36
737761,38
737763,36
737772,64
737781,39
737791,60
737798,46
737802,93
737804,82
737808,66
737809,47
737813,63
737816,56
737817,58
737823,91
737830,45
737831,43
737832,53
737834,53
737836,52
737837,53
737840,53
737873,49
737876,76
737892,44
737895,73
737904,56
737906,73
737908,62
737911,60
737913,75
737915,57
737916,56
737917,54
737919,54
737922,51
737924,55
737928,65
737930,58
737931,39
737932,53
737934,62
737936,57
737941,74
737942,55
737945,54
737949,76
737953,55
737954,64
737957,76
737961,53
737963,56
737964,45
737965,52
737967,54
737970,40
737971,52
737973,75
737974,57
737975,76
737976,46
737977,76
737978,53
737980,86
737981,48
737983,74
737985,71
737986,62
737987,53
737990,60
737992,66
737995,42
737997,50
737998,87
737999,41
738000,65
738001,66
738002,55
738004,75
738006,65
738008,53
738010,86
738012,82
738018,77
738021,49
738022,65
738025,52
738038,50
738039,42
738042,58
738043,39
738044,88
738046,76
738048,86
738049,71
738050,87
738051,45
738062,47
738064,64
738065,54
738066,58
738067,40
738068,56
738071,78
738076,42
738077,61
738081,56
738096,71
738097,59
738099,38
738101,39
738102,48
738103,84
738105,45
738108,76
738110,55
738111,39
738113,76
738115,77
738116,59
738119,56
738123,78
738124,43
738128,57
738131,59
738134,45
738135,81
738136,51
738137,56
738141,58
738142,40
738143,64
738145,80
738146,92
738147,65
738148,68
738149,57
738150,78
738158,67
738160,66
738162,54
738163,60
738164,55
738165,50
738166,54
738168,60
738170,87
738176,69
738178,58
738179,50
738180,71
738181,60
738182,58
738185,53
738187,66
738188,41
738190,40
738191,71
738193,67
738194,41
738195,93
738197,62
738198,38
738201,71
738204,56
738206,55
738208,53
738212,41
738213,67
738216,44
738221,72
738223,58
738225,54
738226,42
738227,98
738229,69
738230,41
738231,94
738234,67
738238,42
738239,55
738240,44
738241,89
738242,72
738243,68
738244,55
738245,56
738247,54
738250,55
738253,57
738255,58
738257,60
738259,55
738260,43
738261,59
738262,43
738263,76
738264,38
738424,66
738426,60
738428,38
738463,30
738467,41
738468,69
738529,57
738530,41
738531,47
738532,40
738539,67
738540,66
738545,82
738546,38
738551,51
738553,69
738555,57
738560,67
738563,51
738578,62
738583,41
738588,73
738596,39
738603,37
738611,59
738614,41
738625,70
738627,39
738631,70
738632,66
738633,38
738635,54
738641,61
738644,71
738651,69
738656,59
738657,77
738665,41
738668,70
738676,40
738684,66
738685,74
738688,74
738689,37
738691,41
738695,66
738697,39
738703,41
738706,40
738719,59
738721,40
738724,57
738727,51
738738,39
738739,59
738744,81
738748,41
738749,45
738750,38
738753,40
738764,37
738768,52
738769,70
738770,76
738780,71
738785,64
738786,53
738788,78
738799,51
738802,38
738803,56
738815,41
738816,53
738818,76
738823,53
738824,58
738826,52
738831,50
738839,74
738840,69
738843,58
738844,44
738846,37
738849,41
738850,48
738852,48
738853,57
738854,67
738855,55
738860,53
738862,83
738865,63
738867,61
738868,65
738878,56
738879,67
738880,38
738890,45
738895,77
738896,76
738900,57
738902,53
738904,50
738906,48
738909,43
738910,53
738912,43
738913,98
738914,94
738919,72
738921,47
738923,61
738929,52
738930,44
738931,75
738936,45
738940,46
738941,48
738942,46
738948,65
738951,68
738955,34
738957,38
738965,35
738978,42
738980,69
738981,41
738982,82
738985,52
738986,48
738990,51
738994,55
738998,50
738999,48
739004,50
739006,42
739012,41
739014,45
739022,30
739539,59
739542,74
739543,36
739544,71
739556,37
739561,72
739567,39
739570,37
739576,60
739578,58
739579,42
739580,54
739583,68
739585,73
739589,48
739593,52
739598,80
739605,53
739607,70
739614,79
739616,53
739623,32
739625,40
739628,37
739631,54
739632,36
739633,68
739636,54
739642,51
739658,29
739663,74
739666,47
739670,78
739677,54
739679,42
739681,84
739694,58
739700,44
739703,74
739707,37
739715,38
739716,60
739717,38
739719,36
739720,71
739724,57
739725,43
739727,44
739728,68
739732,70
739733,59
739734,71
739739,84
739746,41
739748,45
739776,32
739777,68
739780,68
739793,59
739795,54
739808,75
739810,39
739814,64
739821,54
739823,45
739825,57
739826,81
739827,69
739830,70
739832,40
739837,57
739839,59
739846,37
739852,38
739861,83
739863,37
739864,64
739865,63
739871,79
739872,73
739873,60
739874,60
739875,36
739879,41
739887,71
739889,104
739892,63
739893,76
739895,73
739900,77
739901,44
739907,40
739911,77
739922,38
739923,73
739928,57
739930,72
739932,58
739933,70
739934,61
739935,62
739941,56
739949,66
739951,75
739953,64
739957,37
739959,48
739961,79
739962,50
739964,37
739965,58
739966,35
739968,41
739969,67
739972,69
739973,66
739976,56
739977,47
739978,77
739979,37
739986,39
739992,43
739996,64
739997,61
739998,38
740000,53
740003,77
740004,68
740005,85
740006,45
740010,73
740012,61
740013,43
740015,64
740016,79
740021,93
740022,89
740023,72
740024,72
740025,63
740027,41
740029,96
740032,88
740033,43
740034,69
740036,65
740039,67
740041,44
740042,51
740044,94
740050,56
740051,56
740052,40
740055,55
740057,56
740058,40
740059,61
740062,71
740063,81
740064,62
740065,55
740068,56
740070,69
740071,50
740072,58
740073,42
740076,78
740079,50
740080,57
740082,53
740084,59
740087,80
740088,69
740089,40
740091,61
740092,53
740095,58
740098,47
740106,57
740109,41
740112,56
740119,56
740125,75
740126,58
740127,71
740128,70
740130,56
740132,74
740133,39
740137,67
740139,78
740141,54
740142,69
740144,68
740149,63
740152,39
740154,62
740158,58
740162,56
740164,55
740165,64
740170,57
740175,41
740176,62
740183,69
740184,70
740186,58
740187,41
740189,39
740190,59
740191,74
740192,54
740193,74
740194,56
740198,60
740200,76
740202,70
740203,60
740206,59
740208,58
740209,52
740210,75
740211,43
740212,56
740213,45
740214,72
740216,58
740219,77
740227,41
740237,42
740240,62
740242,86
740243,48
740246,70
740249,39
740251,38
740255,40
740260,57
740262,47
740266,43
740278,100
740281,95
740282,44
740283,70
740284,67
740286,60
740287,57
740290,53
740293,76
740294,71
740328,51
740370,63
740437,77
740495,74
740510,47
740547,66
740548,42
740549,57
740552,37
740556,62
740558,38
740563,37
740569,40
740570,40
740571,37
740573,69
740581,77
740584,64
740599,38
740603,44
740607,51
740609,37
740611,43
740615,36
740616,76
740617,81
740627,61
740631,39
740632,49
740634,69
740637,54
740639,50
740640,54
740643,37
740644,48
740659,83
740661,50
740677,38
740679,37
740683,84
740696,40
740698,81
740700,39
740703,68
740717,82
740719,37
740723,74
740728,44
740738,40
740743,43
740752,66
740763,67
740772,83
740773,64
740778,71
740780,66
740781,40
740786,42
740794,78
740795,38
740797,37
740800,51
740801,62
740804,78
740807,69
740808,82
740811,57
740815,56
740817,56
740819,72
740822,49
740829,48
740833,76
740839,80
740840,42
740843,72
740844,81
740845,59
740847,57
740853,57
740854,76
740855,79
740858,59
740860,75
740861,51
740863,50
740864,89
740867,61
740869,56
740873,51
740874,76
740877,55
740879,68
740881,54
740882,60
740884,75
740886,54
740893,58
740898,53
740900,48
740902,55
740907,85
740910,83
740911,55
740912,54
740914,59
740915,48
740917,50
740919,50
740922,54
740929,64
740932,58
740939,66
740940,40
740941,49
740943,58
740948,49
740949,59
740950,38
740951,47
740952,38
740956,39
740959,54
740963,87
740965,62
740967,39
740968,67
740972,38
740973,64
740974,40
740979,56
740981,61
740984,54
740994,49
740996,50
740998,53
741001,93
741002,59
741006,50
741008,80
741010,79
741016,55
741017,76
741018,56
741019,78
741020,61
741021,57
741023,56
741026,68
741027,91
741029,67
741031,50
741032,71
741035,61
741037,52
741039,73
741040,76
741041,54
741045,52
741046,71
741065,41
741066,93
741070,45
741079,81
741080,53
741082,80
741083,48
741084,51
741089,51
741090,43
741093,51
741101,42
741105,46
741106,49
741107,54
741117,67
741123,51
741125,78
741128,54
741132,69
741134,49
741137,48
741143,57
741145,62
741147,73
741151,40
741157,52
741159,51
741161,43
741163,56
741165,53
741167,55
741171,69
741172,83
741177,49
741179,67
741182,55
741184,71
741186,43
741188,57
741189,70
741191,64
741192,41
741196,49
741198,60
741199,67
741203,62
741209,45
741213,65
741214,49
741215,44
741216,40
741217,37
741224,47
741226,48
741228,50
741231,71
741232,72
741237,60
741239,46
741240,50
741243,46
741244,70
741251,39
741254,61
741262,48
741263,52
741268,51
741269,50
741270,50
741275,55
741277,79
741279,50
741283,65
741284,90
741364,23
741526,78
741545,57
741553,82
741554,78
741558,73
741560,55
741561,52
741574,66
741576,47
741580,46
741584,50
741585,71
741593,65
741596,38
741598,54
741601,52
741603,54
741605,47
741608,50
741612,36
741617,39
741618,33
741620,61
741625,36
741628,37
741639,32
741640,37
741641,31
741656,45
741658,39
741663,37
741665,37
741676,63
741677,69
741678,40
741682,59
741687,72
741691,75
741695,67
741696,53
741698,82
741700,72
741704,71
741709,53
741721,52
741722,71
741727,82
741730,79
741738,53
741746,55
741747,40
741749,37
741751,51
741752,41
741758,52
741764,47
741773,72
741780,65
741784,40
741785,83
741786,69
741794,58
741800,66
741803,53
741805,70
741806,39
741809,49
741810,80
741812,50
741814,55
741816,58
741821,59
741826,74
741829,57
741833,76
741835,67
741837,91
741840,50
741844,74
741845,45
741848,64
741850,78
741858,50
741862,47
741864,49
741872,83
741874,89
741875,62
741882,74
741883,56
741885,53
741892,63
741894,53
741896,59
741899,54
741901,49
741903,78
741906,53
741907,75
741909,53
741911,49
741913,55
741915,69
741917,56
741921,54
741923,53
741926,55
741928,94
741929,57
741930,68
741931,52
741938,58
741940,68
741942,59
741944,55
741945,67
741946,74
741950,52
741953,76
741954,71
741959,49
741963,63
741964,78
741967,64
741974,91
741980,42
741981,37
741982,79
741984,57
741985,47
741986,57
741996,37
741997,70
741999,52
742000,50
742002,71
742009,44
742019,73
742029,65
742033,56
742036,49
742039,56
742040,40
742041,59
742046,55
742047,56
742048,82
742049,61
742052,62
742054,96
742055,51
742058,74
742059,40
742060,55
742061,42
742063,41
742064,77
742065,42
742071,40
742072,58
742074,56
742076,55
742077,47
742078,74
742080,64
742081,39
742082,72
742084,78
742088,62
742090,52
742093,62
742094,41
742096,40
742101,64
742103,40
742106,71
742107,54
742109,55
742110,76
742113,40
742116,84
742117,42
742120,60
742121,43
742124,56
742128,41
742131,67
742132,57
742134,78
742137,76
742140,63
742142,41
742143,79
742147,95
742148,38
742149,59
742151,43
742152,55
742156,62
742162,82
742165,69
742166,45
742183,40
742184,76
742185,47
742187,53
742191,58
742193,56
742194,48
742196,39
742197,84
742199,56
742201,72
742202,49
742205,77
742215,75
742227,87
742233,77
742239,72
742240,71
742241,69
742246,68
742247,47
742248,84
742251,55
742252,48
742253,82
742254,62
742258,68
742259,53
742261,39
742266,58
742268,88
742270,72
742276,55
742277,42
742278,77
742280,81
742285,79
742286,50
742287,79
742288,52
742289,39
742291,79
742292,69
742298,76
742299,39
742300,76
742301,57
742309,90
742317,86
742324,38
742327,99
742329,71
742331,65
742333,90
742335,74
742338,89
742344,61
742345,48
742346,77
742347,64
742357,71
742366,72
742369,41
742376,57
742377,70
742379,55
742380,45
742382,47
742384,79
742390,77
742401,77
742404,56
742406,63
742408,76
742409,44
742414,44
742420,45
742422,77
742425,75
742432,38
742436,55
742439,86
742442,64
742445,81
742446,76
742447,38
742448,73
742451,53
742453,65
742455,72
742462,73
742466,52
742467,65
742470,81
742473,58
742480,82
742482,64
742483,42
742484,58
742486,68
742488,91
742493,58
742500,55
742503,85
742507,57
742508,54
742510,80
742513,72
742517,59
742523,55
742525,46
742526,63
742529,44
742531,44
742532,91
742533,43
742535,44
742537,55
742539,69
742540,68
742555,77
742563,65
742584,59
742593,36
742599,37
742601,41
742604,38
742608,38
742612,38
742619,48
742620,62
742623,49
742626,37
742629,92
742630,39
742633,67
742635,38
742637,58
742648,40
742650,40
742656,41
742659,63
742660,48
742664,37
742672,37
742677,37
742678,38
742679,44
742680,38
742684,78
742694,40
742695,49
742696,41
742698,40
742702,37
742703,79
742709,40
742711,52
742712,90
742717,38
742724,37
742725,56
742726,65
742741,39
742742,38
742743,39
742746,38
742758,60
742763,62
742764,65
742768,39
742769,56
742782,47
742795,77
742796,41
742799,49
742800,52
742801,51
742802,49
742803,52
742807,55
742808,66
742810,41
742814,62
742825,84
742828,75
742831,55
742833,69
742842,63
742844,76
742845,56
742846,81
742847,57
742848,51
742849,46
742851,56
742854,51
742857,54
742862,48
742868,53
742870,60
742873,71
742878,41
742879,78
742881,66
742888,57
742890,89
742892,89
742893,40
742894,93
742897,50
742899,78
742902,69
742907,72
742923,52
742925,72
742930,102
742932,65
742937,48
742941,55
742942,67
742944,50
742945,51
742946,44
742948,69
742952,47
742953,53
742957,48
742960,50
742963,50
742967,54
742968,64
742970,61
742971,38
742974,38
742977,38
742979,50
742983,62
742984,77
742988,54
742990,56
742992,63
742995,76
742999,80
743001,55
743006,84
743008,79
743013,82
743014,48
743015,73
743016,40
743017,55
743018,84
743023,39
743024,48
743026,59
743029,56
743031,52
743032,70
743034,48
743037,42
743039,66
743043,43
743044,58
743048,51
743055,63
743057,50
743065,76
743068,50
743080,47
743081,51
743083,43
743084,39
743090,49
743096,63
743098,68
743102,51
743106,47
743107,43
743110,48
743111,50
743114,68
743116,71
743117,53
743118,52
743120,52
743121,58
743129,50
743141,51
743142,52
743144,54
743146,48
743148,49
743149,50
743154,57
743155,63
743161,42
743164,59
743166,50
743175,42
743176,77
743178,56
743179,36
743180,43
743182,49
743186,45
743187,50
743191,53
743194,58
743195,79
743197,54
743200,70
743201,61
743203,78
743204,40
743205,76
743210,78
743212,72
743214,67
743217,77
743226,72
743230,85
743231,53
743232,56
743235,88
743241,73
743242,63
743245,64
743249,52
743250,44
743253,54
743254,72
743258,49
743259,45
743263,63
743268,60
743270,39
743273,43
743275,49
743278,41
743329,63
743374,39
743416,69
743484,40
743547,49
743548,66
743550,45
743552,42
743554,51
743556,53
743558,52
743559,64
743563,52
743565,36
743570,56
743573,40
743574,53
743575,38
743578,39
743583,40
743585,41
743587,41
743591,59
743593,36
743597,37
743598,55
743600,82
743601,71
743606,48
743618,78
743619,38
743625,41
743627,48
743631,55
743636,73
743639,41
743640,68
743641,37
743642,79
743644,67
743645,80
743652,81
743656,72
743657,43
743658,80
743659,36
743660,75
743661,37
743663,37
743664,69
743666,73
743667,37
743672,65
743673,82
743681,73
743684,57
743692,71
743702,53
743704,39
743705,54
743706,71
743709,42
743712,38
743713,49
743714,62
743715,49
743717,49
743718,48
743719,37
743734,37
743735,52
743745,74
743751,50
743753,50
743755,55
743759,39
743761,36
743764,88
743766,71
743767,73
743770,36
743771,49
743775,76
743782,51
743788,58
743791,51
743792,51
743796,60
743798,48
743800,54
743804,68
743807,63
743809,62
743814,65
743819,75
743820,97
743821,60
743823,54
743825,55
743826,45
743828,57
743831,77
743833,64
743837,76
743842,52
743843,76
743854,50
743856,58
743858,52
743859,42
743863,48
743864,68
743865,45
743870,73
743873,92
743881,46
743882,63
743884,51
743885,58
743886,51
743888,51
743892,42
743893,79
743897,60
743898,53
743899,65
743900,56
743907,51
743908,70
743911,75
743912,64
743913,69
743914,48
743915,50
743921,44
743924,97
743926,70
743927,57
743928,71
743929,49
743930,55
743932,76
743942,38
743943,55
743946,49
743956,83
743957,50
743967,76
743969,48
743971,71
743972,50
743973,74
743982,50
743984,89
743985,54
743986,71
743987,48
743988,40
743989,75
744000,92
744001,57
744003,43
744008,71
744010,58
744011,70
744012,41
744013,60
744014,47
744016,55
744020,60
744021,53
744025,91
744027,61
744035,55
744037,53
744038,47
744039,55
744043,70
744044,64
744045,76
744046,40
744047,57
744048,38
744050,76
744052,79
744054,59
744055,42
744056,56
744057,53
744058,76
744066,76
744068,56
744071,66
744072,41
744075,58
744077,87
744079,79
744082,39
744083,32
744085,59
744086,82
744089,56
744091,42
744095,39
744096,68
744099,56
744102,75
744107,57
744110,54
744112,56
744123,73
744124,38
744126,55
744129,66
744131,41
744132,44
744133,39
744139,55
744141,76
744142,54
744145,72
744151,82
744158,81
744159,72
744160,89
744161,60
744163,46
744170,39
744173,55
744174,67
744181,59
744184,45
744192,56
744194,60
744195,40
744196,73
744197,39
744198,86
744199,62
744200,56
744202,77
744203,54
744205,41
744208,55
744210,68
744212,57
744213,41
744214,74
744215,47
744216,74
744217,57
744221,80
744223,54
744224,57
744226,84
744229,66
744230,61
744233,54
744234,41
744235,74
744236,38
744237,74
744238,43
744239,81
744241,67
744243,67
744245,40
744248,53
744253,68
744254,61
744257,64
744261,55
744263,47
744269,61
744270,50
744271,73
744273,63
744274,89
744275,55
744280,68
744281,40
744287,52
744288,65
744289,49
744290,53
744291,53
744292,49
744296,49
744297,59
744299,44
744302,88
744305,82
744310,93
744311,77
744313,55
744316,55
744321,60
744322,47
744326,51
744328,60
744331,57
744332,66
744334,43
744335,75
744336,67
744338,79
744344,45
744352,58
744353,80
744357,54
744361,42
744362,59
744368,41
744369,73
744370,77
744371,60
744372,68
744375,43
744377,74
744378,67
744380,94
744383,93
744388,54
744389,96
744390,49
744391,46
744393,55
744394,57
744399,50
744401,54
744403,76
744411,47
744413,93
744417,43
744426,84
744427,55
744428,53
744429,73
744430,43
744436,48
744437,62
744439,60
744443,86
744445,55
744448,86
744451,54
744453,53
744472,55
744474,79
744476,40
744479,44
744480,56
744482,38
744483,91
744487,56
744488,40
744493,39
744500,41
744503,41
744504,95
744507,74
744510,39
744511,76
744512,56
744513,39
744514,47
744515,39
744519,87
744521,57
744523,60
744524,40
744542,64
744543,68
744545,40
744549,55
744559,56
744573,37
744574,81
744575,40
744576,40
744580,45
744587,38
744591,77
744603,47
744613,46
744618,70
744624,37
744658,40
744660,79
744671,70
744677,39
744679,38
744680,54
744683,76
744690,55
744691,38
744694,81
744698,40
744710,74
744715,40
744716,81
744721,43
744723,42
744744,37
744745,40
744748,37
744750,39
744752,43
744753,37
744758,90
744762,58
744766,40
744771,40
744774,40
744781,51
744784,52
744786,48
744787,48
744791,79
744794,42
744795,60
744796,74
744797,41
744798,52
744799,54
744800,38
744802,39
744804,38
744808,67
744810,78
744812,70
744817,56
744820,53
744821,60
744822,49
744824,50
744831,77
744834,70
744840,54
744847,48
744850,52
744851,60
744854,56
744856,80
744858,50
744859,64
744860,62
744868,41
744869,47
744870,36
744871,53
744875,54
744877,49
744880,38
744881,90
744883,38
744884,51
744885,60
744888,76
744890,53
744899,67
744900,51
744903,51
744909,55
744914,41
744915,65
744951,63
744955,50
744956,74
744958,53
744960,41
744962,55
744966,54
744970,55
744979,59
744980,49
744981,57
744982,76
744983,59
744989,55
744990,56
744997,42
745001,67
745004,52
745006,51
745016,50
745019,69
745020,55
745021,52
745022,56
745027,48
745029,63
745030,69
745036,54
745040,42
745045,58
745046,49
745048,68
745049,65
745050,51
745055,78
745056,57
745060,72
745069,55
745070,76
745071,50
745073,51
745075,46
745076,48
745080,61
745094,55
745112,78
745115,39
745117,43
745119,63
745120,51
745122,75
745132,55
745134,52
745141,79
745143,40
745146,55
745149,50
745150,75
745154,48
745159,45
745163,75
745168,80
745169,71
745175,54
745176,54
745178,42
745181,55
745184,67
745185,55
745193,55
745194,74
745195,78
745198,75
745200,40
745203,49
745205,57
745206,56
745208,53
745210,67
745215,56
745227,43
745231,74
745238,73
745244,54
745261,54
745385,96
745482,83
745525,40
745526,64
745527,36
745528,39
745529,67
745530,36
745533,57
745534,39
745535,58
745536,39
745539,37
745540,55
745541,36
745542,72
745543,37
745544,68
745546,57
745547,37
745548,43
745549,36
745550,74
745551,37
745553,36
745554,52
745561,63
745562,50
745565,72
745566,58
745568,53
745572,56
745577,66
745582,64
745590,47
745593,86
745598,41
745601,47
745605,39
745607,66
745610,86
745612,67
745614,73
745617,52
745618,56
745624,51
745625,55
745630,40
745631,37
745633,69
745635,28
745638,81
745639,66
745640,36
745642,38
745650,61
745651,42
745657,69
745658,38
745663,65
745667,72
745677,58
745681,80
745682,41
745685,55
745691,37
745695,57
745697,55
745699,41
745701,39
745704,36
745705,39
745706,51
745710,59
745713,39
745715,52
745716,36
745718,38
745720,36
745731,62
745734,36
745735,54
745745,76
745747,61
745748,56
745756,36
745763,66
745768,71
745770,85
745771,37
745773,38
745776,52
745778,64
745782,79
745791,49
745793,65
745795,49
745797,53
745804,52
745806,74
745808,60
745812,67
745815,80
745818,49
745825,56
745834,55
745837,42
745848,50
745850,49
745851,50
745853,51
745857,79
745859,57
745860,47
745861,52
745866,87
745868,61
745869,50
745872,57
745873,72
745874,66
745875,81
745877,50
745879,64
745884,67
745885,78
745886,49
745890,56
745892,52
745893,56
745894,70
745896,78
745899,85
745900,54
745901,42
745903,77
745904,56
745906,53
745908,54
745910,78
745912,52
745914,69
745919,78
745925,42
745926,66
745928,51
745929,68
745930,90
745932,56
745933,43
745934,79
745935,76
745936,84
745937,43
745944,56
745946,52
745952,65
745957,60
745958,71
745960,78
745962,54
745965,37
745967,67
745969,54
745973,60
745974,55
745975,51
745977,49
745979,80
745987,49
745988,47
745991,54
745993,51
745994,89
745995,49
745996,65
746001,52
746006,54
746016,48
746019,73
746024,43
746025,62
746026,66
746030,43
746031,78
746033,75
746036,47
746038,71
746040,52
746044,84
746045,72
746051,64
746061,73
746064,65
746067,67
746074,41
746075,61
746080,81
746087,59
746089,57
746095,88
746099,71
746101,55
746106,56
746108,71
746110,86
746114,59
746116,56
746123,82
746130,83
746138,92
746143,66
746146,59
746148,48
746149,72
746151,59
746159,74
746161,65
746163,93
746164,54
746166,81
746174,40
746175,72
746176,41
746178,39
746181,74
746183,78
746185,67
746186,74
746187,73
746188,81
746192,47
746198,56
746199,68
746201,75
746203,75
746205,56
746207,69
746211,79
746213,48
746214,78
746222,38
746225,73
746233,63
746235,44
746243,76
746244,51
746245,56
746246,59
746247,45
746248,62
746249,64
746252,96
746253,49
746255,79
746258,66
746266,80
746269,92
746270,65
746273,40
746275,40
746279,71
746280,42
746290,76
746296,58
746300,39
746302,58
746305,60
746310,42
746320,37
746321,73
746329,47
746330,47
746333,55
746336,56
746339,41
746344,65
746351,47
746354,43
746355,105
746357,40
746359,43
746361,40
746362,37
746364,78
746367,60
746377,42
746384,38
746385,76
746391,75
746396,39
746406,75
746413,44
746419,38
746425,54
746426,61
746429,37
746430,40
746432,37
746433,42
746434,38
746435,40
746437,37
746444,48
746456,62
746460,43
746463,39
746464,60
746470,54
746477,46
746482,37
746485,37
746488,37
746489,38
746493,78
746502,42
746516,40
746520,76
746525,41
746526,51
746527,68
746537,51
746544,47
746550,84
746551,47
746552,40
746553,57
746555,45
746556,45
746557,52
746558,47
746559,44
746562,46
746564,47
746566,45
746568,48
746570,66
746571,47
746574,46
746576,47
746578,44
746581,47
746582,46
746584,48
746586,46
746588,48
746589,72
746590,49
746593,46
746594,54
746595,48
746597,48
746600,45
746601,46
746602,46
746604,45
746606,47
746609,49
746614,45
746616,46
746618,44
746620,45
746621,39
746625,63
746627,45
746628,45
746634,47
746641,71
746646,38
746647,57
746653,41
746655,56
746656,42
746660,53
746661,83
746662,47
746663,49
746664,47
746666,43
746667,60
746669,52
746672,56
746676,53
746678,48
746679,52
746686,75
746687,54
746688,57
746690,55
746692,50
746695,38
746698,53
746701,57
746705,49
746709,52
746711,52
746712,67
746713,55
746715,52
746716,59
746720,68
746722,53
746723,57
746731,53
746733,58
746735,56
746738,47
746741,62
746742,75
746745,51
746747,52
746748,64
746752,56
746755,49
746756,38
746757,54
746759,39
746762,60
746782,77
746784,51
746792,83
746794,51
746795,77
746798,49
746801,60
746804,55
746806,84
746808,58
746809,53
746811,55
746813,72
746816,44
746818,53
746819,55
746820,41
746823,40
746830,72
746831,49
746832,39
746834,39
746838,73
746840,62
746841,44
746842,56
746851,47
746854,75
746855,44
746857,45
746858,65
746859,69
746861,41
746862,58
746867,79
746868,78
746869,46
746870,53
746879,55
746880,43
746881,51
746884,92
746886,94
746891,49
746893,92
746896,54
746897,59
746899,59
746901,82
746903,55
746906,71
746908,51
746912,52
746917,46
746918,53
746921,45
746922,49
746923,50
746925,80
746926,59
746929,54
746938,50
746943,58
746944,50
746946,72
746948,51
746950,49
746953,64
746957,44
746958,50
746961,72
746966,52
746968,75
746970,52
746972,56
746977,64
746979,48
746980,41
746983,56
746986,42
746988,43
746989,47
746991,45
746997,48
747000,50
747001,43
747002,74
747004,79
747007,69
747011,66
747014,43
747015,53
747017,63
747020,54
747021,49
747178,43
747188,79
747285,73
747286,40
747287,66
747289,54
747291,70
747294,72
747296,38
747297,60
747300,65
747304,57
747306,45
747307,61
747309,66
747311,65
747316,60
747317,58
747322,73
747325,39
747326,57
747328,48
747344,61
747345,39
747350,65
747351,38
747352,37
747353,37
747358,37
747362,37
747363,89
747364,72
747365,50
747366,59
747368,60
747369,37
747370,37
747373,66
747374,38
747377,41
747378,61
747388,55
747389,80
747392,30
747394,65
747396,57
747399,47
747400,54
747403,83
747404,42
747405,54
747406,37
747409,62
747412,54
747420,60
747422,62
747425,39
747429,42
747434,69
747436,68
747437,40
747438,54
747443,78
747444,39
747445,72
747448,59
747449,61
747451,55
747452,39
747453,70
747461,60
747462,62
747463,58
747464,54
747466,82
747469,71
747470,64
747473,39
747474,58
747476,37
747484,38
747493,36
747495,73
747497,54
747499,56
747508,70
747511,57
747512,58
747514,47
747518,63
747524,68
747526,83
747528,77
747529,64
747530,61
747532,51
747533,50
747534,51
747535,82
747538,70
747540,58
747542,55
747544,51
747547,52
747549,52
747551,69
747554,50
747556,58
747559,41
747560,57
747561,63
747564,50
747565,46
747572,52
747573,73
747575,69
747576,40
747579,53
747580,38
747581,57
747583,95
747584,38
747585,75
747587,67
747590,36
747596,62
747598,74
747599,39
747600,51
747602,81
747603,36
747604,37
747606,37
747607,56
747608,38
747609,51
747610,36
747613,71
747619,66
747628,64
747629,93
747631,62
747634,51
747636,74
747638,54
747644,72
747646,49
747653,52
747654,68
747656,50
747658,51
747662,51
747666,81
747672,52
747676,45
747680,81
747682,63
747683,64
747684,55
747690,79
747692,76
747694,65
747696,36
747699,47
747702,63
747708,56
747710,50
747712,73
747715,51
747717,49
747720,54
747723,51
747732,52
747733,69
747737,44
747738,54
747744,50
747746,34
747749,51
747750,52
747751,52
747753,66
747760,51
747762,66
747765,48
747769,56
747771,68
747774,47
747777,74
747778,52
747781,54
747786,64
747815,55
747819,72
747821,39
747823,79
747825,81
747826,73
747832,89
747836,41
747837,54
747842,62
747843,83
747844,40
747846,59
747849,56
747853,45
747855,86
747860,93
747862,56
747863,52
747868,72
747881,51
747882,67
747892,38
747897,49
747901,60
747905,64
747909,59
747910,42
747912,53
747916,54
747920,52
747923,50
747924,45
747926,44
747928,44
747930,75
747933,58
747934,49
747936,70
747937,49
747940,55
747942,55
747944,45
747946,45
747947,45
747950,61
747953,74
747957,69
747959,72
747961,51
747963,48
747964,74
747965,54
747972,43
747974,44
747976,45
747979,38
747984,45
747987,45
747988,43
747995,80
747996,45
748001,45
748002,86
748027,54
748047,64
748048,50
748054,72
748057,43
748065,71
748067,42
748071,39
748072,43
748073,68
748076,46
748077,53
748078,49
748081,55
748084,54
748085,53
748087,76
748088,52
748090,73
748091,63
748094,58
748096,45
748097,55
748102,62
748108,72
748111,56
748113,45
748117,61
748118,60
748120,88
748122,80
748124,57
748125,73
748127,69
748128,42
748129,43
748136,56
748156,58
748158,64
748161,75
748165,50
748181,80
748183,67
748189,34
748190,58
748192,38
748194,57
748198,47
748199,48
748204,76
748205,34
748213,54
748217,40
748219,77
748222,82
748226,89
748234,50
748236,90
748237,56
748239,54
748245,62
748252,38
748255,67
748258,46
748260,70
748262,68
748263,66
748268,41
748269,63
748277,77
748282,40
748283,69
748284,61
748287,74
748295,59
748299,54
748301,72
748305,37
748306,38
748307,43
748311,54
748318,49
748334,42
748335,40
748342,58
748346,73
748348,41
748349,73
748372,45
748373,37
748375,58
748379,56
748385,44
748386,43
748387,53
748389,67
748403,55
748406,58
748416,65
748418,39
748419,58
748420,66
748426,39
748427,40
748430,37
748434,62
748438,54
748439,72
748440,40
748442,52
748444,59
748448,54
748454,68
748455,40
748457,76
748458,52
748459,39
748460,69
748461,70
748465,86
748480,40
748485,39
748486,39
748487,70
748490,41
748491,58
748493,40
748494,43
748495,45
748498,71
748499,61
748500,33
748502,40
748504,70
748510,48
748511,53
748513,71
748514,40
748515,57
748517,39
748519,76
748520,36
748522,45
748525,51
748527,49
748529,51
748535,55
748537,50
748539,52
748542,56
748544,50
748547,75
748548,86
748550,59
748552,47
748553,62
748554,46
748555,65
748559,62
748564,44
748568,38
748569,63
748571,50
748579,41
748582,60
748584,58
748587,76
748589,78
748590,72
748591,56
748594,63
748597,51
748600,51
748604,47
748605,60
748610,72
748617,55
748622,38
748623,48
748627,49
748628,45
748630,51
748631,57
748637,67
748641,66
748648,53
748650,87
748652,58
748655,52
748656,55
748657,41
748659,49
748660,83
748661,52
748663,60
748665,57
748667,76
748669,64
748670,88
748671,43
748672,34
748676,62
748683,54
748687,43
748689,42
748690,63
748691,38
748692,59
748698,80
748699,76
748701,68
748702,84
748704,58
748705,49
748706,81
748707,58
748710,58
748712,66
748718,60
748721,80
748733,55
748734,52
748736,47
748742,44
748743,50
748761,51
748762,45
748764,71
748766,63
748770,47
748775,49
748780,48
748782,49
748785,44
748786,49
748788,47
748790,48
748791,49
748793,52
748805,37
748806,54
748808,48
748810,54
748815,43
748818,68
748819,77
748831,71
748834,43
748840,52
748842,62
748846,51
748856,51
748857,39
748858,50
748870,61
748873,43
748877,51
748878,81
748880,43
748881,51
748884,73
748886,48
748891,51
748892,48
748906,71
748909,47
748914,50
748916,70
748918,39
748925,51
748926,79
748928,59
748931,55
748943,50
748944,56
748948,55
748949,54
748950,54
748957,54
748959,56
748961,75
748963,63
748965,50
748966,55
748974,69
748976,59
748979,50
748983,50
748985,55
748986,77
748988,48
748993,69
748995,62
748996,48
749166,61
749239,42
749258,39
749264,34
749270,53
749271,81
749275,57
749276,64
749278,66
749280,59
749282,63
749286,53
749287,64
749288,53
749290,36
749294,50
749305,64
749311,51
749324,43
749325,60
749327,51
749328,83
749330,55
749331,36
749332,53
749333,38
749334,38
749337,39
749338,36
749340,35
749341,36
749343,37
749347,36
749348,36
749355,36
749357,36
749358,37
749360,47
749364,40
749367,36
749369,72
749371,56
749373,36
749374,36
749375,65
749376,68
749377,36
749379,68
749380,39
749381,80
749382,37
749386,36
749387,36
749391,37
749392,55
749393,38
749394,64
749395,68
749396,39
749397,40
749398,54
749401,39
749403,36
749404,79
749405,41
749408,65
749409,65
749411,62
749413,64
749415,54
749416,88
749418,54
749426,55
749427,39
749428,72
749429,56
749431,60
749438,69
749439,41
749440,57
749444,77
749445,49
749446,49
749447,65
749448,55
749449,71
749450,70
749451,58
749453,71
749454,64
749455,57
749458,73
749460,38
749463,58
749465,77
749466,36
749469,35
749470,68
749471,39
749472,79
749474,40
749478,39
749479,36
749480,55
749482,56
749485,38
749487,59
749488,36
749489,60
749490,38
749491,72
749492,71
749493,68
749494,40
749495,62
749498,37
749499,55
749501,52
749502,38
749508,66
749511,80
749516,66
749518,54
749520,55
749524,61
749526,36
749528,37
749529,82
749530,37
749532,37
749533,55
749535,56
749536,58
749537,64
749543,73
749546,59
749547,52
749548,71
749550,50
749554,49
749555,63
749558,67
749560,54
749562,78
749566,47
749568,79
749571,50
749574,50
749576,77
749578,58
749583,53
749584,51
749590,43
749591,52
749597,55
749599,54
749600,55
749602,35
749603,61
749606,56
749608,50
749609,36
749611,38
749612,77
749615,68
749617,58
749619,48
749621,70
749625,74
749629,69
749630,43
749631,73
749632,55
749633,68
749634,69
749635,55
749637,91
749643,54
749645,93
749649,60
749656,80
749664,41
749665,57
749668,59
749674,50
749675,37
749676,60
749680,77
749681,58
749683,56
749701,66
749702,68
749703,57
749705,53
749707,77
749708,47
749711,50
749713,49
749715,54
749717,68
749719,76
749721,72
749724,75
749729,51
749731,55
749732,40
749737,56
749739,54
749742,77
749743,60
749745,56
749746,55
749748,51
749750,43
749751,72
749752,64
749753,42
749756,77
749757,58
749766,51
749781,54
749783,58
749785,43
749788,44
749790,44
749791,53
749792,45
749793,62
749795,39
749801,47
749803,81
749809,80
749810,53
749818,41
749820,64
749822,71
749823,40
749824,56
749832,47
749833,58
749836,42
749837,37
749838,44
749840,40
749845,67
749846,48
749851,78
749855,51
749863,46
749871,64
749872,46
749874,53
749878,82
749882,89
749883,54
749884,48
749890,52
749894,70
749896,48
749897,65
749898,50
749900,55
749903,53
749905,53
749907,38
749908,59
749909,48
749910,56
749916,72
749917,41
749921,46
749927,52
749929,38
749931,57
749935,45
749937,64
749941,45
749944,72
749946,66
749949,40
749954,71
749958,59
749969,74
749973,44
749975,56
749976,83
749977,67
749978,68
749979,78
749980,62
749984,62
749986,53
749987,56
749988,43
749990,64
749991,50
749993,44
749999,46
750001,67
750003,49
750007,61
750008,47
750011,67
750017,59
750019,73
750021,57
750029,54
750030,57
750035,56
750037,51
750038,63
750041,65
750042,43
750045,55
750048,44
750051,45
750054,52
750060,57
750062,64
750063,76
750064,39
750065,57
750066,67
750068,76
750069,83
750070,62
750075,74
750077,61
750085,69
750086,53
750088,56
750089,55
750096,60
750099,54
750100,49
750103,58
750105,30
750106,44
750112,47
750115,57
750118,46
750122,74
750124,45
750125,67
750128,57
750136,47
750139,42
750141,62
750145,78
750146,43
750151,69
750155,53
750164,72
750167,67
750175,55
750176,60
750180,43
750182,39
750184,56
750186,55
750188,76
750193,65
750194,42
750195,79
750198,50
750201,73
750203,74
750205,55
750206,71
750208,63
750210,56
750212,62
750214,55
750217,59
750221,38
750224,51
750229,56
750230,46
750233,46
750240,45
750265,38
750305,47
750307,75
750314,63
750318,40
750319,39
750321,64
750322,48
750323,58
750324,39
750334,91
750335,66
750337,69
750340,42
750342,39
750346,51
750348,37
750355,76
750361,58
750365,69
750366,59
750368,39
750370,54
750371,37
750377,41
750381,77
750383,73
750385,84
750386,38
750389,54
750392,37
750396,40
750397,70
750398,45
750401,40
750402,69
750404,41
750405,37
750406,39
750407,39
750408,65
750415,39
750419,41
750420,74
750424,42
750431,64
750432,73
750433,73
750440,39
750444,39
750447,57
750450,42
750451,70
750453,71
750454,76
750462,77
750467,82
750468,60
750472,38
750476,38
750477,38
750479,49
750484,57
750485,37
750487,41
750489,39
750503,51
750507,65
750511,38
750514,57
750520,37
750522,81
750537,45
750538,79
750539,78
750540,66
750542,55
750545,56
750547,39
750549,38
750562,51
750569,47
750570,41
750576,65
750577,79
750583,75
750584,74
750586,76
750592,83
750594,44
750595,72
750600,68
750601,60
750606,56
750609,86
750613,50
750621,44
750623,56
750626,43
750628,80
750641,62
750653,82
750654,63
750658,67
750659,52
750663,37
750670,53
750673,43
750676,50
750678,49
750679,50
750682,47
750684,45
750688,39
750691,69
750711,77
750714,41
750715,50
750717,37
750719,47
750720,72
750722,38
750727,83
750731,39
750743,78
750744,84
750745,57
750746,43
750748,56
750753,62
750755,53
750759,90
750762,53
750765,54
750766,42
750767,51
750769,56
750776,59
750780,53
750781,55
750785,49
750786,55
750787,79
750793,87
750794,46
750795,61
750796,54
750798,67
750800,51
750802,82
750803,58
750808,61
750809,50
750810,81
750811,73
750813,40
750814,70
750818,69
750823,64
750826,69
750830,46
750832,78
750833,96
750834,81
750837,50
750845,95
750847,85
750851,81
750854,83
750856,60
750858,45
750859,64
750860,53
750865,48
750868,34
750869,54
750874,77
750876,74
750877,72
750879,72
750884,53
750885,66
750886,66
750887,55
750888,68
750890,85
750895,45
750901,56
750905,65
750906,79
750907,66
750911,84
750915,54
750916,70
750917,44
750918,54
750921,78
750924,60
750927,56
750929,64
750930,76
750941,76
750942,83
750944,52
750945,64
750946,48
750948,51
750950,49
750951,50
750953,54
750958,67
750960,77
750964,75
750965,57
750966,53
750971,53
750972,52
750975,74
750977,56
750983,42
750984,54
751248,40
751250,52
751251,38
751253,39
751254,49
751257,50
751259,77
751260,48
751261,86
751263,43
751264,91
751266,67
751268,67
751270,83
751272,63
751279,88
751281,64
751283,71
751285,65
751287,76
751289,96
751291,82
751293,60
751295,50
751298,71
751300,52
751302,60
751304,65
751307,47
751308,70
751310,77
751313,72
751314,77
751318,65
751319,44
751320,72
751322,69
751325,76
751328,71
751330,58
751332,64
751333,64
751334,73
751335,63
751338,76
751340,72
751341,37
751342,71
751346,67
751349,40
751350,69
751352,58
751353,49
751360,45
751361,70
751365,68
751368,70
751370,72
751376,71
751382,72
751384,80
751386,65
751388,40
751389,36
751390,37
751393,76
751395,54
751397,60
751403,38
751405,46
751413,49
751414,73
751415,90
751418,36
751419,40
751421,70
751423,58
751428,41
751431,38
751434,39
751435,38
751436,58
751438,42
751440,36
751441,37
751442,36
751444,38
751449,79
751450,94
751452,36
751470,53
751477,57
751480,57
751482,52
751484,73
751486,62
751488,53
751498,69
751499,69
751500,77
751501,58
751503,68
751504,82
751505,38
751506,60
751508,77
751510,53
751511,64
751515,51
751516,39
751517,59
751518,53
751521,83
751522,69
751523,51
751527,58
751528,54
751529,54
751532,66
751537,73
751539,54
751541,57
751542,79
751543,67
751546,82
751548,61
751549,38
751551,40
751552,55
751553,47
751556,53
751557,42
751558,72
751559,36
751560,54
751561,58
751562,48
751567,60
751570,77
751571,37
751573,40
751574,56
751575,57
751578,58
751580,69
751581,51
751583,79
751586,61
751591,86
751593,52
751595,51
751596,37
751597,73
751598,61
751599,72
751601,54
751602,48
751607,43
751608,70
751609,37
751612,80
751613,55
751614,49
751615,36
751618,72
751622,56
751624,65
751625,66
751627,78
751628,49
751630,55
751631,58
751632,80
751633,74
751635,43
751639,77
751641,57
751642,98
751645,49
751647,51
751649,40
751650,58
751652,44
751654,61
751655,67
751659,87
751660,90
751661,75
751664,55
751669,60
751670,38
751671,65
751673,86
751675,75
751676,68
751677,60
751678,37
751680,45
751684,50
751685,45
751688,40
751692,59
751697,38
751698,61
751708,62
751719,53
751720,40
751725,60
751727,36
751730,50
751731,56
751736,56
751744,73
751746,62
751749,48
751750,69
751752,63
751753,74
751754,40
751755,58
751760,72
751761,57
751762,46
751763,51
751767,63
751768,65
751771,42
751772,43
751778,76
751779,57
751780,67
751782,57
751783,61
751784,76
751786,86
751787,64
751788,73
751791,52
751792,49
751797,62
751799,45
751804,56
751806,53
751807,60
751808,47
751809,55
751810,72
751811,60
751814,61
751818,60
751826,65
751831,56
751834,47
751835,76
751836,51
751841,46
751842,60
751843,51
751844,45
751847,78
751852,60
751853,51
751855,68
751856,67
751858,46
751860,47
751861,83
751864,69
751867,43
751869,71
751872,61
751874,46
751875,40
751877,41
751880,38
751881,78
751883,81
751885,48
751889,58
751892,53
751899,81
751901,70
751902,77
751904,48
751905,60
751906,69
751908,59
751912,46
751913,63
751915,79
751916,51
751921,40
751922,53
751923,45
751929,75
751930,37
751932,56
751937,66
751939,67
751940,65
751941,39
751942,56
751944,63
751948,63
751954,59
751964,78
751966,57
751974,50
751977,54
751979,70
751987,62
751988,61
751994,49
751995,59
752001,39
752003,52
752004,64
752006,69
752008,77
752009,58
752011,81
752013,81
752022,63
752029,69
752031,74
752035,57
752037,54
752039,52
752040,47
752041,58
752043,74
752045,51
752046,53
752047,42
752048,50
752051,49
752053,61
752057,54
752061,62
752063,63
752065,74
752068,54
752069,55
752072,44
752074,82
752078,43
752079,58
752082,55
752084,44
752088,73
752090,59
752093,85
752096,73
752099,66
752102,56
752104,54
752105,55
752106,47
752107,82
752108,66
752109,40
752112,82
752116,79
752118,65
752120,38
752123,73
752127,39
752128,67
752130,48
752132,62
752135,38
752138,47
752139,46
752140,81
752146,87
752150,47
752152,69
752153,48
752155,51
752157,84
752158,49
752159,45
752160,61
752161,54
752162,43
752163,69
752165,68
752168,75
752169,48
752171,80
752172,47
752176,45
752179,56
752180,54
752181,72
752183,56
752186,72
752187,75
752188,63
752189,78
752193,60
752196,67
752197,48
752198,53
752200,75
752205,73
752206,69
752208,38
752209,62
752210,44
752212,39
752214,64
752216,44
752217,66
752222,69
752223,73
752225,58
752226,63
752229,78
752234,58
752235,75
752237,52
752241,71
752243,63
752244,54
752246,56
752249,44
752254,67
752255,56
752256,52
752258,66
752260,58
752261,47
752263,80
752266,86
752269,59
752270,58
752274,66
752278,67
752279,72
752281,56
752282,72
752284,58
752288,86
752289,66
752290,56
752292,92
752293,89
752295,61
752298,38
752302,66
752306,59
752308,69
752312,77
752313,57
752318,86
752320,58
752325,57
752329,49
752330,43
752331,44
752332,67
752346,56
752349,46
752352,63
752354,61
752356,62
752362,76
752370,61
752372,44
752373,62
752374,51
752376,57
752378,44
752382,57
752384,51
752385,44
752386,72
752392,51
752396,43
752402,56
752403,87
752407,78
752411,60
752412,83
752414,75
752418,52
752421,54
752427,78
752430,51
752432,63
752435,54
752436,62
752438,64
752439,72
752440,83
752448,57
752449,47
752450,38
752452,49
752454,63
752455,48
752458,47
752462,53
752463,55
752466,56
752469,67
752471,51
752474,69
752475,44
752477,60
752480,57
752487,58
752488,85
752489,62
752490,76
752492,49
752494,44
752498,56
752499,49
752509,61
752510,39
752514,68
752520,52
752521,71
752524,60
752525,61
752529,48
752536,59
752537,69
752540,56
752548,59
752550,41
752551,56
752553,67
752556,61
752557,64
752564,72
752565,43
752566,50
752570,72
752573,61
752574,56
752576,50
752578,78
752582,54
752585,58
752586,47
752588,55
752590,48
752593,60
752598,44
752603,42
752608,51
752609,79
752611,69
752612,46
752613,60
752618,42
752623,74
752624,61
752625,47
752627,51
752630,73
752631,56
752633,60
752637,59
752639,50
752641,49
752644,78
752646,73
752647,53
752651,48
752652,83
752653,56
752655,39
752657,52
752659,68
752661,56
752670,44
752674,59
752678,74
752683,85
752690,54
752701,49
752707,72
752708,49
752709,53
752710,80
752712,70
752716,54
752720,45
752722,56
752723,85
752729,40
752730,65
752732,54
752734,48
752735,49
752736,65
752739,51
752745,48
752746,51
752749,52
752757,61
752761,52
752762,36
752763,50
752764,37
752765,51
752767,63
752768,50
752770,69
752776,52
752779,52
752780,36
752781,49
752782,38
752784,36
752785,66
752786,50
752788,45
752790,72
752793,62
752794,58
752801,65
752802,70
752804,98
752805,48
752807,44
752808,63
752811,54
752812,51
752813,72
752815,36
752816,51
752819,70
752821,55
752832,75
752834,53
752837,64
752840,59
752842,36
752854,75
752856,55
752857,63
752860,48
752861,43
752862,45
752864,49
752866,48
752869,43
752870,45
752872,50
752874,48
752875,36
752878,47
752879,36
752881,36
752882,37
752883,46
752885,47
752886,36
752887,46
752889,36
752890,45
752892,47
752894,46
752899,48
752900,48
752901,45
752902,64
752903,71
752904,73
752905,47
752908,48
752909,67
752910,46
752912,48
752915,55
752916,46
752922,46
752924,45
752926,47
752931,46
752932,55
752933,46
752934,59
752936,48
752938,47
752940,49
752941,74
752942,46
752944,48
752946,45
752947,53
752949,46
752950,64
752951,49
752953,45
752955,47
752957,47
752958,45
752961,45
752965,49
752966,59
752972,63
752973,39
752977,39
752979,36
752981,38
752982,67
752986,38
752988,39
752989,36
752990,38
752991,39
752992,39
752993,36
752994,36
752996,37
753000,36
753002,38
753003,37
753008,36
753010,36
753011,36
753012,76
753013,37
753014,38
753015,38
753017,36
753018,67
753021,36
753022,36
753023,39
753024,38
753025,38
753026,37
753027,38
753029,39
753031,70
753032,36
753034,38
753035,54
753036,55
753038,39
753039,38
753042,39
753045,38
753046,39
753047,36
753048,39
753049,40
753050,82
753052,65
753055,74
753056,39
753057,53
753058,36
753060,36
753063,36
753065,87
753068,102
753070,45
753072,68
753073,61
753085,71
753086,42
753090,93
753091,40
753093,43
753095,77
753096,37
753097,41
753099,39
753100,37
753101,84
753103,38
753104,36
753105,51
753107,76
753108,37
753110,39
753112,40
753115,80
753117,36
753119,37
753120,39
753121,40
753122,55
753123,38
753125,59
753126,62
753127,38
753128,61
753130,40
753131,83
753134,73
753138,79
753139,39
753140,36
753143,36
753144,53
753148,40
753149,76
753150,38
753152,59
753154,36
753157,92
753160,45
753161,52
753162,97
753163,65
753165,88
753167,41
753174,37
753177,64
753180,76
753189,61
753193,44
753194,75
753195,37
753198,76
753204,54
753207,54
753211,75
753213,79
753215,78
753220,41
753222,76
753223,56
753224,56
753225,73
753229,68
753236,45
753239,76
753243,68
753250,57
753259,62
753266,82
753272,62
753286,58
753295,61
753296,60
753316,46
753322,38
753326,72
753334,58
753350,59
753356,39
753357,86
753358,38
753359,77
753362,40
753363,73
753366,39
753372,70
753375,41
753378,82
753380,45
753383,79
753384,77
753386,65
753387,41
753389,66
753390,52
753392,64
753393,40
753396,66
753399,38
753400,64
753401,40
753402,66
753404,54
753405,39
753406,69
753407,39
753408,70
753410,59
753411,37
753412,55
753413,37
753414,71
753415,38
753416,73
753418,68
753421,68
753422,66
753424,39
753428,38
753429,87
753430,41
753441,42
753442,72
753445,40
753447,42
753449,39
753450,53
753451,78
753453,70
753455,77
753457,77
753466,71
753468,76
753472,39
753474,74
753475,39
753476,84
753478,63
753480,37
753482,38
753484,40
753485,71
753487,78
753488,40
753489,81
753490,38
753491,81
753493,73
753494,37
753495,40
753496,63
753502,50
753504,49
753508,59
753510,64
753511,46
753512,78
753513,44
753514,98
753515,40
753517,72
753519,55
753522,40
753526,65
753528,42
753529,37
753530,37
753531,69
753535,53
753536,44
753544,45
753547,82
753551,72
753553,74
753554,87
753556,59
753559,65
753560,43
753563,84
753565,81
753567,86
753572,72
753573,47
753575,37
753578,71
753581,43
753584,70
753586,59
753588,55
753589,73
753590,58
753591,40
753592,69
753599,44
753600,71
753604,53
753606,66
753607,38
753610,41
753616,42
753621,64
753622,42
753627,39
753637,81
753657,64
753659,64
753660,65
753661,38
753668,43
753670,65
753674,52
753679,47
753681,45
753687,64
753692,53
753694,37
753715,39
753722,77
753728,51
753730,47
753738,42
753742,39
753745,37
753746,40
753753,48
753755,41
753756,37
753759,41
753760,39
753762,40
753763,38
753765,38
753770,43
753771,62
753772,38
753774,44
753776,39
753777,39
753778,37
753780,43
753794,66
753797,64
753807,71
753810,56
753812,67
753813,66
753823,57
753829,49
753834,54
753840,46
753847,36
753849,76
753851,47
753852,37
753853,62
753855,52
753857,66
753858,70
753859,67
753860,63
753861,46
753862,87
753864,76
753865,46
753866,56
753867,34
753868,43
753871,53
753873,70
753874,52
753875,80
753877,81
753878,50
753879,53
753882,67
753884,83
753885,56
753886,90
753888,53
753889,68
753891,36
753892,68
753893,40
753895,75
753896,41
753898,42
753904,56
753906,61
753907,81
753910,61
753913,64
753915,73
753916,38
753918,36
753920,43
753921,84
753922,47
753923,74
753925,37
753928,38
753929,37
753930,81
753931,37
753945,55
753949,67
753950,44
753952,58
753958,51
753960,88
753963,79
753967,60
753969,45
753970,56
753972,45
753974,49
753978,63
753981,44
753984,68
753988,66
753989,78
753992,79
753994,86
754004,82
754006,58
754007,51
754010,43
754011,65
754012,52
754013,61
754017,43
754023,71
754024,70
754026,66
754027,45
754033,51
754034,81
754037,67
754039,60
754044,50
754048,63
754051,86
754052,80
754053,63
754055,78
754059,78
754061,49
754065,59
754069,77
754072,45
754073,82
754076,99
754077,53
754078,66
754079,58
754085,85
754087,65
754088,63
754089,62
754090,76
754092,63
754093,42
754097,54
754101,44
754103,65
754109,73
754114,78
754115,46
754120,77
754121,53
754122,47
754123,67
754124,64
754125,55
754126,67
754127,65
754128,65
754130,65
754132,51
754133,64
754134,53
754135,66
754138,56
754141,59
754147,61
754149,82
754151,54
754153,48
754157,59
754158,68
754162,42
754164,68
754170,51
754173,88
754178,56
754181,69
754184,66
754185,63
754187,68
754193,49
754196,66
754198,54
754203,62
754205,57
754207,57
754209,57
754213,54
754215,64
754217,60
754218,38
754219,55
754221,78
754222,35
754223,57
754224,53
754229,57
754231,56
754234,57
754236,55
754239,37
754241,50
754246,55
754248,57
754249,59
754251,56
754253,55
754254,58
754255,38
754256,60
754258,52
754260,59
754264,37
754265,57
754267,59
754269,64
754271,55
754272,44
754273,58
754277,57
754278,47
754285,40
754286,56
754288,55
754289,50
754290,56
754292,56
754293,54
754294,61
754295,63
754296,61
754298,56
754300,58
754301,83
754304,59
754306,54
754308,48
754310,43
754311,79
754312,36
754313,61
754317,61
754318,37
754321,55
754324,63
754325,37
754326,82
754327,44
754328,57
754330,57
754332,57
754333,58
754334,48
754337,54
754339,59
754343,41
754344,59
754345,55
754346,47
754348,40
754350,63
754351,76
754352,56
754356,55
754357,50
754358,57
754359,75
754360,55
754361,55
754362,47
754364,37
754365,59
754366,73
754367,76
754368,65
754369,49
754370,59
754374,53
754376,51
754379,48
754381,73
754388,52
754390,54
754396,57
754398,57
754400,48
754403,54
754405,51
754409,50
754416,81
754419,49
754420,47
754421,83
754424,60
754425,44
754426,48
754427,41
754428,48
754430,56
754432,76
754438,63
754439,54
754453,66
754455,72
754457,65
754460,89
754465,55
754468,48
754470,49
754481,69
754494,57
754500,42
754504,47
754508,46
754518,67
754520,37
754522,38
754524,57
754527,66
754528,81
754533,37
754539,52
754546,77
754548,39
754551,63
754552,75
754557,73
754560,60
754564,72
754568,68
754577,51
754585,64
754588,48
754591,47
754592,50
754593,62
754601,49
754609,75
754614,46
754615,66
754622,56
754625,45
754626,64
754627,63
754631,75
754633,53
754637,46
754638,65
754639,62
754641,39
754646,65
754647,63
754649,83
754650,43
754651,73
754654,39
754655,47
754659,49
754662,54
754663,41
754670,52
754673,52
754678,63
754679,55
754680,36
754681,87
754683,38
754684,48
754685,40
754686,72
754687,36
754688,68
754692,55
754696,44
754698,43
754701,40
754704,41
754706,40
754707,55
754708,39
754709,69
754711,38
754713,42
754714,43
754717,41
754719,43
754720,65
754721,41
754723,49
754724,76
754726,47
754727,49
754728,57
754730,73
754733,40
754737,44
754738,48
754739,59
754740,72
754744,53
754748,52
754759,57
754763,37
754764,70
754766,51
754767,39
754773,51
754774,58
754775,70
754777,79
754778,75
754779,47
754784,53
754788,79
754789,46
754790,59
754791,37
754794,65
754795,74
754800,36
754804,49
754805,50
754808,59
754812,49
754814,52
754818,56
754825,54
754827,48
754830,47
754831,70
754832,55
754833,55
754835,51
754838,81
754839,45
754843,52
754844,56
754848,58
754850,60
754852,84
754854,49
754856,91
754857,69
754859,78
754865,64
754866,37
754867,45
754868,82
754869,61
754871,67
754872,39
754873,80
754875,39
754876,72
754877,36
754878,59
754880,65
754881,37
754882,81
754883,38
754884,39
754889,40
754890,69
754892,38
754894,37
754895,55
754896,76
754897,36
754900,44
754903,92
754907,73
754908,67
754910,70
754914,82
754926,45
754931,62
754933,73
754935,77
754937,63
754939,41
754943,39
754944,54
754949,39
754952,37
754953,77
754954,38
754956,38
754958,37
754959,36
754962,93
754963,39
754965,40
754966,36
754973,79
754974,37
754975,36
754977,36
754978,40
754980,37
754983,52
754989,67
754993,36
754998,83
755003,73
755004,52
755006,50
755012,87
755013,64
755015,75
755020,57
755021,66
755023,59
755024,66
755025,46
755026,56
755028,70
755032,78
755035,72
755036,38
755038,41
755043,61
755044,72
755045,51
755058,79
755062,43
755066,74
755068,40
755069,65
755073,65
755088,41
755091,60
755093,36
755094,36
755098,36
755099,83
755100,39
755102,37
755103,57
755106,68
755108,39
755111,39
755113,61
755114,39
755115,59
755117,39
755121,39
755122,61
755124,39
755131,41
755140,42
755141,39
755142,82
755144,39
755147,39
755152,89
755162,43
755166,66
755171,74
755172,49
755173,40
755176,46
755182,69
755183,39
755186,39
755188,39
755190,84
755192,62
755193,39
755195,39
755197,85
755199,39
755201,70
755202,39
755206,39
755209,38
755210,60
755211,39
755213,59
755214,39
755220,59
755224,39
755229,68
755231,39
755232,55
755234,39
755237,39
755240,39
755242,67
755243,41
755246,40
755248,61
755251,40
755260,62
755262,39
755263,54
755267,40
755268,66
755270,60
755272,71
755275,58
755277,70
755283,79
755291,54
755292,45
755294,50
755298,55
755306,59
755309,63
755311,43
755312,82
755318,70
755320,41
755321,58
755323,40
755324,67
755329,48
755340,52
755342,44
755347,70
755348,55
755352,70
755359,62
755362,62
755365,50
755367,38
755370,55
755373,47
755374,66
755375,41
755378,61
755381,41
755383,69
755391,57
755393,38
755396,42
755397,67
755398,39
755402,50
755403,52
755411,38
755414,37
755415,38
755422,59
755423,37
755432,83
755433,44
755437,66
755441,60
755444,49
755445,57
755448,78
755452,63
755456,63
755458,73
755459,51
755461,81
755464,95
755466,60
755469,60
755470,53
755475,58
755477,65
755479,75
755480,39
755481,71
755484,84
755486,74
755488,50
755492,68
755494,62
755496,65
755498,69
755499,75
755504,79
755505,37
755506,82
755507,46
755508,55
755509,54
755510,42
755511,54
755512,40
755513,63
755514,44
755517,82
755519,69
755524,75
755525,58
755526,60
755527,62
755528,56
755533,57
755535,81
755537,57
755539,55
755546,49
755547,71
755549,56
755551,56
755557,78
755559,86
755561,59
755563,70
755564,60
755565,37
755566,42
755567,41
755569,40
755579,54
755580,43
755583,87
755584,71
755585,57
755586,57
755588,70
755590,69
755591,60
755594,40
755595,78
755599,66
755602,63
755605,70
755607,51
755609,54
755610,38
755611,75
755613,81
755614,75
755615,82
755619,76
755627,68
755629,74
755631,82
755635,57
755636,39
755641,38
755643,66
755645,78
755648,49
755649,60
755654,43
755658,44
755660,73
755664,44
755668,85
755673,44
755674,37
755677,58
755679,69
755681,83
755682,38
755684,42
755685,79
755687,71
755688,44
755689,72
755691,72
755693,58
755694,64
755697,81
755702,73
755710,41
755714,41
755716,39
755719,40
755720,37
755722,37
755723,38
755727,41
755736,44
755746,72
755756,37
755768,66
755772,67
755773,55
755779,77
755782,42
755795,50
755796,39
755800,44
755802,59
755804,39
755818,43
755819,40
755824,48
755825,39
755826,40
755827,40
755828,37
755829,43
755833,38
755835,89
755836,37
755839,38
755840,39
755841,53
755860,37
755861,41
755865,78
755869,83
755871,63
755874,56
755875,54
755877,61
755879,62
755882,50
755883,47
755884,41
755885,95
755886,42
755887,81
755888,65
755889,71
755890,64
755895,48
755901,51
755902,43
755906,50
755908,47
755911,43
755912,78
755913,66
755920,52
755921,81
755922,50
755924,76
755925,39
755926,88
755928,44
755929,69
755930,44
755931,77
755932,68
755934,44
755936,70
755940,53
755941,39
755943,71
755946,56
755947,75
755951,85
755952,60
755953,78
755955,60
755959,75
755965,58
755968,78
755973,41
755975,78
755977,48
755983,78
755993,45
755995,52
755997,73
756004,69
756009,84
756010,47
756012,71
756014,69
756016,54
756018,86
756020,66
756022,95
756024,39
756028,60
756029,76
756032,45
756034,53
756038,71
756044,44
756045,40
756046,81
756050,48
756057,44
756060,83
756061,59
756063,38
756064,57
756065,50
756072,43
756073,81
756075,72
756076,71
756080,70
756081,72
756085,60
756087,51
756090,50
756091,77
756092,73
756094,46
756096,58
756099,82
756100,50
756101,60
756102,70
756103,78
756104,64
756105,46
756108,66
756111,68
756115,90
756117,80
756121,91
756122,46
756123,52
756124,71
756127,86
756129,72
756131,81
756132,55
756134,64
756135,46
756137,73
756139,90
756145,56
756148,47
756149,77
756151,58
756157,55
756159,56
756164,57
756170,64
756171,38
756173,37
756174,55
756176,68
756177,39
756178,57
756180,82
756182,66
756184,48
756192,38
756193,69
756200,77
756201,37
756203,50
756206,59
756207,64
756209,56
756210,46
756213,62
756218,62
756225,54
756230,37
756232,40
756233,63
756238,84
756239,45
756244,55
756247,60
756248,55
756252,57
756258,70
756259,58
756263,85
756266,66
756269,47
756275,78
756279,38
756281,37
756284,62
756290,69
756291,47
756292,55
756294,56
756298,79
756301,59
756302,58
756303,57
756305,56
756308,39
756310,37
756312,73
756324,44
756327,69
756330,61
756331,64
756332,59
756333,37
756337,51
756340,55
756341,65
756346,69
756351,48
756355,58
756357,55
756359,54
756361,57
756363,55
756364,46
756365,56
756367,56
756369,60
756373,55
756376,54
756378,61
756380,58
756382,59
756384,53
756385,56
756387,62
756389,55
756390,76
756393,70
756395,71
756397,66
756399,62
756403,80
756405,61
756406,44
756409,60
756412,62
756414,60
756417,36
756424,65
756428,72
756429,47
756430,80
756432,72
756436,65
756443,78
756449,61
756451,75
756453,66
756455,69
756457,61
756461,69
756467,87
756468,82
756470,63
756472,61
756475,63
756483,70
756484,66
756487,69
756498,65
756500,72
756504,62
756506,77
756508,48
756515,50
756517,74
756520,66
756522,77
756523,55
756524,50
756527,62
756528,43
756530,62
756532,82
756547,62
756550,55
756552,63
756555,48
756557,51
756558,44
756569,52
756571,59
756573,50
756576,53
756578,54
756581,68
756587,60
756591,78
756593,55
756594,35
756597,59
756602,48
756604,76
756606,59
756608,73
756610,50
756612,54
756622,54
756629,52
756632,63
756648,53
756652,49
756655,47
756656,49
756658,48
756665,75
756666,58
756672,36
756675,49
756676,76
756677,48
756680,74
756681,62
756685,60
756686,84
756688,60
756690,80
756691,46
756692,37
756693,67
756695,70
756700,73
756702,73
756705,71
756707,72
756708,68
756709,51
756710,72
756715,71
756717,72
756719,71
756720,43
756722,71
756725,71
756728,71
756730,71
756734,72
756735,50
756737,54
756738,71
756739,45
756740,71
756744,73
756745,72
756746,66
756747,72
756748,36
756750,36
756751,74
756755,71
756756,38
756759,56
756761,79
756763,71
756765,76
756766,36
756767,103
756768,45
756769,76
756771,62
756775,54
756776,66
756777,73
756778,36
756779,77
756780,71
756781,55
756782,50
756784,54
756786,52
756788,85
756790,45
756791,44
756792,46
756795,50
756797,36
756798,45
756802,46
756804,55
756805,53
756806,58
756810,47
756811,68
756815,60
756816,46
756818,55
756819,69
756821,50
756822,46
756824,49
756826,54
756828,46
756830,51
756833,45
756834,45
756839,45
756840,77
756841,70
756842,46
756843,41
756844,45
756848,64
756849,45
756851,42
756852,51
756853,68
756854,54
756856,85
756860,71
756865,44
756866,66
756869,72
756871,79
756888,51
756891,53
756898,79
756899,49
756901,63
756906,62
756907,49
756915,88
756919,37
756921,40
756923,36
756924,72
756925,39
756926,76
756928,37
756930,62
756931,36
756932,40
756934,36
756935,36
756936,36
756937,62
756939,37
756940,80
756941,55
756942,39
756944,67
756949,38
756950,42
756954,39
756957,93
756958,36
756959,36
756960,74
756962,96
756963,39
756964,65
756966,79
756971,40
756973,36
756974,43
756975,36
756976,83
756977,37
756981,36
756982,36
756987,67
756988,52
756992,38
756993,45
756995,42
756998,77
757002,76
757005,60
757013,75
757017,38
757018,36
757019,40
757020,36
757021,72
757022,37
757023,70
757025,36
757026,37
757028,36
757030,38
757031,85
757032,36
757033,36
757034,37
757036,48
757037,66
757040,44
757041,73
757043,36
757045,78
757046,38
757047,37
757049,38
757053,36
757054,81
757058,38
757063,82
757066,55
757067,83
757068,37
757075,37
757085,40
757087,86
757094,36
757095,73
757096,36
757097,37
757098,39
757099,71
757100,38
757102,36
757104,79
757105,36
757106,39
757107,36
757110,37
757112,47
757124,68
757129,65
757131,42
757136,46
757149,58
757150,82
757154,47
757159,73
757164,60
757167,55
757171,48
757173,64
757178,38
757180,53
757181,77
757183,73
757185,91
757188,76
757199,39
757202,40
757205,39
757212,68
757213,39
757214,77
757216,63
757224,44
757226,60
757227,39
757232,65
757233,60
757234,39
757236,48
757237,42
757240,39
757248,40
757249,71
757251,39
757255,46
757258,40
757259,83
757260,55
757261,39
757265,53
757266,62
757267,39
757269,39
757270,46
757273,39
757274,65
757277,55
757280,57
757282,39
757283,60
757284,39
757288,39
757289,85
757291,39
757297,55
757301,39
757303,55
757304,66
757306,91
757307,39
757308,63
757309,40
757311,41
757313,40
757314,61
757315,41
757317,41
757318,71
757319,39
757321,39
757324,39
757325,59
757328,39
757331,74
757334,53
757336,39
757339,40
757342,77
757344,39
757345,57
757347,39
757350,40
757355,40
757356,69
757357,50
757359,68
757362,39
757365,39
757369,39
757372,61
757374,39
757380,39
757381,77
757382,40
757384,61
757385,39
757386,53
757388,39
757391,71
757392,47
757393,64
757395,66
757398,83
757400,63
757408,53
757412,57
757414,77
757415,52
757416,63
757419,71
757421,64
757422,48
757425,66
757427,76
757429,69
757433,44
757435,61
757438,65
757441,68
757444,55
757460,50
757465,60
757469,37
757474,60
757476,62
757477,72
757480,69
757482,56
757487,63
757490,62
757491,55
757494,53
757504,58
757511,55
757518,76
757520,66
757521,57
757525,81
757526,39
757533,79
757537,74
757539,71
757546,73
757547,53
757549,53
757559,53
757561,57
757565,57
757567,57
757571,55
757574,55
757575,55
757576,53
757577,44
757581,42
757591,49
757592,84
757594,37
757596,42
757598,40
757601,59
757603,38
757604,37
757606,41
757608,38
757610,38
757612,38
757615,38
757617,42
757619,37
757620,54
757621,38
757623,36
757627,37
757633,41
757653,31
757656,65
757658,56
757659,63
757661,38
757664,39
757666,42
757667,71
757673,81
757676,84
757677,98
757679,65
757685,78
757686,37
757687,63
757689,60
757696,38
757697,41
757699,81
757700,74
757702,81
757705,88
757706,72
757710,65
757711,76
757712,38
757713,75
757714,37
757720,84
757726,84
757734,71
757736,92
757741,56
757742,74
757743,77
757748,76
757749,43
757750,63
757751,52
757755,54
757757,77
757763,68
757766,78
757770,59
757771,37
757772,60
757775,40
757776,64
757777,37
757780,41
757781,56
757786,52
757796,96
757801,52
757802,66
757809,67
757812,60
757819,72
757821,54
757822,79
757826,53
757828,84
757836,78
757840,60
757846,60
757855,53
757859,70
757864,58
757866,90
757868,78
757871,79
757872,63
757873,40
757874,40
757880,63
757881,80
757882,40
757885,80
757888,56
757893,43
757894,54
757895,67
757896,38
757897,64
757898,51
757899,66
757912,49
757915,50
757919,50
757921,42
757923,49
757926,49
757932,60
757934,47
757935,94
757937,64
757940,56
757943,62
757945,75
757948,74
757949,49
757952,77
757962,54
757965,73
757966,74
757967,70
757970,48
757975,67
757981,76
757983,72
757985,47
757986,73
757989,72
757990,82
757992,71
757993,67
757994,75
757997,46
757999,48
758000,48
758004,56
758006,49
758008,70
758009,49
758011,49
758013,85
758016,50
758019,75
758023,46
758024,89
758025,52
758044,43
758045,65
758046,76
758055,77
758058,51
758061,48
758063,44
758064,77
758066,55
758069,46
758071,55
758072,71
758075,45
758076,71
758082,71
758083,64
758087,57
758089,77
758091,55
758094,69
758097,68
758098,50
758099,70
758100,52
758101,47
758103,65
758107,89
758109,83
758113,52
758114,79
758120,59
758122,54
758123,51
758125,49
758127,73
758129,66
758130,43
758131,68
758136,68
758139,51
758140,71
758143,55
758153,53
758156,57
758157,36
758158,58
758162,58
758164,68
758166,58
758168,47
758170,44
758172,63
758173,41
758176,37
758178,40
758179,68
758184,40
758187,78
758189,62
758191,60
758192,67
758194,73
758196,57
758197,40
758201,44
758202,80
758206,37
758209,60
758210,37
758211,54
758215,84
758216,38
758219,66
758220,45
758221,72
758223,53
758225,70
758236,55
758237,40
758241,43
758245,69
758263,63
758265,55
758268,57
758270,53
758272,60
758273,38
758278,65
758281,42
758282,42
758283,54
758284,50
758285,46
758286,62
758288,55
758298,61
758300,67
758305,55
758307,55
758308,51
758309,55
758310,38
758316,69
758320,81
758322,42
758323,63
758324,57
758325,66
758327,74
758329,57
758331,55
758332,55
758333,42
758334,63
758335,56
758337,55
758339,54
758340,41
758344,55
758346,80
758347,61
758349,55
758350,49
758351,62
758353,56
758354,60
758358,52
758359,64
758360,39
758365,66
758366,37
758367,68
758368,60
758371,65
758373,79
758377,42
758379,86
758381,70
758387,43
758388,64
758392,74
758407,38
758414,82
758417,43
758419,54
758420,76
758427,71
758430,85
758431,74
758438,73
758439,90
758440,45
758447,72
758451,77
758452,56
758457,74
758459,61
758463,42
758466,68
758470,59
758475,74
758490,78
758493,70
758495,66
758500,44
758504,41
758505,66
758506,82
758507,70
758508,79
758509,56
758513,54
758516,81
758520,87
758525,66
758530,72
758536,59
758540,65
758544,64
758551,63
758553,66
758561,69
758563,63
758566,70
758569,69
758573,70
758582,61
758588,73
758590,67
758593,72
758595,64
758600,70
758601,63
758605,63
758607,65
758609,77
758610,62
758611,64
758612,91
758614,63
758616,86
758624,62
758626,97
758636,43
758637,50
758639,48
758641,46
758643,50
758647,74
758649,55
758650,48
758651,47
758652,46
758653,71
758655,45
758657,47
758658,42
758659,46
758660,51
758662,58
758664,63
758667,63
758668,54
758671,52
758673,71
758674,70
758678,48
758680,62
758682,66
758684,49
758685,61
758687,57
758691,69
758693,49
758695,67
758699,53
758700,36
758701,59
758703,50
758704,62
758707,58
758708,36
758709,66
758711,47
758712,39
758713,74
758714,36
758715,48
758716,36
758717,66
758718,39
758719,54
758720,39
758722,36
758723,55
758724,37
758725,77
758729,59
758731,74
758733,63
758735,63
758736,48
758737,74
758739,50
758741,49
758742,47
758744,66
758749,55
758750,71
758752,63
758754,55
758756,65
758758,53
758760,64
758761,71
758762,47
758763,64
758765,74
758767,62
758769,51
758772,48
758774,59
758776,47
758778,57
758780,56
758782,56
758783,62
758785,71
758787,57
758789,63
758791,51
758794,54
758795,34
758796,46
758798,64
758799,55
758800,49
758802,50
758804,36
758806,36
758810,71
758816,42
758819,50
758823,76
758826,95
758827,60
758832,57
758838,36
758839,48
758840,80
758846,57
758847,74
758849,78
758851,67
758856,65
758857,45
758861,36
758865,32
758874,60
758875,49
758876,65
758878,39
758879,36
758883,39
758885,59
758886,36
758887,67
758888,40
758889,36
758892,38
758894,36
758895,39
758896,37
758897,48
758902,40
758903,39
758907,36
758908,36
758909,37
758910,36
758911,37
758912,37
758914,37
758915,37
758916,36
758919,38
758920,65
758922,54
758924,46
758929,50
758932,57
758933,45
758938,69
758943,65
758945,79
758947,83
758951,47
758953,61
758954,38
758955,36
758956,36
758957,38
758962,36
758963,36
758964,36
758966,38
758967,38
758968,37
758970,37
758971,37
758972,40
758973,35
758974,37
758975,36
758976,38
758977,36
758980,36
758981,36
758982,39
758984,39
758987,39
758990,48
758993,50
758995,41
759003,81
759004,36
759006,42
759013,40
759014,63
759016,46
759021,69
759022,72
759027,73
759029,67
759030,66
759036,67
759039,51
759040,70
759041,76
759044,36
759046,37
759051,47
759056,75
759058,70
759060,78
759066,45
759068,47
759071,60
759072,71
759073,52
759084,35
759090,61
759095,64
759101,76
759103,47
759105,47
759107,80
759110,64
759126,70
759129,75
759131,60
759134,58
759138,62
759140,48
759142,58
759145,58
759148,59
759156,46
759161,60
759162,69
759164,80
759166,45
759169,64
759170,78
759172,78
759187,77
759200,41
759203,44
759205,61
759208,64
759213,65
759219,65
759224,67
759225,67
759226,39
759229,59
759239,41
759243,56
759255,60
759260,64
759262,71
759266,44
759267,73
759269,40
759279,90
759281,54
759282,47
759290,49
759295,73
759296,63
759300,59
759304,40
759307,75
759313,68
759317,82
759318,68
759321,75
759323,92
759324,68
759325,50
759330,69
759336,44
759346,55
759347,54
759357,71
759361,64
759365,49
759370,57
759372,67
759374,74
759381,40
759385,69
759388,63
759390,57
759392,86
759393,81
759395,63
759396,47
759397,62
759399,62
759405,60
759407,38
759412,51
759414,69
759415,43
759416,55
759417,39
759420,57
759421,40
759423,37
759424,56
759425,38
759427,65
759429,39
759430,55
759433,37
759437,37
759438,71
759440,67
759442,38
759444,38
759445,66
759451,55
759453,70
759454,57
759456,58
759471,76
759473,72
759475,70
759476,59
759480,68
759482,49
759483,43
759486,50
759495,66
759502,42
759506,57
759507,42
759508,95
759513,64
759515,65
759517,71
759519,59
759522,60
759529,63
759530,39
759531,75
759533,67
759534,92
759536,55
759540,78
759542,78
759544,78
759546,75
759547,51
759548,69
759550,53
759552,38
759555,67
759557,57
759558,68
759559,76
759560,69
759562,74
759568,81
759574,61
759575,79
759579,76
759582,88
759585,77
759587,55
759588,45
759589,83
759590,63
759591,53
759595,56
759596,66
759599,69
759600,63
759601,91
759602,89
759603,69
759606,61
759610,64
759614,83
759616,93
759622,54
759627,41
759629,37
759630,65
759631,37
759642,43
759644,39
759661,66
759665,39
759666,43
759670,47
759675,38
759686,45
759692,38
759704,45
759707,62
759709,57
759717,51
759719,55
759724,54
759727,79
759729,53
759731,66
759733,67
759734,75
759741,53
759747,54
759753,54
759754,37
759760,71
759763,40
759767,44
759777,52
759778,38
759780,33
759781,38
759786,38
759788,34
759805,58
759807,55
759809,59
759812,69
759814,83
759819,43
759820,76
759821,52
759822,54
759825,42
759830,78
759832,69
759835,75
759837,53
759840,63
759841,71
759842,48
759843,67
759844,46
759847,57
759848,38
759849,65
759851,57
759854,55
759855,57
759859,60
759864,43
759872,69
759875,53
759882,65
759883,67
759886,42
759887,53
759888,48
759890,63
759892,51
759894,45
759895,47
759896,39
759900,74
759902,54
759907,56
759913,56
759914,42
759916,61
759920,46
759923,48
759929,49
759938,53
759940,60
759942,46
759944,63
759946,67
759952,58
759955,50
759964,56
759965,53
759976,76
759978,52
759979,92
759980,67
759983,94
759984,63
759987,79
759991,68
759992,41
759993,78
759998,86
759999,47
760000,55
760001,44
760007,47
760009,64
760012,65
760014,87
760015,82
760016,78
760019,51
760020,83
760021,90
760022,45
760026,42
760028,47
760029,86
760030,59
760035,51
760038,99
760045,40
760052,79
760053,57
760055,60
760057,77
760060,54
760065,65
760066,43
760068,56
760070,56
760071,48
760075,49
760076,51
760078,48
760081,49
760086,49
760089,50
760090,48
760091,73
760092,45
760093,52
760094,60
760096,62
760097,46
760099,50
760100,63
760101,39
760104,46
760106,59
760111,50
760112,42
760115,49
760118,50
760124,41
760132,69
760134,64
760135,37
760138,65
760147,77
760150,42
760151,70
760152,68
760153,55
760161,51
760163,78
760164,46
760166,40
760167,58
760170,77
760171,43
760173,66
760177,57
760178,39
760185,53
760186,65
760187,79
760189,65
760192,65
760194,57
760196,73
760202,69
760204,39
760209,75
760210,42
760213,58
760220,37
760222,37
760223,38
760224,55
760225,53
760227,47
760229,64
760231,64
760233,57
760236,64
760243,48
760244,82
760248,56
760249,66
760253,57
760261,73
760266,40
760268,42
760269,72
760270,37
760272,64
760277,37
760278,53
760281,44
760283,36
760305,53
760307,40
760308,59
760309,44
760313,66
760314,71
760322,68
760323,68
760329,69
760341,65
760343,66
760344,52
760345,65
760346,54
760353,73
760354,48
760356,51
760359,63
760365,53
760369,59
760375,53
760378,64
760380,62
760384,62
760386,64
760392,62
760394,62
760396,71
760401,71
760407,63
760412,60
760418,73
760422,67
760424,70
760426,61
760428,58
760435,61
760436,49
760441,57
760445,70
760447,69
760449,79
760453,70
760455,62
760458,63
760460,69
760463,70
760467,80
760468,75
760469,66
760471,78
760473,78
760475,63
760480,80
760487,43
760488,67
760492,71
760494,65
760498,77
760500,62
760508,53
760510,40
760511,80
760515,60
760517,66
760519,66
760521,80
760537,75
760539,64
760542,64
760547,68
760549,67
760551,76
760552,67
760553,69
760554,72
760556,73
760561,67
760564,73
760570,66
760571,48
760572,63
760574,85
760575,50
760578,59
760579,65
760581,71
760582,49
760585,59
760587,71
760589,68
760590,61
760592,65
760593,44
760594,72
760596,62
760600,68
760602,73
760603,64
760606,67
760608,63
760611,73
760615,69
760617,71
760619,63
760624,41
760625,59
760628,57
760631,83
760633,51
760636,47
760640,72
760641,61
760647,56
760651,52
760652,75
760654,54
760658,40
760661,47
760663,47
760666,67
760667,90
760672,37
760685,75
760686,41
760696,62
760699,58
760704,82
760706,46
760707,45
760708,46
760709,77
760717,42
760720,56
760724,40
760727,62
760728,52
760736,53
760746,79
760749,48
760750,65
760751,84
760753,62
760757,43
760758,35
760760,59
760763,50
760767,60
760772,49
760773,37
760777,53
760784,51
760787,48
760788,57
760793,62
760795,70
760799,50
760800,60
760801,57
760802,63
760804,64
760811,51
760815,39
760816,47
760819,58
760821,38
760826,44
760829,41
760830,43
760834,38
760837,44
760840,44
760846,72
760850,36
760858,84
760863,36
760864,38
760866,65
760868,36
760869,47
760872,70
760873,63
760874,50
760876,76
760878,56
760879,62
760883,41
760884,40
760889,83
760891,42
760895,78
760898,55
760899,63
760900,43
760903,38
760904,39
760905,37
760906,40
760909,38
760910,45
760914,56
760915,41
760925,37
760927,39
760930,39
760932,42
760933,42
760934,37
760937,39
760939,69
760941,36
760945,73
760951,72
760952,57
760957,39
760968,66
760983,69
760997,74
760998,66
761002,65
761005,71
761007,66
761008,57
761017,74
761018,39
761019,55
761020,70
761022,37
761025,36
761027,36
761029,36
761031,40
761035,77
761038,36
761039,39
761040,36
761041,77
761042,36
761043,38
761044,37
761045,36
761047,36
761048,38
761051,37
761053,49
761055,72
761057,57
761062,45
761065,53
761068,71
761074,48
761075,65
761078,93
761080,45
761081,40
761083,59
761088,44
761089,45
761094,69
761099,60
761100,54
761103,49
761104,42
761105,68
761108,89
761109,70
761111,80
761113,65
761117,67
761119,75
761123,80
761125,40
761126,89
761127,63
761130,58
761131,57
761132,78
761135,40
761136,64
761143,47
761147,57
761160,66
761167,47
761173,61
761174,62
761176,58
761178,73
761179,71
761183,78
761185,74
761193,43
761204,72
761205,65
761209,68
761216,79
761220,67
761227,39
761230,45
761234,89
761238,39
761242,50
761248,39
761249,74
761250,48
761252,40
761255,47
761256,55
761257,39
761258,62
761259,39
761262,76
761267,40
761269,64
761279,60
761280,46
761281,57
761284,56
761286,39
761293,73
761294,61
761296,41
761300,74
761308,39
761311,39
761316,39
761319,43
761320,55
761321,39
761325,39
761328,56
761329,40
761333,71
761337,39
761340,42
761345,39
761346,59
761347,56
761351,68
761352,63
761353,39
761358,40
761361,39
761362,47
761363,66
761364,39
761371,79
761373,53
761377,38
761378,74
761386,45
761387,56
761388,38
761389,79
761391,56
761392,57
761393,76
761396,61
761398,54
761401,66
761404,41
761406,64
761412,76
761414,77
761421,40
761422,85
761424,70
761426,72
761429,87
761431,74
761433,79
761435,76
761437,77
761443,69
761445,67
761446,48
761447,94
761449,63
761451,82
761454,46
761455,71
761458,64
761460,65
761462,79
761470,82
761471,43
761472,78
761489,38
761493,38
761494,72
761495,38
761500,40
761501,54
761502,37
761503,48
761504,38
761505,74
761506,43
761508,44
761512,40
761514,62
761517,39
761519,39
761520,68
761523,40
761527,67
761528,37
761529,74
761533,55
761538,60
761541,54
761542,41
761543,71
761545,73
761551,48
761567,61
761571,54
761573,49
761574,59
761575,51
761578,58
761580,79
761582,51
761586,81
761587,58
761589,55
761591,81
761594,87
761596,57
761598,69
761599,46
761600,80
761602,55
761606,81
761609,56
761618,41
761621,63
761623,60
761624,51
761627,58
761628,44
761629,68
761631,68
761635,56
761637,59
761640,42
761641,64
761643,68
761645,61
761647,65
761651,57
761653,51
761656,53
761660,54
761662,59
761665,37
761666,57
761667,39
761670,58
761672,53
761673,39
761674,53
761679,51
761689,77
761691,67
761693,55
761695,52
761697,42
761698,73
761699,42
761702,57
761703,51
761704,95
761705,58
761706,39
761708,41
761709,53
761711,60
761712,39
761719,58
761721,57
761724,38
761725,71
761726,37
761727,68
761729,64
761733,71
761736,63
761741,50
761752,38
761755,40
761757,37
761761,39
761763,41
761766,37
761768,68
761769,38
761771,40
761772,49
761775,39
761777,37
761778,70
761779,43
761786,69
761789,48
761790,38
761793,45
761799,52
761800,41
761801,56
761803,74
761805,53
761806,41
761807,56
761808,60
761809,42
761810,74
761811,39
761812,83
761814,83
761816,61
761818,39
761819,37
761820,71
761821,38
761823,45
761827,41
761829,37
761831,39
761836,32
761839,39
761841,40
761844,40
761851,41
761856,66
761858,74
761859,56
761861,57
761862,49
761869,68
761874,54
761876,50
761877,68
761882,47
761887,39
761900,70
761902,53
761905,62
761909,51
761916,66
761921,51
761924,74
761927,53
761931,54
761933,69
761934,74
761937,53
761946,43
761947,53
761948,42
761951,42
761952,56
761957,42
761958,72
761959,78
761960,41
761962,62
761964,55
761965,57
761967,50
761973,54
761977,47
761979,67
761980,46
761981,65
761983,69
761990,54
761991,56
761995,43
761999,67
762002,55
762003,54
762005,46
762006,43
762007,48
762011,53
762013,50
762014,57
762021,73
762024,45
762028,45
762029,53
762031,57
762033,64
762037,47
762038,52
762040,69
762043,55
762044,68
762045,51
762057,53
762058,56
762061,62
762067,63
762071,50
762075,50
762078,79
762079,59
762081,65
762083,58
762086,57
762087,63
762090,53
762095,81
762098,58
762100,64
762103,64
762104,60
762106,53
762110,48
762113,41
762116,81
762119,62
762121,42
762122,56
762128,56
762131,32
762140,45
762148,45
762150,53
762154,51
762158,47
762159,35
762162,65
762163,62
762166,56
762169,53
762171,39
762172,54
762174,57
762175,58
762180,59
762181,72
762184,62
762193,50
762194,65
762195,51
762200,61
762201,92
762206,52
762208,86
762215,78
762218,38
762220,40
762221,39
762225,35
762227,37
762228,71
762231,71
762232,53
762236,53
762238,59
762239,77
762240,54
762245,55
762246,42
762254,66
762259,76
762263,56
762264,44
762265,52
762266,54
762270,77
762272,53
762276,67
762281,50
762284,77
762286,48
762290,69
762292,55
762293,46
762296,64
762298,56
762305,71
762306,56
762307,46
762308,66
762311,41
762312,101
762314,53
762317,78
762319,58
762321,62
762324,37
762325,75
762327,62
762328,37
762329,39
762333,55
762334,37
762341,53
762344,37
762345,40
762347,37
762349,53
762350,60
762356,53
762357,40
762359,47
762371,65
762373,78
762376,61
762378,77
762382,83
762393,68
762416,56
762417,75
762419,69
762421,82
762423,68
762426,88
762432,73
762435,64
762437,79
762445,70
762448,61
762451,77
762452,61
762458,84
762465,85
762469,72
762472,67
762480,79
762490,64
762494,68
762498,65
762500,66
762505,71
762507,78
762512,69
762514,79
762516,72
762518,69
762524,63
762525,78
762529,70
762531,63
762533,64
762535,69
762539,67
762547,85
762549,64
762551,61
762554,61
762557,73
762561,65
762563,48
762564,66
762566,62
762575,81
762576,73
762577,74
762579,81
762585,94
762587,60
762588,64
762590,91
762592,59
762596,63
762600,69
762603,72
762605,67
762611,59
762615,67
762617,67
762618,67
762621,80
762622,83
762624,61
762625,41
762635,68
762638,75
762640,76
762642,64
762644,39
762648,57
762650,61
762651,43
762652,52
762657,51
762661,68
762673,87
762674,57
762676,77
762680,69
762691,36
762693,36
762696,57
762697,36
762700,51
762701,65
762708,68
762715,75
762725,44
762728,85
762730,46
762733,57
762736,49
762738,72
762739,42
762740,55
762749,52
762751,54
762754,76
762758,57
762760,39
762768,64
762773,69
762776,46
762777,70
762778,53
762779,58
762783,73
762784,68
762785,59
762786,37
762787,39
762791,39
762794,49
762798,80
762800,74
762801,60
762814,72
762820,61
762821,59
762822,55
762823,68
762825,62
762831,74
762833,74
762834,59
762837,76
762838,36
762846,75
762853,43
762861,66
762862,69
762867,71
762873,68
762874,56
762876,42
762877,36
762880,36
762881,39
762884,37
762885,37
762888,36
762891,36
762893,36
762898,77
762902,88
762903,38
762905,36
762907,36
762908,37
762909,37
762910,37
762911,38
762912,36
762914,36
762915,37
762916,36
762921,75
762924,66
762925,37
762927,58
762928,38
762929,38
762931,40
762932,43
762933,40
762934,63
762937,69
762938,37
762939,36
762940,36
762941,39
762945,36
762946,75
762948,65
762950,73
762951,36
762952,36
762953,37
762954,46
762956,38
762959,62
762962,39
762972,66
762974,65
762976,55
762978,82
762991,41
762992,66
762993,50
762994,43
762995,64
762996,65
762998,43
762999,82
763003,61
763011,64
763012,40
763019,46
763023,39
763024,39
763026,38
763027,49
763028,37
763029,38
763030,37
763031,40
763032,36
763033,38
763038,39
763040,38
763041,36
763042,36
763044,37
763046,36
763050,69
763051,51
763052,65
763053,66
763054,36
763056,36
763057,71
763058,36
763059,42
763061,39
763062,37
763064,38
763065,35
763068,38
763069,36
763070,40
763071,36
763072,37
763073,37
763075,52
763077,86
763079,36
763080,39
763081,36
763082,83
763083,36
763085,36
763087,36
763092,36
763097,39
763098,67
763099,78
763107,41
763111,73
763113,70
763115,60
763116,35
763117,39
763118,39
763119,38
763120,36
763121,40
763122,36
763123,36
763125,68
763129,85
763130,46
763131,91
763136,51
763143,42
763149,46
763150,42
763156,39
763173,48
763177,39
763179,49
763181,42
763183,76
763186,84
763190,57
763193,43
763197,49
763200,86
763201,41
763203,40
763204,82
763206,39
763207,62
763208,39
763209,53
763210,39
763211,45
763217,47
763222,43
763225,41
763226,63
763228,41
763232,57
763238,78
763240,39
763242,39
763247,70
763248,39
763249,50
763251,39
763254,41
763256,87
763257,43
763259,39
763261,37
763262,58
763263,57
763264,42
763266,74
763267,43
763269,42
763270,60
763277,78
763281,68
763283,82
763288,42
763290,41
763292,41
763295,42
763297,42
763301,42
763304,40
763305,73
763306,43
763307,57
763308,40
763309,70
763311,39
763312,67
763316,43
763317,41
763318,73
763319,39
763320,81
763323,76
763325,43
763326,77
763327,45
763329,41
763330,63
763333,39
763337,39
763339,55
763340,47
763345,41
763349,72
763350,39
763351,74
763357,39
763359,75
763362,84
763363,40
763365,63
763367,61
763368,39
763374,87
763376,40
763401,42
763403,60
763404,47
763407,87
763408,57
763413,56
763416,57
763418,68
763428,63
763429,42
763430,85
763432,92
763434,50
763436,40
763437,54
763439,72
763441,41
763442,38
763444,75
763445,61
763446,58
763447,45
763448,89
763450,53
763451,64
763452,46
763455,53
763456,74
763457,65
763463,77
763466,41
763467,53
763469,54
763470,66
763471,84
763474,40
763482,42
763484,55
763488,38
763489,44
763492,41
763494,37
763501,44
763507,40
763508,67
763510,73
763516,66
763519,79
763521,69
763526,43
763527,69
763530,56
763533,55
763534,66
763535,53
763537,53
763538,41
763539,54
763541,60
763543,56
763545,65
763548,56
763550,55
763553,59
763557,78
763559,80
763560,47
763561,73
763563,64
763565,84
763567,82
763568,57
763569,48
763575,48
763580,39
763582,37
763587,74
763588,46
763591,48
763598,67
763599,48
763602,42
763603,51
763605,51
763607,50
763611,54
763612,51
763615,51
763617,52
763628,51
763632,58
763635,72
763637,71
763639,55
763641,54
763642,52
763643,66
763644,73
763647,66
763648,53
763649,52
763652,59
763656,39
763657,64
763659,63
763661,64
763662,37
763665,61
763667,68
763672,55
763673,82
763676,43
763679,39
763680,56
763683,75
763687,54
763693,51
763707,50
763708,48
763709,55
763711,47
763712,53
763713,39
763714,48
763715,77
763717,45
763721,68
763722,92
763725,45
763727,73
763729,72
763730,85
763733,75
763734,53
763741,74
763746,68
763748,55
763749,65
763756,76
763757,87
763762,54
763764,67
763765,56
763767,54
763772,52
763773,64
763778,62
763779,55
763782,56
763784,83
763786,67
763788,71
763790,56
763791,49
763793,47
763794,59
763797,78
763798,66
763799,40
763801,48
763802,77
763803,50
763805,67
763809,48
763815,78
763818,75
763820,49
763823,51
763824,63
763830,63
763836,61
763838,47
763839,51
763844,46
763851,61
763862,68
763864,78
763868,43
763870,90
763873,100
763874,71
763876,78
763881,54
763882,70
763883,47
763887,84
763891,48
763893,77
763895,48
763897,70
763898,68
763899,88
763900,63
763901,41
763905,83
763906,94
763909,77
763916,85
763921,74
763922,73
763925,77
763928,56
763931,64
763933,42
763934,66
763936,45
763949,77
763953,43
763955,42
763956,82
763957,62
763959,83
763962,41
763963,68
763964,42
763967,75
763969,65
763973,60
763974,64
763975,52
763976,46
763977,81
763985,57
763987,63
763989,74
763991,73
763992,67
763995,37
763996,43
764000,41
764001,33
764005,47
764009,77
764012,44
764014,43
764015,53
764016,85
764017,85
764024,77
764025,48
764027,57
764030,42
764033,42
764035,43
764036,47
764039,56
764040,70
764042,68
764044,40
764045,75
764051,58
764053,54
764055,69
764065,56
764068,52
764070,48
764075,37
764082,58
764084,56
764090,49
764091,42
764098,53
764100,66
764102,53
764103,37
764104,52
764115,39
764117,68
764119,40
764121,43
764122,75
764124,56
764129,51
764130,42
764131,62
764135,44
764141,72
764143,41
764147,49
764152,37
764157,64
764160,68
764161,68
764164,58
764166,58
764167,43
764168,49
764170,87
764172,53
764175,47
764192,43
764208,35
764225,61
764232,67
764240,63
764244,69
764250,75
764267,67
764269,77
764271,89
764277,68
764279,64
764296,59
764299,78
764300,73
764304,49
764307,76
764309,72
764328,44
764329,65
764335,87
764344,80
764346,65
764350,34
764352,67
764354,76
764355,78
764356,63
764358,78
764360,62
764365,68
764366,62
764368,77
764369,56
764370,62
764373,83
764375,65
764380,87
764387,90
764389,73
764390,82
764395,66
764398,70
764401,67
764403,61
764405,62
764407,80
764409,65
764411,63
764413,73
764415,79
764424,85
764426,71
764428,66
764429,48
764436,83
764438,79
764440,82
764445,43
764447,73
764448,72
764451,81
764453,74
764456,61
764479,70
764481,63
764497,56
764502,60
764504,62
764508,46
764510,66
764513,91
764519,56
764522,49
764523,51
764527,69
764530,56
764536,49
764542,59
764545,51
764553,86
764560,70
764563,50
764567,51
764579,42
764580,64
764581,56
764582,67
764588,47
764589,78
764591,74
764593,66
764597,53
764607,60
764610,74
764615,51
764616,80
764619,50
764620,36
764622,36
764623,43
764633,40
764643,39
764644,74
764648,49
764655,49
764665,66
764671,78
764679,38
764680,67
764684,88
764686,57
764691,40
764694,60
764698,41
764700,66
764703,58
764704,85
764705,40
764706,54
764707,51
764709,73
764713,75
764722,78
764732,75
764736,65
764745,77
764747,56
764748,64
764757,69
764758,67
764766,44
764767,36
764771,66
764773,60
764774,54
764775,47
764780,49
764804,58
764819,77
764825,78
764827,68
764828,60
764831,76
764833,59
764835,72
764839,38
764841,36
764842,36
764844,77
764852,85
764853,70
764861,42
764863,74
764864,78
764868,80
764869,36
764870,71
764872,64
764873,37
764875,36
764878,74
764880,36
764881,36
764885,36
764886,36
764888,36
764889,36
764891,37
764892,39
764893,38
764894,36
764896,37
764897,37
764898,37
764899,37
764900,36
764901,36
764902,36
764904,77
764905,38
764906,36
764908,36
764909,36
764912,39
764913,36
764914,72
764916,39
764918,37
764919,36
764920,36
764921,36
764924,80
764931,71
764932,50
764934,65
764936,44
764939,84
764940,56
764951,68
764952,36
764954,73
764955,36
764956,70
764958,38
764960,36
764965,86
764970,41
764971,58
764973,31
764974,63
764977,39
764985,42
764988,41
764991,40
764993,54
764999,40
765017,59
765021,41
765024,49
765030,43
765031,41
765032,69
765036,42
765040,43
765043,42
765047,61
765048,42
765051,39
765053,59
765054,40
765056,65
765058,39
765061,42
765063,41
765065,73
765066,48
765068,61
765071,42
765074,40
765075,72
765078,43
765088,40
765091,40
765093,65
765098,64
765101,62
765111,41
765113,62
765114,92
765122,39
765128,40
765130,59
765132,58
765134,43
765135,59
765139,39
765142,40
765154,80
765157,83
765163,52
765165,54
765170,58
765183,66
765188,62
765189,43
765192,66
765193,73
765195,58
765198,65
765202,77
765207,87
765208,74
765211,80
765215,69
765217,80
765220,74
765221,54
765223,49
765225,49
765226,64
765229,57
765230,49
765232,51
765241,51
765242,42
765243,57
765246,41
765251,55
765256,49
765258,60
765262,75
765264,57
765266,60
765268,79
765272,80
765274,53
765275,38
765276,86
765278,80
765280,52
765281,54
765283,78
765285,56
765289,69
765299,36
765300,79
765301,47
765302,67
765305,72
765307,39
765308,56
765310,79
765312,58
765315,37
765323,44
765325,47
765327,83
765331,60
765333,56
765335,85
765337,74
765339,53
765349,41
765350,39
765355,53
765356,38
765360,38
765362,71
765369,45
765371,45
765375,37
765376,66
765377,38
765381,46
765382,67
765384,53
765385,77
765387,55
765389,59
765391,57
765392,63
765393,60
765397,72
765402,56
765404,53
765406,75
765408,74
765411,40
765417,48
765418,67
765420,78
765423,35
765426,67
765434,44
765437,88
765438,38
765439,84
765444,50
765445,55
765447,51
765448,53
765450,54
765454,58
765456,63
765457,43
765458,84
765462,57
765463,47
765464,90
765473,41
765474,58
765476,47
765478,62
765479,45
765480,43
765482,69
765483,65
765484,56
765487,94
765489,79
765490,66
765491,55
765495,53
765496,71
765498,66
765499,76
765500,51
765501,50
765502,57
765503,38
765504,54
765505,53
765506,45
765507,57
765508,41
765509,51
765511,50
765512,64
765513,42
765514,47
765515,55
765517,57
765519,41
765520,47
765521,58
765523,42
765524,42
765526,57
765529,62
765530,42
765533,50
765536,68
765542,48
765549,50
765550,47
765551,46
765552,42
765553,56
765557,43
765558,61
765561,56
765562,67
765563,61
765564,63
765566,79
765568,64
765569,75
765571,46
765572,60
765573,67
765578,78
765580,66
765582,43
765583,71
765590,39
765591,74
765592,69
765595,59
765596,54
765598,62
765600,72
765602,54
765608,49
765610,69
765611,97
765619,44
765621,56
765625,72
765626,71
765627,56
765629,44
765632,64
765636,60
765637,44
765638,65
765639,50
765641,37
765642,69
765643,43
765646,40
765647,37
765648,92
765649,67
765650,52
765651,44
765653,46
765654,85
765658,53
765661,51
765662,36
765663,39
765667,49
765677,66
765678,52
765682,40
765686,61
765689,38
765692,54
765694,74
765701,34
765705,67
765708,39
765715,52
765723,46
765727,53
765729,50
765732,49
765736,52
765737,56
765739,45
765740,50
765741,83
765747,52
765749,84
765751,56
765755,53
765757,55
765758,56
765760,48
765762,60
765765,55
765766,46
765768,43
765769,64
765770,64
765772,58
765779,76
765781,64
765783,44
765793,57
765794,68
765799,90
765801,79
765803,52
765805,44
765806,53
765809,70
765812,66
765817,44
765819,65
765820,56
765821,70
765822,76
765827,69
765831,77
765833,51
765839,75
765842,67
765846,53
765851,59
765853,52
765854,55
765857,48
765858,51
765860,42
765864,52
765866,55
765869,55
765871,50
765874,86
765875,51
765879,45
765881,55
765885,54
765888,61
765891,77
765892,63
765894,68
765903,52
765910,48
765912,55
765915,41
765919,76
765922,50
765925,64
765929,44
765935,77
765936,46
765937,52
765940,43
765941,45
765944,50
765945,44
765949,60
765954,54
765956,52
765958,36
765959,41
765963,41
765967,72
765970,55
765971,42
765979,49
765980,39
765984,45
765986,47
765987,39
765991,67
766000,57
766002,61
766006,77
766007,51
766009,45
766012,68
766014,87
766017,67
766018,86
766021,72
766023,62
766024,56
766025,65
766027,53
766029,75
766034,68
766037,71
766045,66
766049,46
766051,54
766052,53
766059,72
766060,76
766062,80
766064,41
766069,37
766077,81
766084,45
766086,57
766090,78
766093,89
766099,61
766100,38
766101,53
766102,40
766103,53
766110,58
766111,72
766112,55
766122,47
766123,40
766129,62
766133,54
766135,59
766136,43
766140,61
766147,65
766151,66
766153,69
766155,56
766160,70
766162,63
766169,57
766171,57
766172,68
766177,69
766180,73
766182,75
766184,58
766189,58
766190,45
766191,55
766193,70
766195,52
766198,54
766199,37
766202,64
766212,62
766220,65
766223,64
766225,59
766228,75
766237,59
766240,55
766245,71
766249,67
766271,38
766278,59
766280,59
766285,76
766288,60
766304,71
766306,60
766318,69
766321,80
766338,63
766340,69
766356,72
766358,87
766367,70
766372,80
766379,69
766380,76
766381,48
766382,62
766386,63
766390,94
766395,64
766413,64
766415,59
766427,59
766434,68
766436,65
766438,71
766444,73
766447,82
766467,53
766471,53
766473,51
766487,56
766488,65
766493,81
766498,44
766499,53
766500,52
766504,71
766511,42
766513,72
766526,55
766554,66
766559,54
766562,62
766564,46
766570,53
766578,50
766582,42
766583,63
766585,71
766586,50
766589,47
766592,44
766594,96
766596,94
766599,72
766603,60
766627,49
766632,53
766635,47
766644,55
766646,64
766648,77
766660,53
766672,52
766676,65
766684,77
766689,60
766697,73
766709,81
766710,76
766712,84
766719,43
766722,91
766726,72
766728,71
766729,78
766731,72
766732,72
766740,80
766742,75
766744,75
766747,79
766750,80
766751,43
766755,82
766756,73
766757,79
766759,76
766760,72
766762,72
766769,78
766779,42
766781,71
766782,80
766786,85
766801,41
766802,39
766803,87
766804,75
766805,77
766812,84
766813,43
766821,80
766822,74
766824,76
766836,74
766837,42
766838,79
766845,70
766854,72
766859,42
766862,79
766864,81
766865,56
766868,83
766873,46
766875,40
766879,55
766885,71
766890,36
766891,70
766892,66
766897,78
766898,76
766899,75
766900,41
766901,49
766902,42
766904,46
766907,68
766912,63
766916,41
766917,41
766919,37
766924,59
766929,39
766930,41
766933,78
766939,71
766941,70
766943,41
766944,44
766946,81
766948,65
766952,67
766966,70
766969,82
766971,57
766972,41
766973,72
766974,50
766977,72
766981,95
766983,57
766986,58
766988,55
766991,64
766993,65
766995,68
766999,72
767000,76
767001,81
767006,94
767007,51
767008,77
767009,36
767010,91
767012,36
767013,65
767014,37
767015,72
767016,36
767017,63
767018,38
767019,71
767020,41
767021,63
767023,40
767024,62
767025,42
767026,57
767027,40
767028,74
767029,68
767030,42
767031,70
767032,43
767034,39
767035,36
767036,84
767037,36
767038,36
767039,64
767041,36
767042,62
767043,39
767044,67
767051,36
767052,43
767053,93
767055,35
767056,66
767057,37
767058,85
767059,39
767061,61
767063,61
767066,61
767067,68
767068,42
767069,73
767071,67
767072,44
767073,68
767075,39
767076,90
767077,39
767078,40
767079,37
767080,61
767081,40
767082,88
767084,36
767086,75
767087,37
767089,36
767091,36
767095,65
767097,52
767099,67
767103,64
767104,66
767106,63
767107,57
767111,64
767114,67
767116,85
767118,53
767119,42
767126,72
767128,55
767131,52
767132,45
767133,52
767134,43
767135,63
767137,52
767138,38
767139,54
767143,70
767145,56
767146,43
767147,59
767149,56
767151,70
767154,52
767157,53
767158,69
767159,54
767166,50
767170,62
767172,79
767176,52
767177,69
767178,57
767180,65
767182,59
767187,46
767188,68
767190,87
767191,41
767192,57
767194,59
767196,75
767198,55
767200,81
767202,55
767209,56
767211,54
767213,72
767214,39
767216,41
767219,60
767220,37
767227,38
767230,39
767232,41
767235,40
767236,39
767238,41
767242,37
767245,41
767254,39
767261,38
767265,53
767267,38
767268,54
767272,56
767276,37
767277,51
767278,37
767279,49
767280,38
767281,51
767286,50
767287,42
767289,56
767290,54
767291,37
767293,44
767295,41
767298,78
767302,67
767304,54
767307,55
767309,73
767313,55
767315,61
767321,69
767322,52
767326,39
767333,72
767334,50
767337,52
767339,51
767344,60
767347,56
767356,74
767359,49
767360,45
767361,51
767364,44
767365,37
767366,71
767369,36
767370,47
767371,47
767373,46
767374,33
767382,52
767383,82
767387,64
767391,61
767392,69
767394,66
767395,77
767398,57
767399,54
767401,52
767402,54
767405,66
767406,34
767409,63
767410,51
767411,45
767413,60
767415,53
767418,75
767419,79
767420,79
767421,46
767422,54
767424,47
767427,81
767429,63
767430,57
767432,55
767437,77
767440,71
767441,75
767443,50
767444,47
767445,49
767446,50
767447,51
767448,42
767450,72
767451,55
767453,57
767454,51
767456,58
767457,45
767458,55
767459,56
767460,56
767461,53
767463,59
767465,50
767466,53
767470,65
767473,51
767474,48
767475,74
767476,41
767478,75
767479,64
767480,55
767481,77
767482,47
767483,79
767484,47
767486,49
767487,45
767488,53
767489,75
767490,52
767492,48
767493,53
767494,76
767495,59
767499,78
767500,55
767501,72
767505,54
767509,47
767510,59
767511,56
767512,52
767513,59
767518,51
767519,59
767521,42
767522,54
767523,68
767524,59
767525,70
767526,83
767529,51
767530,57
767531,74
767532,62
767533,73
767534,43
767535,53
767537,55
767538,69
767540,72
767541,53
767542,59
767548,41
767549,66
767550,43
767554,66
767555,69
767556,65
767557,55
767560,68
767561,49
767562,46
767564,60
767565,59
767566,80
767569,49
767570,47
767576,74
767577,33
767578,75
767580,65
767582,37
767586,53
767590,65
767591,55
767594,65
767597,60
767598,41
767599,45
767600,63
767601,78
767603,66
767606,81
767610,53
767614,81
767617,52
767620,48
767625,66
767628,49
767632,50
767637,48
767638,54
767640,76
767642,52
767644,67
767645,83
767646,51
767648,56
767650,49
767651,78
767653,57
767660,72
767663,58
767669,84
767691,51
767696,51
767702,52
767706,62
767709,65
767710,89
767711,52
767715,53
767717,50
767718,76
767720,70
767721,54
767722,53
767723,60
767724,45
767730,61
767735,59
767741,45
767743,55
767744,54
767747,63
767750,78
767751,63
767752,47
767755,67
767757,54
767762,50
767765,65
767767,65
767769,58
767771,57
767773,50
767774,54
767780,54
767781,43
767782,54
767783,63
767791,43
767793,64
767794,43
767797,46
767799,68
767800,70
767803,45
767806,47
767807,45
767808,48
767814,73
767817,52
767821,49
767822,55
767829,53
767830,87
767831,51
767833,74
767835,56
767837,52
767843,63
767854,43
767855,83
767856,54
767858,49
767866,61
767868,77
767871,41
767873,36
767874,61
767877,75
767884,69
767886,56
767887,76
767889,50
767896,59
767897,53
767898,39
767902,65
767910,67
767912,68
767914,42
767917,39
767920,42
767924,44
767926,51
767928,51
767930,57
767934,46
767954,43
767962,86
767963,37
767965,39
767966,44
767967,39
767969,35
767983,79
768012,40
768015,44
768031,37
768034,46
768035,55
768040,32
768052,64
768056,83
768061,46
768064,54
768067,77
768068,68
768073,59
768079,39
768083,63
768084,50
768086,35
768088,79
768091,46
768092,70
768093,40
768105,60
768107,53
768108,45
768109,40
768111,46
768113,47
768115,73
768116,46
768117,47
768119,61
768121,38
768122,46
768123,39
768124,47
768125,40
768127,43
768128,46
768132,54
768135,54
768139,58
768140,36
768152,70
768155,62
768158,44
768161,57
768162,41
768166,59
768167,47
768176,60
768178,62
768185,66
768187,57
768189,66
768193,43
768199,76
768201,50
768202,71
768204,54
768207,36
768211,36
768212,54
768213,36
768216,89
768219,36
768221,67
768223,36
768225,48
768230,54
768232,76
768235,51
768236,36
768237,58
768238,74
768241,52
768259,66
768261,64
768263,55
768265,49
768266,79
768267,56
768268,49
768272,64
768275,74
768278,51
768283,57
768285,59
768288,36
768289,74
768291,53
768293,50
768295,62
768301,51
768302,35
768306,60
768308,75
768312,58
768314,72
768325,82
768326,50
768332,81
768333,53
768337,83
768345,47
768347,67
768352,82
768353,70
768354,86
768356,89
768358,88
768362,40
768364,81
768365,68
768368,80
768372,66
768375,64
768377,81
768378,87
768381,56
768384,50
768388,79
768389,40
768398,65
768400,66
768406,97
768407,78
768415,70
768416,73
768425,40
768426,74
768428,86
768431,85
768444,84
768446,74
768449,79
768450,79
768451,41
768454,81
768455,76
768457,71
768458,41
768459,41
768467,70
768468,74
768469,75
768470,78
768472,80
768476,84
768481,68
768483,81
768484,76
768489,72
768490,39
768495,95
768497,78
768500,75
768501,97
768506,82
768508,76
768512,45
768517,42
768521,43
768523,69
768528,77
768532,77
768533,43
768535,70
768538,79
768539,79
768540,41
768543,51
768544,74
768547,73
768553,77
768556,79
768557,55
768561,76
768570,58
768571,39
768572,88
768578,40
768582,72
768583,69
768586,61
768589,73
768593,42
768595,73
768597,68
768602,69
768603,62
768608,74
768609,83
768611,38
768613,38
768615,38
768617,38
768623,39
768624,39
768627,39
768628,38
768633,40
768634,81
768636,37
768637,40
768638,81
768643,43
768648,80
768651,81
768654,58
768655,82
768656,40
768658,37
768659,83
768661,80
768665,39
768667,61
768671,58
768673,41
768675,53
768677,62
768680,39
768683,38
768684,37
768686,39
768688,36
768692,39
768694,36
768697,73
768698,79
768700,64
768701,36
768702,93
768705,36
768706,73
768707,41
768708,36
768709,84
768710,36
768711,70
768712,38
768713,92
768715,61
768717,39
768718,73
768719,39
768720,39
768721,72
768722,36
768723,41
768724,63
768725,38
768726,70
768727,42
768728,70
768729,37
768730,66
768731,36
768732,62
768733,36
768734,77
768736,36
768737,80
768740,35
768742,39
768743,69
768744,39
768745,37
768746,89
768747,37
768748,74
768750,64
768751,36
768752,58
768753,37
768754,83
768755,36
768758,68
768759,40
768760,71
768761,36
768764,36
768765,70
768766,38
768767,57
768768,36
768769,62
768770,36
768771,64
768772,36
768775,35
768776,75
768778,64
768780,37
768781,36
768782,36
768784,62
768785,77
768786,36
768787,85
768788,36
768789,75
768791,60
768792,36
768793,76
768794,40
768795,62
768797,62
768801,65
768807,65
768809,88
768811,63
768813,69
768819,58
768821,56
768825,66
768828,67
768831,59
768832,65
768834,65
768835,39
768836,63
768837,54
768839,83
768840,67
768843,36
768844,71
768846,44
768847,70
768849,61
768851,68
768852,43
768853,55
768857,78
768861,82
768866,55
768867,44
768870,66
768876,76
768879,61
768881,73
768883,80
768887,72
768889,65
768891,80
768892,42
768896,44
768897,42
768898,50
768900,52
768901,40
768903,77
768904,40
768905,70
768906,37
768907,63
768908,39
768910,38
768911,56
768915,78
768918,38
768919,37
768921,49
768922,37
768925,77
768926,42
768930,38
768931,58
768934,94
768938,44
768940,81
768941,47
768945,71
768952,52
768957,76
768958,43
768959,59
768962,73
768966,53
768969,66
768972,73
768978,65
768980,53
768981,54
768983,62
768991,52
768994,38
768997,52
768999,52
769002,41
769003,50
769004,40
769007,52
769009,51
769011,50
769013,40
769016,54
769017,52
769021,52
769026,37
769027,52
769028,58
769029,57
769033,56
769034,44
769035,56
769038,93
769039,69
769040,52
769041,56
769043,64
769059,33
769066,34
769075,37
769085,42
769088,40
769095,42
769096,33
769102,58
769104,76
769105,57
769107,42
769108,71
769110,54
769112,50
769114,48
769123,36
769124,38
769128,38
769129,73
769132,36
769133,39
769134,52
769136,46
769142,46
769145,35
769146,42
769149,51
769150,56
769151,78
769153,98
769154,50
769155,34
769156,52
769157,71
769159,45
769160,76
769161,56
769166,40
769167,50
769169,87
769170,49
769171,47
769172,65
769174,59
769175,41
769176,66
769178,52
769179,43
769183,66
769184,55
769186,46
769187,41
769189,62
769191,80
769192,63
769201,63
769202,49
769205,42
769207,69
769209,74
769212,36
769213,54
769217,68
769219,79
769221,57
769222,57
769223,72
769227,43
769228,30
769229,39
769231,76
769233,49
769235,62
769237,66
769238,60
769241,50
769244,48
769250,53
769252,55
769253,39
769254,51
769255,50
769256,68
769257,40
769258,39
769260,50
769261,52
769262,77
769264,78
769265,76
769266,44
769267,48
769268,49
769269,35
769270,54
769271,58
769273,51
769280,55
769281,72
769284,45
769285,57
769290,49
769291,55
769292,57
769293,52
769295,36
769297,48
769303,48
769304,38
769307,63
769308,35
769309,45
769311,73
769312,38
769313,57
769314,50
769315,56
769316,74
769317,80
769318,54
769321,81
769322,69
769323,61
769324,69
769325,43
769326,66
769327,55
769330,69
769331,54
769332,58
769334,60
769338,63
769342,63
769344,63
769345,57
769346,50
769347,65
769349,57
769350,56
769352,70
769354,59
769355,55
769356,43
769359,58
769361,43
769367,63
769368,64
769369,40
769370,75
769372,59
769376,40
769379,66
769381,75
769384,55
769385,47
769387,38
769388,69
769390,45
769391,37
769394,57
769396,82
769398,45
769399,44
769401,70
769405,67
769412,56
769415,50
769417,72
769418,58
769419,55
769421,59
769422,55
769427,66
769434,48
769435,55
769443,46
769448,48
769452,73
769454,80
769455,47
769458,94
769460,46
769463,48
769464,77
769469,55
769470,45
769471,51
769472,48
769474,57
769476,56
769478,50
769480,67
769482,55
769483,54
769485,56
769487,60
769491,51
769497,58
769499,49
769500,50
769502,72
769508,53
769510,75
769512,54
769514,48
769517,81
769520,58
769522,45
769524,48
769525,71
769526,65
769528,84
769533,54
769537,54
769538,59
769541,48
769542,76
769547,65
769548,48
769551,55
769555,61
769556,62
769557,55
769563,47
769567,69
769570,47
769571,50
769572,58
769573,69
769574,47
769576,51
769577,76
769579,52
769591,69
769593,46
769602,46
769604,84
769605,76
769610,82
769613,76
769615,50
769618,67
769620,76
769624,59
769625,96
769628,44
769630,48
769631,57
769632,57
769633,59
769635,64
769637,88
769639,73
769644,41
769645,48
769649,69
769653,62
769654,42
769659,55
769662,75
769663,50
769664,46
769665,69
769667,45
769668,57
769670,50
769674,54
769676,68
769677,74
769680,32
769682,84
769684,51
769687,56
769689,57
769693,79
769694,52
769698,47
769709,41
769715,65
769716,66
769719,56
769722,73
769724,52
769730,58
769739,43
769741,48
769746,43
769750,63
769751,51
769754,58
769758,74
769762,50
769765,58
769768,47
769772,52
769774,51
769777,45
769779,45
769782,56
769783,45
769784,51
769786,48
769787,55
769790,48
769792,52
769795,67
769798,59
769803,52
769804,48
769805,69
769806,48
769807,41
769809,64
769811,52
769816,50
769819,53
769820,40
769824,72
769825,54
769827,47
769828,65
769838,45
769840,39
769841,66
769842,54
769843,37
769845,65
769846,39
769847,45
769849,52
769856,51
769859,48
769862,58
769868,57
769869,63
769876,50
769878,58
769882,54
769884,51
769888,54
769889,42
769890,54
769892,52
769902,42
769903,64
769904,81
769908,50
769909,34
769910,65
769911,39
769912,65
769916,36
769919,70
769920,56
769927,74
769930,49
769938,56
769939,47
769943,69
769947,45
769949,50
769952,51
769954,58
769959,67
769960,50
769968,44
769969,41
769975,72
769977,36
769980,40
769983,41
769991,72
769992,50
769994,51
769997,39
770000,61
770008,51
770010,58
770014,59
770018,42
770020,41
770023,42
770027,36
770032,44
770035,72
770038,54
770040,53
770046,44
770047,54
770050,57
770052,51
770057,58
770059,64
770060,56
770061,67
770062,60
770064,57
770065,37
770066,66
770067,67
770069,50
770071,47
770074,36
770075,47
770077,48
770078,37
770079,75
770080,36
770081,62
770083,46
770084,75
770085,48
770091,46
770092,40
770094,84
770095,46
770097,46
770102,56
770105,67
770106,50
770112,46
770116,77
770117,73
770118,75
770119,73
770120,43
770124,84
770125,69
770132,76
770134,80
770136,76
770137,73
770139,42
770140,71
770144,41
770150,45
770151,95
770152,47
770153,76
770157,41
770161,70
770164,71
770166,42
770174,87
770179,41
770180,74
770187,71
770188,94
770189,78
770192,42
770193,40
770194,74
770197,81
770199,83
770201,81
770210,42
770214,74
770216,77
770217,39
770218,40
770221,76
770224,93
770226,59
770231,42
770239,65
770243,91
770250,73
770255,97
770257,93
770258,79
770262,76
770266,90
770269,84
770273,40
770274,75
770276,67
770277,87
770278,77
770280,42
770286,47
770287,40
770291,42
770299,79
770306,81
770310,90
770311,82
770312,40
770318,76
770319,73
770323,44
770325,79
770328,75
770329,79
770334,77
770336,81
770340,77
770343,91
770347,44
770370,42
770373,41
770377,68
770378,69
770379,84
770380,36
770381,36
770383,37
770384,85
770386,91
770389,71
770390,38
770391,39
770396,80
770399,39
770400,36
770402,37
770405,40
770406,74
770410,80
770413,67
770414,79
770423,85
770426,73
770428,36
770429,85
770430,36
770431,93
770432,37
770433,37
770434,38
770435,96
770436,38
770437,93
770438,36
770439,58
770440,37
770441,51
770444,46
770446,35
770449,75
770453,65
770456,41
770457,61
770458,39
770462,36
770464,40
770465,52
770467,75
770468,36
770473,56
770474,40
770476,73
770477,51
770479,55
770482,40
770483,76
770485,59
770487,36
770491,78
770493,57
770494,53
770496,85
770499,60
770504,63
770507,41
770508,86
770509,65
770510,83
770514,34
770515,50
770517,91
770523,51
770526,39
770529,58
770531,45
770533,70
770534,83
770535,49
770539,38
770540,41
770543,63
770544,79
770546,83
770549,74
770552,62
770553,82
770557,38
770562,73
770563,39
770567,74
770569,67
770573,72
770577,36
770578,73
770579,36
770584,45
770586,38
770587,41
770588,65
770589,43
770590,73
770592,39
770595,43
770596,74
770597,36
770598,85
770599,36
770601,40
770602,40
770603,81
770604,47
770606,35
770607,74
770608,39
770609,40
770610,83
770611,38
770614,36
770615,39
770616,39
770618,38
770620,37
770621,36
770623,37
770625,78
770627,50
770628,37
770630,38
770631,73
770632,56
770634,75
770639,58
770641,55
770642,46
770644,71
770646,52
770648,73
770650,64
770658,69
770660,53
770662,66
770664,53
770666,54
770670,69
770672,56
770676,49
770677,44
770678,53
770682,55
770684,52
770693,56
770695,77
770697,37
770704,63
770708,57
770709,40
770710,57
770712,57
770714,56
770717,41
770718,59
770719,38
770722,77
770726,53
770728,54
770730,52
770732,59
770733,73
770736,55
770740,70
770744,54
770745,45
770749,78
770750,38
770751,57
770752,37
770756,38
770758,37
770775,39
770778,50
770779,66
770781,53
770783,52
770784,53
770785,85
770788,76
770792,41
770793,53
770796,61
770799,43
770800,50
770804,48
770809,62
770810,57
770812,80
770813,46
770816,71
770818,54
770821,54
770823,81
770825,53
770827,62
770831,48
770833,55
770834,64
770835,39
770838,54
770843,49
770844,68
770845,40
770848,54
770850,78
770855,51
770861,50
770864,80
770865,49
770867,49
770868,55
770872,48
770873,63
770878,52
770879,56
770880,70
770882,46
770883,59
770885,81
770886,51
770887,68
770889,80
770890,70
770891,55
770892,74
770897,44
770899,75
770900,91
770902,56
770903,44
770905,61
770909,67
770910,61
770914,73
770915,62
770916,61
770918,65
770921,53
770923,37
770924,55
770930,70
770931,66
770932,55
770935,79
770936,42
770937,83
770939,74
770941,76
770942,55
770946,60
770947,84
770948,77
770950,40
770951,71
770952,63
770958,68
770959,71
770960,71
770961,87
770967,58
770968,86
770970,59
770971,53
770973,53
770974,86
770975,56
770977,44
770978,80
770979,51
770980,61
770981,64
770982,54
770984,50
770985,59
770989,52
770992,56
770994,59
770995,36
770996,64
770998,36
771000,60
771003,60
771006,61
771007,62
771008,62
771011,41
771016,58
771017,88
771020,81
771023,76
771024,58
771026,60
771028,47
771030,38
771033,43
771034,61
771035,57
771037,49
771038,61
771039,42
771041,61
771042,85
771043,44
771045,74
771047,65
771048,59
771049,54
771051,42
771052,75
771055,72
771058,57
771060,74
771061,41
771062,81
771063,71
771065,35
771066,61
771067,38
771068,54
771069,37
771070,45
771071,73
771074,80
771075,64
771078,59
771080,60
771081,68
771082,52
771084,75
771085,44
771086,68
771087,57
771089,42
771090,81
771091,37
771092,54
771093,42
771094,32
771096,69
771099,73
771101,47
771103,67
771104,33
771107,46
771109,55
771113,38
771117,65
771118,34
771121,33
771122,41
771127,54
771128,51
771138,70
771141,54
771142,59
771145,73
771146,52
771151,87
771152,49
771162,55
771165,44
771166,47
771182,65
771183,54
771186,53
771188,56
771194,56
771197,42
771198,57
771199,63
771201,60
771202,51
771205,51
771206,47
771207,74
771209,74
771210,55
771211,75
771213,46
771214,62
771221,66
771222,66
771223,49
771225,58
771230,54
771231,60
771232,54
771233,75
771234,59
771237,51
771240,51
771241,51
771243,52
771244,77
771246,77
771250,39
771251,57
771257,76
771261,84
771265,44
771266,73
771271,65
771282,44
771285,77
771287,41
771291,45
771294,62
771295,63
771298,50
771299,44
771304,69
771307,46
771308,46
771309,59
771314,45
771319,77
771320,52
771322,63
771324,44
771326,72
771331,58
771332,53
771336,49
771337,55
771340,49
771343,64
771346,83
771347,42
771348,51
771349,62
771351,60
771353,58
771357,78
771361,40
771363,66
771367,64
771371,66
771376,62
771378,68
771379,64
771382,54
771391,53
771399,55
771400,41
771409,49
771410,83
771411,53
771414,59
771415,72
771416,69
771418,47
771420,52
771423,54
771429,43
771434,54
771438,75
771441,56
771443,56
771444,53
771445,43
771446,77
771449,37
771450,68
771452,72
771459,71
771461,54
771463,64
771466,94
771469,72
771473,56
771481,84
771490,67
771491,58
771492,62
771493,67
771495,63
771497,48
771499,60
771506,48
771507,55
771508,61
771515,46
771517,45
771518,58
771519,50
771521,49
771524,66
771525,53
771526,60
771528,57
771529,52
771530,51
771531,61
771532,54
771533,47
771534,62
771538,64
771540,50
771543,72
771545,45
771546,56
771548,82
771554,88
771558,66
771559,40
771560,56
771561,62
771564,55
771567,58
771570,51
771571,38
771573,63
771575,52
771576,54
771578,52
771579,76
771581,58
771582,72
771585,76
771586,40
771589,59
771593,86
771594,65
771595,55
771596,45
771597,55
771598,58
771600,58
771601,76
771603,59
771606,53
771607,81
771613,59
771615,83
771618,56
771624,45
771627,43
771628,42
771630,70
771632,56
771633,55
771635,53
771637,53
771655,48
771677,63
771682,36
771685,55
771695,42
771697,37
771708,41
771716,40
771717,40
771719,77
771721,72
771722,57
771723,78
771725,46
771726,68
771734,67
771736,76
771739,53
771740,49
771742,52
771744,50
771754,41
771761,99
771770,47
771776,82
771778,75
771781,47
771782,56
771787,38
771791,58
771798,78
771799,38
771800,81
771804,54
771806,73
771808,60
771819,40
771820,55
771823,67
771830,69
771841,50
771844,67
771846,55
771853,53
771856,52
771863,53
771867,39
771869,53
771870,79
771876,86
771877,85
771880,92
771882,71
771884,79
771885,75
771888,68
771890,80
771893,50
771894,84
771902,78
771904,84
771908,75
771911,90
771912,70
771913,76
771916,80
771919,43
771924,41
771925,43
771933,73
771941,58
771943,97
771947,83
771949,77
771951,42
771956,72
771965,82
771966,93
771973,86
771975,87
771976,72
771981,86
771984,40
771986,40
771988,74
771998,43
772002,77
772004,99
772008,84
772010,82
772011,72
772014,69
772018,41
772019,81
772020,78
772024,82
772027,80
772028,76
772029,82
772032,86
772034,79
772040,39
772041,71
772044,77
772048,78
772056,82
772060,75
772062,82
772071,70
772072,68
772073,83
772074,78
772079,82
772088,81
772091,80
772094,80
772105,71
772108,64
772109,42
772118,41
772121,74
772123,78
772125,78
772126,69
772127,40
772128,74
772134,42
772135,53
772142,64
772146,79
772147,44
772148,82
772149,36
772151,65
772153,53
772154,66
772156,71
772158,62
772161,39
772163,76
772167,81
772171,76
772172,57
772177,44
772178,53
772184,77
772187,59
772190,70
772191,53
772199,54
772202,76
772203,53
772211,88
772214,65
772216,66
772218,90
772225,83
772235,78
772236,56
772237,74
772238,36
772244,43
772246,50
772247,86
772256,92
772263,51
772264,71
772265,75
772274,51
772280,36
772283,69
772286,64
772287,92
772291,81
772292,83
772293,102
772301,57
772302,75
772303,80
772306,37
772309,38
772312,75
772315,87
772316,80
772320,40
772321,98
772322,39
772323,40
772325,58
772326,41
772330,38
772331,59
772332,37
772333,36
772335,36
772337,70
772338,39
772341,67
772342,38
772343,90
772344,38
772346,61
772347,78
772348,43
772349,79
772352,40
772355,82
772357,76
772358,37
772359,52
772361,36
772362,59
772364,39
772366,36
772367,38
772368,54
772369,73
772370,45
772372,36
772374,77
772376,38
772378,37
772380,73
772381,69
772383,54
772384,78
772386,76
772391,52
772393,77
772403,68
772409,66
772411,69
772414,43
772419,72
772421,75
772424,73
772431,77
772432,46
772435,76
772438,63
772442,43
772445,82
772447,50
772450,39
772453,89
772455,37
772457,104
772459,72
772460,89
772462,82
772465,75
772466,58
772469,43
772470,88
772472,75
772474,94
772476,59
772477,87
772478,77
772480,53
772482,61
772486,77
772487,42
772488,59
772491,53
772492,38
772493,67
772499,95
772501,69
772505,62
772507,72
772508,49
772512,53
772514,54
772516,54
772519,63
772527,53
772529,57
772531,78
772533,55
772536,62
772537,55
772540,40
772542,37
772546,65
772547,37
772548,61
772549,55
772551,52
772552,37
772553,56
772554,39
772556,75
772557,82
772559,51
772565,37
772567,40
772569,59
772571,97
772573,65
772579,59
772581,55
772583,55
772586,57
772588,60
772591,73
772593,53
772595,62
772596,65
772598,51
772602,54
772604,45
772605,70
772607,52
772608,77
772610,56
772612,37
772613,42
772614,46
772618,54
772619,62
772620,63
772622,55
772629,59
772632,37
772634,47
772636,60
772639,57
772644,39
772648,51
772649,41
772650,56
772655,43
772660,58
772661,60
772663,74
772665,50
772667,65
772668,80
772670,50
772672,42
772673,68
772674,72
772675,56
772676,64
772677,52
772679,62
772680,76
772682,54
772684,36
772685,40
772686,52
772687,42
772689,72
772691,53
772694,55
772695,54
772696,56
772697,49
772698,55
772700,75
772701,58
772704,64
772708,72
772710,68
772712,48
772716,47
772721,46
772722,53
772723,64
772725,65
772728,49
772730,64
772732,49
772733,84
772734,49
772737,78
772739,52
772740,62
772742,60
772743,62
772746,56
772747,47
772750,74
772751,41
772752,60
772753,51
772755,65
772757,69
772758,53
772759,53
772760,58
772762,52
772763,76
772765,78
772767,35
772769,74
772770,87
772771,50
772772,88
772774,85
772775,45
772776,74
772778,74
772779,52
772780,44
772781,48
772782,50
772784,53
772785,68
772786,51
772787,77
772789,44
772790,67
772792,55
772794,74
772797,65
772799,45
772801,55
772805,50
772806,39
772809,51
772810,53
772811,84
772812,56
772814,67
772815,66
772816,38
772817,50
772819,72
772820,46
772821,78
772826,67
772831,35
772838,46
772841,59
772846,48
772850,68
772851,68
772853,62
772856,79
772858,73
772860,66
772862,65
772863,53
772866,75
772867,41
772868,49
772869,57
772870,71
772871,77
772873,77
772878,54
772879,62
772882,44
772884,49
772885,62
772886,65
772887,69
772888,41
772889,50
772890,61
772891,64
772892,83
772897,91
772899,80
772901,77
772902,53
772903,39
772913,53
772916,44
772919,64
772927,53
772930,79
772934,54
772944,40
772947,48
772950,53
772953,46
772954,72
772955,49
772957,71
772961,85
772962,63
772964,43
772971,54
772972,75
772973,44
772976,60
772977,58
772980,42
772981,73
772984,67
772985,68
772987,51
772989,45
772990,54
772991,45
772993,83
772994,51
772996,84
772997,84
773004,67
773015,52
773018,45
773022,55
773025,50
773026,61
773028,46
773033,78
773035,57
773036,38
773044,57
773046,54
773051,52
773052,63
773053,48
773061,48
773063,70
773068,48
773071,49
773075,68
773078,79
773080,51
773084,68
773086,56
773091,50
773095,65
773103,74
773105,76
773107,73
773108,51
773109,77
773114,56
773115,53
773116,54
773121,71
773123,55
773130,69
773134,61
773136,45
773142,55
773144,61
773146,62
773149,76
773151,50
773155,60
773156,44
773162,74
773163,64
773164,53
773165,45
773168,69
773169,52
773172,72
773175,44
773181,51
773182,57
773186,57
773187,49
773190,50
773192,90
773193,40
773197,82
773204,50
773206,70
773211,66
773212,50
773213,40
773215,67
773221,90
773225,65
773232,55
773240,70
773241,41
773242,60
773243,62
773246,52
773247,65
773248,53
773251,70
773255,56
773257,55
773259,55
773263,54
773266,79
773267,65
773270,54
773272,88
773273,56
773275,51
773277,62
773278,75
773279,58
773280,84
773282,53
773284,54
773285,74
773288,54
773289,54
773291,54
773292,79
773294,62
773295,65
773297,82
773299,69
773302,63
773304,57
773305,59
773308,56
773310,53
773311,60
773315,80
773316,59
773319,51
773320,57
773323,55
773324,54
773326,61
773332,55
773334,40
773335,60
773336,59
773338,82
773341,64
773342,81
773347,64
773348,54
773350,81
773354,65
773356,77
773358,53
773360,85
773364,76
773368,55
773369,60
773373,60
773374,63
773376,53
773377,63
773379,53
773382,58
773385,58
773387,59
773388,68
773391,56
773395,73
773399,73
773401,77
773403,64
773405,62
773406,53
773407,72
773408,57
773409,66
773422,40
773425,75
773430,48
773434,52
773438,75
773439,52
773442,70
773443,69
773444,72
773446,77
773449,47
773457,53
773465,69
773473,67
773477,59
773478,52
773483,56
773484,68
773485,78
773489,56
773498,82
773499,82
773505,51
773507,52
773508,74
773509,59
773511,55
773515,53
773516,47
773519,53
773520,83
773529,47
773532,70
773533,79
773536,53
773537,62
773538,75
773539,50
773541,52
773544,36
773546,46
773548,43
773549,48
773559,69
773560,67
773561,50
773562,36
773564,56
773572,40
773575,68
773579,60
773581,78
773583,50
773586,54
773587,56
773588,42
773589,53
773590,55
773591,55
773596,78
773598,61
773600,71
773602,38
773612,77
773614,48
773615,87
773616,40
773618,57
773623,54
773628,53
773632,46
773634,78
773639,88
773640,87
773648,93
773656,90
773657,60
773658,76
773659,77
773664,78
773666,78
773667,77
773671,41
773678,43
773679,72
773684,70
773686,73
773687,78
773689,43
773690,84
773691,43
773695,76
773700,43
773705,78
773707,70
773718,40
773720,66
773721,84
773723,77
773729,78
773732,72
773735,72
773741,63
773746,42
773749,70
773753,79
773757,91
773758,42
773759,75
773762,43
773764,72
773765,93
773773,86
773774,77
773775,73
773776,87
773777,72
773778,74
773780,68
773782,42
773783,81
773784,78
773785,93
773796,77
773801,82
773809,73
773810,74
773822,49
773825,84
773826,87
773830,43
773833,79
773834,79
773835,71
773838,91
773841,72
773842,41
773843,69
773846,83
773848,75
773853,86
773854,81
773860,68
773865,78
773870,76
773871,74
773873,71
773875,80
773878,70
773880,70
773882,78
773884,74
773885,84
773886,94
773890,77
773891,71
773892,39
773893,77
773904,52
773906,78
773910,76
773911,45
773912,61
773913,50
773915,93
773919,81
773920,67
773922,43
773924,101
773929,63
773931,63
773935,91
773937,84
773938,66
773943,45
773950,36
773951,67
773952,60
773956,37
773958,81
773962,59
773965,79
773967,63
773969,73
773974,36
773975,59
773978,58
773981,46
773984,80
773991,67
773992,70
773994,81
773998,39
773999,36
774004,74
774005,57
774006,38
774007,63
774008,37
774009,78
774010,42
774014,77
774023,64
774025,74
774030,62
774031,68
774033,88
774037,75
774039,85
774040,36
774045,77
774051,77
774053,65
774055,76
774059,54
774061,95
774062,61
774064,58
774068,86
774076,55
774078,53
774079,79
774080,38
774084,39
774085,95
774086,36
774089,36
774090,37
774095,79
774096,36
774097,58
774098,60
774099,73
774101,53
774103,71
774109,51
774119,85
774123,65
774125,66
774127,44
774129,41
774136,56
774137,37
774142,76
774145,75
774146,43
774148,43
774149,82
774150,90
774151,78
774153,75
774155,75
774159,76
774160,38
774164,88
774165,85
774168,51
774175,37
774183,54
774184,36
774186,67
774189,47
774196,81
774198,92
774203,86
774206,41
774208,64
774212,82
774214,51
774216,70
774217,51
774220,59
774222,84
774225,39
774230,38
774232,42
774237,41
774238,66
774241,54
774243,70
774246,72
774250,48
774252,66
774256,68
774258,53
774263,38
774264,75
774268,48
774278,39
774280,66
774282,45
774283,102
774285,72
774286,39
774288,64
774295,83
774297,38
774299,85
774300,38
774301,80
774303,78
774304,42
774308,43
774309,40
774311,71
774312,67
774314,38
774315,46
774318,72
774320,67
774326,79
774333,57
774335,93
774336,38
774337,92
774340,50
774341,45
774342,83
774345,43
774346,72
774348,53
774351,64
774352,41
774353,70
774354,39
774358,91
774360,41
774361,83
774362,38
774365,38
774367,42
774369,38
774370,75
774371,40
774372,76
774373,43
774374,89
774375,37
774377,38
774378,70
774379,74
774380,69
774382,76
774383,76
774384,83
774386,76
774387,74
774390,66
774392,38
774396,59
774399,46
774401,77
774403,39
774404,39
774408,42
774410,43
774411,55
774415,37
774417,72
774424,60
774427,40
774429,37
774433,41
774434,37
774438,44
774439,59
774440,44
774442,49
774445,46
774455,38
774457,69
774460,40
774467,62
774475,64
774477,42
774483,39
774485,56
774486,54
774487,41
774488,37
774490,38
774491,38
774493,39
774500,38
774509,45
774517,61
774518,69
774522,40
774526,37
774531,46
774534,40
774537,44
774538,40
774539,43
774540,43
774544,46
774548,44
774550,46
774553,45
774555,83
774558,46
774560,40
774566,65
774575,42
774581,39
774590,39
774591,38
774594,49
774598,78
774609,56
774611,44
774612,64
774620,37
774622,39
774623,37
774624,54
774625,37
774627,72
774630,76
774631,62
774632,41
774633,77
774635,53
774640,42
774647,52
774648,53
774651,62
774653,70
774654,77
774655,38
774656,84
774659,36
774660,52
774661,52
774662,75
774665,55
774666,75
774667,60
774668,41
774675,85
774676,41
774677,67
774679,52
774680,54
774681,64
774683,53
774685,78
774688,48
774689,58
774690,51
774691,42
774693,56
774694,38
774698,37
774702,45
774705,56
774707,76
774709,44
774710,95
774715,92
774716,60
774717,54
774718,37
774719,71
774722,84
774724,66
774725,46
774726,76
774727,72
774728,51
774729,56
774730,51
774731,67
774732,50
774736,66
774738,65
774745,44
774746,52
774747,37
774757,75
774758,44
774759,67
774760,53
774762,51
774765,57
774766,64
774767,56
774769,53
774770,52
774772,45
774775,77
774776,54
774778,56
774779,42
774782,70
774785,67
774787,40
774788,38
774790,38
774791,33
774792,39
774793,36
774794,50
774798,40
774799,71
774801,65
774802,55
774803,78
774805,55
774806,79
774807,68
774808,69
774809,51
774810,68
774812,85
774813,41
774814,58
774815,52
774818,80
774819,48
774820,77
774821,70
774822,53
774823,52
774825,46
774826,54
774828,70
774829,63
774830,54
774831,40
774832,58
774833,67
774836,52
774837,63
774839,59
774840,59
774843,50
774845,61
774848,74
774849,55
774851,72
774853,66
774856,54
774857,44
774860,76
774861,44
774862,50
774863,87
774864,52
774865,49
774866,75
774868,52
774869,51
774870,47
774871,64
774874,82
774875,54
774876,52
774879,46
774880,71
774881,52
774883,42
774885,47
774887,53
774888,44
774896,66
774897,31
774898,42
774905,48
774908,56
774910,50
774911,45
774915,41
774919,43
774922,69
774923,42
774924,55
774926,54
774927,40
774928,68
774929,58
774930,75
774931,42
774932,95
774933,46
774937,55
774938,64
774939,74
774944,53
774946,76
774953,43
774954,55
774955,61
774959,55
774961,41
774962,48
774966,82
774968,54
774969,51
774971,68
774972,58
774974,48
774976,74
774978,56
774980,45
774991,45
774994,61
774995,45
774996,51
774997,38
774998,45
775002,64
775004,55
775005,45
775008,90
775011,63
775012,87
775014,76
775015,56
775022,46
775031,84
775033,57
775034,40
775035,56
775039,47
775041,64
775042,51
775044,55
775048,69
775050,50
775051,49
775054,57
775059,89
775060,61
775063,52
775068,41
775072,70
775079,47
775082,46
775096,50
775097,53
775100,59
775107,95
775108,69
775110,47
775111,52
775114,59
775115,48
775121,81
775122,38
775123,56
775129,50
775134,59
775136,78
775138,51
775140,74
775144,58
775148,54
775150,56
775158,72
775159,45
775160,67
775161,83
775163,61
775165,38
775168,47
775174,47
775176,45
775180,42
775182,50
775183,52
775184,71
775185,53
775186,75
775188,42
775194,37
775197,57
775199,47
775202,56
775204,57
775206,71
775207,40
775208,38
775209,46
775218,68
775219,58
775220,43
775221,54
775225,45
775226,73
775227,51
775230,62
775231,54
775235,48
775236,62
775237,50
775238,42
775248,83
775249,38
775250,44
775256,57
775257,63
775259,70
775260,54
775263,55
775268,83
775269,43
775270,57
775271,85
775272,54
775273,43
775274,85
775275,80
775279,72
775280,44
775282,71
775283,46
775290,52
775292,74
775294,57
775295,71
775299,67
775303,43
775310,62
775315,52
775317,47
775324,42
775325,53
775328,47
775329,54
775331,67
775334,57
775338,54
775339,64
775340,47
775341,51
775342,80
775343,57
775345,55
775348,45
775353,55
775354,46
775356,40
775358,68
775360,42
775370,44
775374,63
775377,45
775378,87
775382,88
775386,80
775393,56
775398,84
775403,55
775404,62
775415,39
775419,60
775426,52
775427,52
775429,46
775436,48
775443,67
775444,50
775447,65
775450,39
775453,39
775455,40
775461,50
775465,58
775468,42
775469,74
775470,42
775471,94
775473,56
775476,44
775477,66
775482,46
775485,67
775486,48
775488,56
775491,58
775492,47
775493,50
775495,46
775498,53
775500,64
775501,43
775502,53
775506,54
775510,55
775512,75
775514,56
775524,68
775525,51
775529,68
775532,49
775533,76
775542,86
775544,59
775549,55
775562,51
775563,49
775579,57
775581,59
775585,92
775586,44
775587,87
775594,61
775598,53
775599,71
775604,74
775605,77
775606,45
775607,48
775611,75
775613,50
775614,50
775617,52
775624,81
775625,58
775627,78
775635,57
775664,36
775666,82
775672,57
775678,78
775685,88
775687,79
775689,64
775690,81
775691,75
775692,81
775698,92
775700,42
775706,36
775707,86
775712,63
775714,82
775718,77
775720,89
775721,77
775725,77
775726,53
775732,36
775735,37
775736,75
775742,68
775744,38
775746,41
775752,62
775753,78
775754,39
775761,46
775762,48
775766,75
775770,75
775776,67
775778,36
775782,40
775784,36
775788,36
775789,49
775794,71
775798,81
775805,67
775807,95
775808,84
775809,93
775810,78
775815,90
775817,76
775818,90
775819,52
775820,86
775821,73
775822,67
775823,40
775826,63
775828,42
775833,79
775835,77
775841,79
775842,78
775847,74
775849,80
775853,91
775855,74
775860,55
775864,39
775869,58
775878,42
775882,52
775890,69
775891,41
775894,56
775897,39
775899,37
775901,36
775902,74
775903,40
775906,68
775909,40
775910,67
775911,40
775914,38
775916,36
775917,63
775918,39
775919,36
775921,37
775923,39
775924,78
775926,36
775927,39
775930,86
775931,36
775932,72
775933,36
775937,54
775938,42
775939,76
775945,71
775949,69
775950,81
775953,51
775961,77
775962,42
775968,36
775970,41
775971,45
775972,77
775974,46
775976,75
775977,53
775980,39
775981,91
775983,93
775985,60
775988,71
775990,61
775991,79
775993,73
775995,36
775997,36
775998,36
776003,79
776005,88
776006,38
776008,39
776009,70
776010,62
776011,78
776014,70
776016,36
776017,39
776019,53
776020,36
776023,86
776030,37
776032,38
776033,77
776034,39
776038,36
776041,84
776044,39
776046,38
776047,74
776050,74
776053,60
776055,71
776057,66
776059,79
776061,78
776063,74
776067,74
776069,69
776076,68
776077,79
776080,82
776083,41
776085,60
776088,39
776092,42
776099,46
776100,78
776102,82
776106,36
776107,73
776109,36
776110,73
776112,62
776113,36
776114,84
776116,79
776118,36
776119,39
776121,36
776127,54
776128,55
776129,58
776130,56
776134,54
776135,43
776142,57
776144,70
776148,55
776152,66
776154,70
776157,93
776158,83
776159,52
776160,74
776162,75
776167,48
776176,53
776177,38
776178,55
776180,74
776183,81
776188,88
776190,78
776191,38
776192,81
776196,67
776197,90
776200,61
776201,62
776203,77
776204,61
776206,71
776207,79
776211,37
776213,51
776215,53
776216,38
776218,58
776219,60
776221,54
776222,41
776223,73
776230,47
776231,50
776235,58
776238,97
776240,90
776242,62
776244,93
776247,62
776248,66
776254,47
776255,66
776257,75
776264,75
776265,45
776268,58
776269,37
776271,47
776273,75
776274,38
776280,68
776282,44
776283,81
776284,74
776285,56
776286,50
776288,78
776290,40
776292,92
776293,75
776294,70
776296,65
776298,70
776302,74
776307,78
776317,61
776319,79
776321,71
776325,66
776335,78
776337,50
776338,44
776343,69
776344,45
776345,75
776346,78
776350,62
776352,82
776353,63
776354,55
776358,64
776361,68
776363,42
776364,90
776369,37
776370,38
776371,80
776372,37
776374,41
776388,38
776392,43
776393,70
776400,39
776411,40
776413,54
776421,40
776422,40
776425,37
776426,42
776428,38
776429,38
776431,37
776439,37
776441,74
776445,69
776448,37
776459,52
776461,37
776470,62
776474,65
776477,37
776479,67
776481,57
776484,78
776490,44
776504,41
776515,76
776524,44
776527,48
776533,35
776536,47
776539,62
776546,53
776552,76
776553,73
776555,78
776559,65
776561,71
776563,53
776564,49
776573,66
776577,45
776578,50
776582,40
776589,78
776591,74
776594,40
776596,33
776602,66
776616,43
776617,41
776619,47
776620,50
776622,82
776623,83
776625,67
776627,75
776628,64
776631,71
776632,62
776633,54
776635,42
776636,65
776637,55
776638,56
776639,58
776641,50
776643,57
776644,50
776645,42
776646,60
776647,44
776648,85
776649,60
776650,46
776652,65
776653,69
776658,43
776659,59
776663,38
776665,52
776668,78
776669,46
776670,51
776672,57
776673,76
776675,47
776677,74
776678,42
776679,74
776681,88
776683,68
776686,61
776687,50
776689,57
776693,50
776694,39
776695,76
776697,37
776698,83
776700,70
776701,62
776702,76
776703,45
776706,33
776707,80
776708,90
776711,56
776713,51
776715,72
776716,52
776717,72
776718,42
776719,54
776720,42
776724,46
776725,67
776726,40
776727,36
776728,57
776730,65
776734,40
776736,31
776738,78
776739,71
776740,73
776742,71
776744,70
776746,63
776747,82
776748,43
776750,53
776753,46
776754,71
776755,68
776756,47
776757,53
776760,51
776761,52
776763,61
776764,47
776765,65
776769,53
776774,61
776776,38
776777,45
776778,38
776781,55
776783,48
776784,41
776787,53
776789,33
776791,35
776792,56
776794,41
776795,56
776798,78
776800,42
776801,73
776804,44
776809,81
776811,50
776812,62
776813,42
776814,49
776815,35
776816,35
776817,53
776818,45
776819,57
776820,54
776821,54
776822,48
776824,43
776826,37
776828,65
776830,61
776831,53
776832,69
776833,73
776834,75
776835,65
776837,65
776839,38
776840,63
776842,76
776844,42
776845,77
776848,73
776851,70
776852,41
776853,60
776855,65
776856,41
776860,68
776861,84
776862,51
776863,61
776864,81
776865,61
776866,55
776867,70
776871,57
776872,47
776875,39
776876,80
776882,82
776885,77
776887,57
776888,49
776889,44
776897,45
776902,87
776907,57
776911,56
776913,53
776917,55
776923,76
776925,50
776926,64
776928,48
776930,72
776932,62
776934,64
776941,54
776942,87
776943,71
776945,76
776946,52
776948,51
776949,58
776951,78
776952,59
776956,53
776958,46
776959,52
776961,55
776968,51
776972,51
776973,54
776975,76
776976,77
776979,53
776981,54
776982,44
776984,81
776985,75
776986,60
776988,71
776990,69
776994,59
776996,70
776999,57
777002,54
777004,67
777005,79
777006,59
777008,80
777009,52
777010,66
777011,54
777012,47
777015,55
777020,54
777021,45
777022,80
777023,59
777028,53
777031,69
777036,54
777038,79
777039,48
777042,53
777047,46
777049,46
777050,53
777055,43
777056,51
777059,45
777064,58
777066,49
777067,91
777070,74
777071,51
777072,70
777075,50
777076,41
777078,43
777079,44
777080,72
777082,49
777084,54
777085,73
777092,68
777093,52
777101,91
777102,52
777103,47
777106,57
777108,46
777111,64
777112,76
777124,50
777130,73
777132,41
777134,64
777135,71
777138,74
777141,52
777142,57
777143,68
777144,45
777146,72
777151,77
777152,45
777162,75
777166,81
777168,50
777173,47
777175,37
777177,71
777180,79
777184,85
777188,56
777189,54
777192,62
777201,74
777204,80
777206,55
777207,65
777208,52
777214,77
777216,75
777217,55
777219,46
777227,65
777229,49
777232,49
777234,66
777236,58
777237,49
777241,80
777245,106
777246,41
777247,41
777250,48
777251,71
777252,48
777253,49
777254,82
777257,69
777260,38
777262,72
777264,48
777265,42
777267,42
777275,42
777278,38
777279,68
777285,61
777293,58
777296,50
777301,40
777309,61
777310,76
777311,54
777318,55
777321,78
777325,57
777327,64
777329,78
777332,46
777339,84
777349,65
777355,57
777358,75
777361,36
777371,39
777384,80
777386,76
777387,41
777392,73
777395,79
777397,36
777401,85
777403,81
777404,58
777415,91
777423,42
777425,40
777427,66
777429,43
777431,36
777432,37
777433,36
777434,70
777435,36
777436,37
777443,75
777449,81
777452,73
777457,40
777461,74
777463,62
777464,56
777466,95
777467,75
777471,71
777475,81
777477,44
777478,75
777485,96
777487,45
777488,63
777491,77
777493,72
777498,43
777503,83
777507,62
777516,93
777518,77
777523,74
777527,36
777528,37
777530,36
777531,77
777533,37
777535,40
777536,36
777540,36
777541,36
777546,75
777547,77
777550,42
777552,37
777553,40
777561,43
777563,42
777565,62
777566,91
777567,36
777571,58
777575,45
777576,41
777577,46
777578,80
777580,52
777581,36
777583,85
777584,78
777588,33
777590,75
777594,50
777597,70
777600,41
777601,79
777604,39
777605,77
777609,72
777611,36
777613,36
777615,82
777616,36
777618,40
777619,41
777620,76
777622,36
777624,39
777630,76
777631,36
777633,38
777634,38
777635,90
777636,36
777638,60
777639,41
777640,60
777642,65
777643,37
777645,37
777646,95
777648,74
777649,37
777650,39
777651,39
777653,38
777654,54
777655,39
777659,37
777660,84
777661,38
777662,87
777663,36
777664,76
777665,40
777667,53
777668,74
777669,40
777670,36
777671,71
777675,36
777676,96
777677,37
777678,59
777680,64
777681,39
777684,36
777686,80
777689,39
777690,38
777691,83
777694,78
777696,62
777697,39
777699,77
777700,39
777702,39
777708,39
777709,73
777712,85
777717,91
777720,83
777723,49
777726,89
777729,38
777730,53
777731,36
777732,75
777735,40
777736,71
777737,84
777738,45
777740,46
777741,53
777742,42
777743,43
777744,54
777745,80
777746,49
777747,76
777750,85
777752,88
777755,44
777756,76
777757,42
777759,62
777762,72
777764,64
777766,59
777769,75
777770,54
777771,80
777773,68
777775,80
777777,67
777779,74
777780,62
777782,75
777783,66
777784,65
777793,44
777795,54
777796,67
777799,69
777802,51
777805,74
777806,58
777809,81
777810,38
777812,52
777813,53
777816,77
777820,77
777822,80
777823,62
777824,78
777826,73
777828,63
777830,70
777832,56
777842,72
777843,92
777845,85
777846,39
777855,91
777857,76
777860,37
777862,38
777865,38
777867,43
777868,39
777869,40
777871,62
777874,75
777875,43
777876,37
777878,38
777879,78
777882,38
777883,38
777884,40
777886,38
777894,38
777895,53
777897,38
777898,40
777899,37
777900,39
777902,37
777903,40
777904,38
777911,88
777914,40
777915,40
777917,41
777919,41
777920,38
777922,40
777925,42
777927,37
777928,39
777929,67
777930,58
777931,56
777933,40
777936,48
777940,47
777942,54
777943,73
777949,78
777955,37
777958,37
777959,78
777962,40
777964,38
777965,43
777967,37
777968,98
777969,82
777972,37
777974,45
777983,50
777994,78
777996,53
777998,37
778003,89
778004,69
778009,62
778018,60
778024,45
778027,43
778028,79
778031,80
778032,64
778037,53
778039,60
778047,55
778056,55
778062,63
778068,46
778069,57
778071,66
778073,53
778075,55
778076,77
778079,56
778084,57
778093,71
778094,60
778095,42
778100,62
778105,37
778106,57
778108,38
778115,75
778116,37
778117,44
778118,61
778122,73
778123,38
778124,45
778125,39
778126,56
778129,69
778132,38
778135,52
778145,42
778146,37
778147,51
778150,53
778160,49
778161,71
778167,66
778175,64
778182,56
778188,38
778190,44
778194,42
778199,55
778202,77
778203,52
778207,90
778213,44
778215,46
778220,79
778221,65
778225,60
778227,43
778230,58
778236,38
778237,56
778238,43
778249,38
778250,39
778252,40
778254,65
778255,45
778258,72
778280,64
778282,41
778283,42
778301,63
778304,61
778306,70
778307,59
778312,41
778314,38
778316,49
778318,38
778328,64
778333,46
778338,48
778345,38
778355,38
778357,53
778358,74
778361,55
778365,73
778367,40
778368,71
778374,56
778375,41
778377,39
778378,72
778380,56
778381,46
778382,41
778383,50
778384,50
778385,67
778386,69
778389,55
778390,72
778392,59
778394,65
778395,77
778397,43
778400,74
778401,56
778402,79
778403,41
778405,40
778406,73
778411,69
778415,77
778416,42
778419,62
778420,102
778422,79
778423,56
778425,41
778426,78
778427,52
778429,50
778430,67
778435,48
778436,47
778437,83
778439,48
778441,51
778446,46
778447,85
778448,44
778450,42
778452,53
778457,66
778459,70
778461,61
778462,63
778465,66
778469,50
778470,54
778472,61
778475,71
778476,62
778477,54
778479,68
778480,77
778486,74
778491,43
778494,72
778496,70
778498,71
778500,44
778502,43
778503,70
778504,42
778505,42
778508,55
778509,40
778510,78
778513,50
778514,40
778517,36
778518,71
778519,44
778522,58
778523,49
778524,81
778526,44
778532,60
778534,68
778537,75
778540,76
778541,71
778542,71
778543,40
778545,80
778547,76
778550,54
778551,49
778555,84
778556,60
778557,69
778558,58
778560,43
778561,86
778563,63
778564,84
778566,60
778567,78
778568,73
778569,64
778571,74
778574,56
778575,65
778576,70
778577,40
778578,87
778579,41
778580,57
778582,77
778585,82
778586,66
778587,55
778588,50
778589,71
778592,67
778596,82
778599,65
778601,50
778608,74
778609,42
778615,61
778616,81
778617,48
778619,79
778620,48
778621,53
778622,86
778623,56
778625,58
778627,58
778632,78
778634,53
778636,53
778639,75
778640,77
778643,74
778644,53
778645,45
778646,55
778648,68
778657,55
778658,70
778659,52
778660,72
778662,49
778664,62
778669,52
778670,68
778674,54
778675,54
778676,80
778678,71
778681,56
778682,76
778683,61
778684,49
778686,72
778688,44
778689,60
778692,52
778693,54
778694,87
778698,56
778703,47
778704,65
778705,73
778707,49
778708,75
778718,53
778719,55
778721,56
778723,58
778727,64
778730,57
778731,55
778734,57
778735,71
778738,51
778739,61
778741,86
778747,56
778749,52
778752,41
778753,55
778756,54
778765,66
778772,43
778775,81
778783,44
778789,66
778795,58
778803,47
778807,63
778814,65
778816,45
778819,61
778820,44
778821,76
778823,52
778828,61
778829,66
778830,55
778831,54
778835,50
778836,48
778838,59
778841,51
778843,70
778844,50
778846,80
778847,58
778851,53
778853,85
778854,44
778857,56
778861,54
778872,64
778874,41
778876,54
778878,42
778882,66
778883,48
778884,46
778885,56
778886,48
778888,66
778890,40
778892,62
778898,68
778899,41
778902,46
778907,70
778911,50
778913,50
778915,56
778920,64
778923,51
778924,53
778931,99
778936,45
778937,62
778939,88
778942,55
778945,39
778954,90
778959,64
778961,55
778962,40
778965,65
778966,74
778967,74
778971,49
778973,47
778974,66
778980,74
778981,46
778990,72
778991,65
778997,79
778998,65
779001,60
779004,66
779005,76
779007,38
779010,76
779012,42
779014,50
779019,48
779021,77
779024,60
779028,49
779031,72
779041,80
779049,75
779062,60
779064,77
779073,76
779079,44
779080,78
779083,53
779084,69
779090,76
779093,62
779096,77
779098,77
779108,71
779109,85
779111,90
779113,80
779114,88
779116,62
779118,45
779119,49
779120,53
779123,78
779127,56
779128,66
779130,36
779132,58
779140,68
779142,71
779143,73
779144,62
779152,71
779153,52
779154,63
779155,52
779157,87
779160,82
779162,77
779164,68
779165,60
779167,80
779168,37
779169,61
779170,73
779172,36
779173,77
779176,64
779178,72
779180,68
779181,86
779184,65
779185,58
779186,47
779187,59
779188,99
779189,72
779191,57
779193,73
779195,54
779198,51
779202,74
779203,41
779205,61
779207,98
779208,72
779209,92
779210,72
779213,58
779215,71
779218,73
779220,78
779223,72
779226,76
779228,44
779230,65
779231,82
779233,64
779234,82
779239,68
779242,68
779244,78
779246,72
779247,68
779250,85
779261,75
779263,65
779265,78
779272,71
779274,74
779276,81
779280,38
779281,79
779283,89
779286,68
779287,80
779288,71
779299,65
779301,60
779311,47
779316,68
779319,36
779325,66
779335,64
779336,45
779341,59
779347,44
779348,75
779357,97
779358,39
779360,63
779361,39
779362,36
779363,64
779365,56
779367,37
779371,58
779373,80
779375,39
779377,37
779378,72
779379,39
779384,74
779387,39
779388,91
779389,37
779390,50
779391,36
779392,52
779394,68
779396,78
779400,88
779401,40
779402,53
779404,38
779406,36
779407,79
779408,36
779410,36
779412,39
779413,81
779414,38
779416,36
779418,39
779419,81
779423,36
779424,36
779425,89
779426,91
779427,38
779428,58
779432,36
779436,44
779438,63
779440,42
779441,78
779442,42
779444,39
779445,85
779446,39
779447,83
779459,80
779463,62
779468,63
779471,58
779475,69
779477,58
779478,62
779479,56
779480,54
779483,72
779486,48
779488,38
779489,70
779490,37
779491,50
779492,38
779494,36
779495,67
779497,70
779498,39
779499,39
779502,62
779503,37
779505,80
779506,37
779507,37
779508,78
779511,36
779512,39
779514,55
779516,37
779517,79
779518,36
779520,36
779521,39
779523,71
779524,36
779525,87
779527,36
779532,51
779534,36
779535,51
779537,84
779538,36
779541,36
779542,88
779543,39
779545,36
779547,39
779549,40
779550,81
779551,39
779552,99
779553,39
779555,45
779556,78
779557,38
779558,61
779559,40
779562,57
779564,40
779568,39
779569,61
779570,39
779571,78
779574,37
779576,37
779577,62
779580,36
779584,97
779585,36
779586,78
779587,36
779588,54
779589,37
779590,78
779595,48
779596,77
779597,36
779600,39
779602,66
779603,39
779605,67
779606,82
779610,52
779613,39
779615,39
779620,97
779621,40
779623,38
779627,40
779629,40
779630,38
779631,94
779632,38
779633,40
779634,40
779640,37
779642,39
779643,49
779644,41
779645,41
779646,65
779647,39
779648,38
779652,38
779653,61
779660,38
779663,38
779666,38
779669,41
779672,38
779674,40
779676,39
779677,39
779679,41
779680,37
779683,40
779686,55
779687,74
779689,58
779690,38
779691,38
779693,85
779695,44
779696,86
779697,52
779698,90
779699,39
779702,58
779705,40
779706,62
779707,39
779709,89
779711,70
779712,41
779713,66
779715,60
779716,38
779718,40
779719,55
779720,39
779721,70
779722,39
779723,66
779725,40
779727,60
779728,40
779729,37
779731,57
779732,40
779735,70
779736,40
779738,47
779740,39
779741,81
779745,51
779749,49
779750,71
779751,49
779753,73
779756,59
779757,57
779758,82
779761,54
779762,57
779766,68
779770,71
779772,57
779778,58
779779,40
779780,42
779781,59
779783,40
779786,55
779788,59
779791,62
779794,78
779795,74
779796,73
779797,78
779798,44
779799,65
779800,38
779803,60
779805,55
779808,63
779810,68
779812,77
779813,44
779814,69
779816,38
779828,39
779832,64
779833,68
779834,41
779835,54
779839,49
779840,58
779842,55
779849,63
779851,62
779855,68
779856,49
779857,50
779858,55
779863,65
779865,53
779871,53
779875,37
779880,36
779892,46
779896,72
779899,56
779902,43
779908,83
779912,77
779921,44
779923,37
779926,58
779927,42
779929,37
779945,38
779949,38
779952,54
779953,46
779962,46
779965,58
779967,57
779974,60
779979,55
779981,56
779985,41
779986,78
779997,55
779998,52
780000,51
780007,43
780009,36
780012,37
780026,37
780028,92
780032,41
780037,52
780059,76
780061,79
780062,38
780069,40
780072,75
780081,85
780083,46
780085,41
780086,66
780089,73
780090,41
780091,83
780094,49
780097,78
780102,89
780104,60
780106,57
780111,86
780112,38
780114,59
780117,60
780118,53
780120,53
780124,78
780129,48
780130,64
780131,60
780133,78
780136,50
780137,36
780138,79
780139,62
780140,76
780141,41
780143,97
780144,48
780145,58
780146,69
780149,72
780153,79
780158,36
780165,73
780167,39
780170,64
780171,84
780172,57
780173,70
780175,76
780176,50
780177,69
780179,40
780184,83
780185,63
780193,49
780197,48
780198,79
780199,68
780203,78
780207,54
780210,52
780212,65
780213,82
780215,40
780216,71
780217,41
780219,59
780220,86
780221,62
780223,79
780224,70
780231,54
780232,58
780233,50
780234,72
780235,58
780236,67
780237,50
780241,54
780242,43
780245,70
780248,43
780249,56
780250,61
780253,57
780254,56
780255,40
780257,42
780258,40
780260,44
780263,77
780264,82
780267,66
780271,51
780274,63
780275,60
780276,75
780277,92
780278,42
780280,73
780281,70
780282,49
780285,76
780287,80
780292,63
780293,62
780294,47
780297,62
780298,41
780299,61
780300,48
780305,54
780306,61
780308,66
780309,82
780310,60
780311,81
780312,45
780313,67
780314,65
780315,43
780316,73
780320,51
780322,65
780323,42
780324,84
780327,48
780328,44
780333,59
780334,54
780336,75
780338,63
780339,44
780342,77
780343,69
780347,54
780348,48
780349,44
780351,51
780353,54
780354,81
780355,72
780356,66
780358,69
780359,53
780362,56
780363,44
780365,64
780366,55
780367,47
780369,65
780371,76
780373,67
780374,68
780375,48
780377,48
780379,65
780383,61
780384,46
780385,72
780386,61
780387,68
780391,63
780395,63
780396,52
780402,77
780411,64
780413,74
780414,61
780416,59
780418,57
780422,66
780428,52
780429,60
780431,51
780437,50
780440,46
780441,60
780444,63
780449,56
780450,76
780451,47
780452,56
780457,52
780464,47
780465,70
780468,52
780469,50
780470,40
780474,52
780475,77
780477,52
780480,52
780481,51
780483,51
780486,51
780487,71
780488,51
780491,53
780495,52
780496,49
780499,79
780500,55
780501,52
780502,51
780504,53
780505,51
780508,56
780510,49
780513,49
780515,49
780518,61
780519,48
780520,71
780522,54
780525,65
780528,51
780530,68
780531,49
780534,76
780536,66
780538,60
780539,50
780542,74
780547,67
780550,54
780551,77
780552,63
780557,44
780558,54
780561,55
780566,57
780567,66
780568,67
780573,58
780574,76
780575,44
780576,56
780578,89
780580,71
780583,55
780584,57
780585,58
780586,69
780588,40
780589,55
780590,53
780591,77
780595,52
780596,57
780597,58
780599,44
780601,49
780603,58
780605,58
780610,55
780613,69
780615,71
780618,51
780621,42
780622,67
780624,53
780625,49
780626,73
780628,48
780630,53
780631,69
780641,45
780644,51
780646,53
780655,48
780656,47
780658,69
780663,39
780665,51
780667,54
780668,44
780676,55
780683,69
780686,64
780687,54
780689,67
780691,47
780697,58
780701,75
780702,49
780703,50
780706,44
780708,51
780710,44
780717,51
780718,72
780724,45
780725,61
780726,46
780730,65
780731,49
780736,42
780738,53
780759,47
780761,46
780763,49
780770,53
780772,59
780773,47
780774,41
780777,54
780778,59
780781,61
780784,40
780786,48
780787,59
780790,56
780796,45
780799,74
780806,80
780808,49
780809,82
780814,62
780820,56
780823,73
780824,46
780828,41
780832,49
780833,47
780851,64
780852,47
780853,81
780865,39
780867,70
780868,38
780873,68
780881,81
780882,63
780886,86
780889,43
780890,56
780892,54
780893,80
780894,41
780899,83
780903,94
780904,47
780910,96
780912,76
780914,91
780916,92
780926,84
780931,89
780933,40
780935,37
780936,88
780941,80
780944,57
780949,67
780952,73
780959,52
780960,43
780963,67
780964,58
780965,41
780969,72
780971,51
780975,51
780976,79
780987,79
780988,70
780990,57
780997,78
780999,83
781002,67
781007,72
781008,51
781010,64
781012,62
781013,65
781016,83
781023,50
781024,62
781025,61
781026,66
781028,71
781033,43
781036,70
781037,61
781038,36
781042,68
781044,76
781047,71
781053,71
781055,65
781058,38
781060,60
781064,36
781067,53
781068,55
781070,50
781071,36
781072,48
781073,71
781074,69
781076,36
781077,69
781083,67
781086,87
781087,49
781089,69
781092,52
781095,67
781097,70
781100,73
781101,50
781102,84
781104,68
781107,69
781108,38
781109,36
781110,52
781111,38
781113,80
781115,82
781116,36
781117,91
781119,98
781120,39
781122,38
781124,37
781126,36
781127,83
781130,36
781132,39
781133,71
781134,38
781137,37
781138,81
781139,36
781140,97
781141,37
781142,50
781143,36
781145,36
781147,36
781148,90
781149,36
781150,79
781151,37
781152,64
781153,38
781154,36
781155,50
781156,38
781157,100
781158,38
781159,40
781160,69
781161,38
781163,38
781164,79
781166,82
781170,60
781171,41
781172,78
781173,41
781175,40
781176,64
781179,77
781182,79
781188,62
781189,80
781193,83
781194,45
781195,100
781199,87
781206,80
781207,41
781210,78
781213,41
781215,60
781217,39
781221,36
781222,61
781223,75
781226,64
781227,37
781228,64
781230,37
781231,71
781232,36
781233,92
781234,39
781236,35
781237,78
781238,36
781240,45
781241,87
781243,88
781246,37
781249,36
781254,36
781257,37
781258,67
781259,38
781260,78
781261,36
781262,86
781263,37
781264,88
781265,36
781266,67
781267,36
781272,36
781275,54
781276,37
781277,64
781280,38
781282,36
781284,78
781285,96
781287,78
781288,37
781289,57
781290,38
781291,72
781294,36
781295,76
781297,36
781302,71
781304,36
781306,36
781307,59
781309,61
781313,36
781316,40
781318,37
781319,36
781320,80
781321,37
781322,84
781323,37
781324,86
781325,36
781326,64
781327,40
781328,83
781329,36
781331,37
781332,39
781334,36
781335,54
781336,36
781340,39
781341,79
781342,36
781344,38
781345,61
781346,36
781347,79
781349,79
781350,36
781351,75
781352,37
781354,36
781355,66
781356,38
781357,71
781358,35
781359,62
781362,93
781365,47
781371,38
781373,38
781375,38
781376,52
781377,39
781380,56
781381,37
781383,68
781385,41
781386,39
781387,73
781389,67
781390,37
781391,51
781392,43
781393,37
781394,63
781395,38
781396,70
781398,66
781400,54
781401,37
781402,75
781404,40
781405,53
781408,79
781409,73
781410,65
781411,80
781413,67
781414,54
781415,54
781416,41
781417,55
781418,40
781419,64
781420,39
781421,54
781424,40
781425,70
781426,35
781428,40
781429,40
781432,37
781433,38
781436,38
781442,40
781445,40
781449,40
781450,37
781454,39
781455,41
781456,82
781458,81
781464,42
781465,63
781469,62
781471,53
781478,42
781479,56
781484,47
781489,45
781490,44
781491,55
781493,56
781497,41
781521,43
781523,71
781529,40
781531,49
781535,42
781545,43
781549,41
781550,53
781551,65
781552,39
781553,48
781555,41
781561,43
781567,39
781571,50
781578,37
781583,37
781585,31
781591,72
781594,60
781602,44
781607,40
781608,60
781611,48
781617,84
781627,47
781630,47
781637,83
781643,41
781648,38
781655,35
781658,38
781661,39
781667,50
781676,53
781680,37
781682,39
781685,66
781688,39
781689,75
781690,40
781691,41
781694,75
781697,56
781699,49
781702,59
781711,45
781712,38
781715,40
781716,80
781717,49
781721,37
781731,41
781735,58
781745,38
781749,61
781752,54
781757,46
781761,39
781768,93
781769,51
781770,44
781771,38
781772,48
781773,38
781777,46
781780,40
781781,52
781787,55
781788,69
781791,61
781795,58
781797,49
781799,37
781801,94
781807,56
781818,44
781820,56
781825,41
781831,39
781834,42
781840,75
781850,74
781853,58
781856,47
781859,66
781861,50
781862,51
781872,78
781874,52
781875,72
781876,80
781877,72
781881,66
781882,59
781888,68
781890,62
781892,57
781893,79
781894,47
781895,86
781896,71
781897,56
781899,85
781904,71
781907,44
781926,64
781937,41
781947,56
781948,77
781949,42
781953,83
781955,58
781959,70
781962,65
781966,78
781969,48
781978,74
781979,51
781981,42
781985,40
781995,55
782001,78
782005,36
782007,55
782015,80
782016,76
782026,67
782029,68
782030,52
782031,60
782032,38
782033,89
782034,37
782036,62
782037,63
782042,56
782044,61
782045,49
782046,41
782047,62
782050,66
782054,76
782055,81
782056,64
782059,67
782062,67
782064,52
782066,87
782067,70
782068,54
782069,46
782071,61
782072,57
782075,75
782076,43
782077,56
782078,74
782079,68
782080,42
782081,70
782085,67
782087,79
782088,38
782091,72
782092,49
782093,54
782095,38
782096,68
782097,52
782098,73
782099,52
782100,80
782101,43
782102,56
782103,76
782105,51
782107,39
782108,70
782109,59
782112,68
782113,73
782114,68
782115,73
782117,41
782128,45
782133,42
782135,46
782141,76
782143,36
782148,73
782154,61
782157,37
782160,39
782167,38
782168,37
782170,39
782173,53
782181,80
782184,50
782185,43
782188,79
782191,55
782193,36
782197,56
782202,74
782203,39
782211,71
782222,42
782223,79
782226,77
782233,77
782242,70
782254,55
782256,52
782261,63
782262,56
782264,41
782265,83
782269,44
782272,52
782276,69
782277,41
782278,58
782279,69
782280,42
782281,71
782285,65
782287,94
782290,44
782291,82
782296,91
782299,45
782301,44
782306,46
782308,69
782309,65
782314,75
782316,39
782317,70
782318,76
782320,76
782321,75
782322,68
782325,79
782326,42
782330,54
782331,55
782333,44
782334,81
782335,46
782336,60
782340,97
782347,73
782351,60
782358,60
782359,57
782360,73
782363,60
782367,67
782372,59
782391,44
782392,52
782400,74
782403,74
782404,43
782410,69
782414,55
782427,73
782428,71
782432,71
782435,55
782437,41
782439,41
782441,40
782444,71
782445,50
782446,37
782448,54
782449,70
782450,79
782452,39
782460,60
782462,57
782464,70
782465,63
782467,46
782470,79
782473,60
782477,48
782478,77
782484,75
782490,70
782491,39
782492,72
782503,45
782504,50
782508,50
782509,59
782510,49
782529,55
782530,50
782533,50
782542,64
782548,46
782550,61
782552,57
782559,51
782561,48
782562,50
782565,85
782567,74
782573,45
782575,42
782579,74
782581,62
782583,54
782584,80
782587,73
782588,54
782590,59
782592,83
782594,71
782596,48
782598,79
782599,40
782603,96
782604,49
782606,49
782613,58
782615,63
782616,66
782619,58
782624,76
782625,65
782628,72
782631,66
782642,58
782645,44
782651,78
782658,43
782660,70
782661,39
782666,60
782667,56
782670,49
782671,73
782674,65
782676,50
782678,65
782679,40
782683,82
782686,82
782690,77
782693,88
782695,85
782696,40
782697,73
782698,43
782707,91
782709,85
782711,79
782713,77
782717,87
782724,82
782729,89
782732,81
782734,87
782740,82
782742,73
782745,76
782746,83
782747,45
782749,66
782750,71
782752,83
782754,68
782758,52
782760,45
782767,45
782768,61
782770,54
782773,38
782774,67
782777,79
782779,70
782787,80
782789,68
782790,69
782797,53
782799,71
782802,85
782817,69
782826,52
782829,53
782832,64
782834,72
782837,49
782838,50
782839,54
782840,37
782841,80
782845,53
782847,55
782850,61
782853,49
782854,45
782855,51
782861,47
782863,55
782865,75
782873,59
782875,77
782876,54
782877,87
782882,57
782885,47
782887,72
782888,40
782890,49
782893,41
782896,53
782902,51
782903,47
782906,53
782913,68
782915,50
782919,45
782924,79
782928,45
782932,54
782936,77
782941,51
782944,73
782950,53
782951,41
782954,66
782955,57
782957,56
782959,42
782960,49
782962,48
782970,69
782973,49
782974,56
782977,52
782978,59
782982,74
782988,65
782990,72
782998,74
783000,49
783002,51
783007,86
783011,48
783013,69
783018,45
783019,58
783021,64
783026,42
783029,81
783031,49
783036,44
783040,70
783049,42
783054,38
783057,47
783061,47
783062,56
783063,41
783071,98
783073,80
783074,45
783076,43
783078,70
783079,44
783081,67
783082,43
783083,76
783084,66
783085,45
783091,44
783093,43
783097,43
783098,55
783099,43
783100,89
783101,43
783103,72
783104,44
783106,44
783107,53
783109,72
783111,43
783112,61
783113,47
783114,81
783116,47
783118,43
783120,43
783124,47
783126,43
783128,68
783132,47
783134,50
783136,38
783138,43
783139,44
783140,66
783142,43
783143,70
783144,43
783146,45
783149,43
783151,73
783152,44
783153,43
783154,73
783158,43
783160,43
783165,45
783168,43
783169,68
783170,43
783171,67
783172,88
783175,65
783177,73
783179,44
783180,92
783182,57
783184,43
783185,68
783187,44
783188,66
783191,81
783193,43
783197,62
783198,43
783200,74
783201,46
783202,44
783203,43
783204,44
783205,90
783206,78
783207,44
783208,59
783209,38
783210,45
783211,87
783212,39
783213,90
783217,55
783219,43
783221,64
783222,75
783224,48
783225,57
783228,70
783229,68
783230,44
783232,75
783234,44
783238,48
783239,47
783241,48
783242,79
783243,49
783245,61
783248,77
783249,41
783252,72
783253,42
783255,42
783256,42
783259,70
783261,68
783263,60
783266,78
783267,51
783268,46
783269,58
783271,62
783275,58
783276,57
783277,76
783278,67
783281,45
783284,79
783285,52
783288,55
783290,64
783291,71
783292,68
783293,60
783296,45
783297,56
783298,87
783299,65
783300,43
783303,72
783305,62
783307,71
783310,70
783313,56
783315,73
783316,89
783320,44
783321,33
783322,35
783324,52
783325,32
783326,85
783327,45
783330,30
783331,36
783332,33
783333,34
783334,34
783337,40
783338,37
783339,31
783340,32
783342,43
783343,31
783344,34
783345,58
783346,38
783349,42
783350,33
783351,35
783352,37
783354,40
783356,38
783360,34
783361,34
783363,35
783364,87
783366,38
783367,35
783369,36
783370,37
783372,42
783375,38
783376,35
783377,45
783378,38
783380,42
783381,60
783382,31
783383,44
783384,37
783387,38
783388,43
783389,42
783394,30
783395,36
783397,43
783398,41
783399,32
783400,34
783401,32
783403,72
783404,39
783405,39
783406,36
783407,41
783410,33
783411,39
783412,37
783413,34
783414,35
783417,46
783418,32
783419,48
783420,36
783421,59
783422,32
783423,38
783424,42
783425,33
783426,40
783427,37
783429,85
783431,30
783433,34
783434,31
783437,32
783439,38
783442,37
783443,38
783445,46
783446,33
783447,36
783448,34
783451,42
783452,41
783454,40
783455,48
783457,33
783459,33
783460,30
783461,30
783462,36
783463,40
783465,39
783466,34
783468,32
783471,33
783472,37
783473,37
783474,38
783478,32
783479,35
783482,38
783484,30
783487,30
783490,34
783491,38
783492,36
783495,37
783498,39
783499,33
783500,34
783503,31
783504,40
783506,55
783507,61
783508,35
783509,75
783511,51
783512,38
783513,34
783514,41
783515,32
783516,34
783517,33
783518,36
783519,34
783520,31
783521,43
783522,56
783523,47
783524,35
783526,33
783527,36
783529,34
783530,42
783531,33
783532,30
783534,31
783535,41
783537,52
783538,41
783539,60
783541,53
783542,34
783545,33
783546,45
783547,54
783548,42
783549,46
783550,37
783551,41
783552,60
783553,36
783554,34
783555,51
783556,31
783557,61
783561,34
783563,35
783565,37
783566,42
783567,48
783568,30
783570,35
783571,35
783572,37
783575,31
783577,34
783579,30
783580,50
783581,37
783582,39
783584,40
783585,32
783586,33
783587,40
783589,32
783591,33
783592,34
783593,38
783594,37
783595,30
783596,37
783597,35
783599,34
783600,41
783601,55
783602,34
783605,35
783610,46
783611,65
783613,55
783614,36
783615,47
783617,35
783618,35
783620,35
783621,41
783622,36
783623,37
783624,31
783625,35
783626,41
783627,51
783629,31
783630,38
783631,31
783632,41
783635,33
783636,32
783637,33
783638,40
783639,32
783640,33
783641,56
783642,43
783643,43
783645,40
783649,61
783650,36
783651,34
783653,36
783654,39
783655,64
783656,35
783657,30
783658,32
783659,32
783660,31
783661,42
783663,43
783665,27
783666,39
783670,37
783671,33
783672,40
783673,32
783674,35
783675,66
783676,42
783677,36
783678,47
783679,44
783680,31
783683,32
783684,34
783685,32
783686,39
783687,40
783688,33
783689,53
783690,42
783691,62
783692,45
783693,35
783694,32
783695,39
783697,37
783699,86
783700,56
783701,45
783702,35
783705,40
783708,93
783710,39
783711,61
783712,47
783713,31
783715,56
783716,36
783719,31
783720,33
783721,90
783722,44
783723,30
783724,37
783726,32
783728,30
783730,56
783732,47
783733,32
783734,30
783735,32
783737,37
783738,26
783739,36
783741,32
783742,60
783743,31
783744,31
783745,58
783747,39
783748,35
783752,33
783753,69
783756,36
783759,39
783760,36
783761,34
783762,36
783763,40
783764,34
783765,41
783767,36
783768,32
783770,57
783772,33
783774,40
783775,30
783776,31
783777,41
783780,36
783781,37
783782,60
783783,56
783784,34
783785,30
783786,32
783787,44
783789,31
783791,81
783792,60
783797,60
783799,37
783801,44
783802,32
783803,36
783804,38
783805,34
783806,38
783807,41
783809,33
783810,40
783811,44
783812,51
783814,37
783815,54
783816,32
783818,40
783819,54
783820,32
783821,66
783822,75
783826,66
783828,72
783829,62
783831,42
783833,41
783836,37
783837,42
783838,40
783842,35
783844,44
783846,34
783847,45
783848,41
783849,40
783850,38
783851,40
783854,34
783855,89
783856,33
783857,36
783858,69
783859,73
783860,64
783861,60
783862,72
783864,76
783866,39
783867,50
783869,34
783870,58
783871,73
783874,69
783876,63
783879,36
783880,57
783882,47
783883,38
783884,33
783888,36
783889,47
783891,61
783894,39
783896,34
783897,34
783898,32
783899,37
783901,32
783902,33
783904,48
783905,60
783906,54
783907,51
783908,62
783909,31
783910,43
783913,40
783916,35
783918,35
783919,32
783920,40
783921,47
783922,31
783925,34
783926,35
783927,40
783928,36
783931,31
783932,60
783935,40
783936,34
783938,39
783939,35
783940,52
783941,37
783942,38
783943,34
783944,36
783946,32
783947,31
783949,36
783951,56
783954,32
783956,36
783957,34
783958,38
783960,32
783961,39
783967,39
783968,39
783971,52
783972,33
783973,33
783975,57
783976,32
783977,31
783978,34
783979,35
783980,32
783981,64
783982,59
783983,32
783984,37
783985,40
783986,31
783989,48
783992,34
783994,34
783995,37
784002,52
784003,33
784005,50
784008,53
784009,55
784010,33
784012,36
784013,54
784015,49
784016,58
784017,37
784018,42
784019,39
784020,41
784021,53
784022,45
784024,39
784026,38
784027,32
784028,32
784030,55
784032,56
784035,50
784037,38
784040,33
784041,46
784042,33
784043,32
784044,34
784045,28
784046,37
784048,32
784049,39
784050,42
784051,39
784052,31
784053,32
784054,38
784055,33
784056,36
784059,34
784060,37
784061,31
784062,37
784063,42
784064,36
784066,33
784067,37
784068,31
784069,35
784070,47
784071,39
784072,45
784074,49
784075,63
784076,31
784078,33
784079,32
784080,32
784083,39
784085,33
784087,53
784088,46
784089,37
784092,59
784093,71
784094,40
784096,29
784098,40
784100,36
784103,36
784105,39
784108,37
784109,33
784110,32
784111,33
784114,35
784118,31
784119,38
784120,33
784121,31
784122,60
784124,35
784126,55
784128,39
784129,35
784131,35
784133,62
784134,46
784135,40
784136,35
784137,40
784138,31
784140,43
784143,35
784144,64
784145,54
784148,39
784151,40
784153,37
784155,32
784156,32
784161,32
784165,30
784166,39
784167,36
784168,30
784169,37
784170,41
784172,33
784173,36
784174,38
784175,45
784176,39
784177,37
784178,43
784181,43
784182,35
784183,36
784184,54
784185,33
784186,33
784187,32
784188,38
784190,46
784191,33
784195,38
784196,31
784197,46
784198,39
784199,73
784200,30
784201,32
784202,38
784203,33
784204,46
784207,46
784208,46
784210,69
784211,62
784212,57
784213,31
784215,45
784216,35
784217,55
784218,41
784221,46
784222,32
784223,40
784224,32
784225,52
784227,43
784228,38
784230,35
784231,37
784234,39
784235,37
784237,40
784238,50
784240,31
784241,33
784242,35
784243,48
784244,43
784245,62
784246,62
784247,45
784248,34
784249,44
784250,43
784251,44
784252,55
784257,33
784258,39
784259,34
784260,38
784261,53
784262,35
784263,33
784267,32
784268,36
784269,45
784271,75
784275,62
784276,46
784277,31
784278,64
784280,38
784281,35
784282,79
784284,54
784285,35
784286,63
784287,56
784288,44
784289,62
784290,35
784291,39
784292,60
784293,34
784294,69
784295,33
784298,33
784300,54
784302,30
784303,36
784304,38
784306,35
784307,32
784309,33
784311,38
784317,64
784319,56
784321,31
784322,47
784323,43
784325,31
784326,38
784327,33
784329,35
784331,43
784332,65
784335,49
784336,44
784337,39
784340,45
784341,51
784342,57
784343,54
784347,39
784349,35
784351,32
784352,37
784353,59
784354,43
784355,42
784356,63
784357,32
784358,39
784359,78
784360,54
784361,40
784363,34
784364,39
784365,31
784367,31
784368,33
784370,41
784371,42
784372,68
784373,33
784375,47
784377,46
784378,33
784379,39
784380,41
784383,32
784386,48
784387,38
784388,35
784392,52
784393,54
784394,31
784395,34
784396,34
784397,32
784398,42
784399,39
784401,55
784402,32
784403,37
784405,32
784406,39
784407,40
784408,37
784409,47
784412,45
784415,35
784416,30
784418,42
784419,32
784420,37
784421,40
784422,41
784424,33
784426,36
784428,38
784434,31
784435,35
784436,60
784439,36
784440,32
784442,41
784443,46
784444,41
784446,37
784447,51
784448,51
784449,30
784450,36
784451,46
784452,38
784453,33
784454,34
784455,32
784456,33
784457,33
784458,34
784459,36
784461,46
784462,32
784464,35
784465,32
784466,35
784467,28
784469,39
784470,32
784471,35
784473,40
784477,35
784479,39
784480,37
784481,33
784482,39
784484,33
784488,40
784489,75
784490,55
784491,53
784492,35
784494,43
784495,47
784496,33
784498,39
784499,36
784500,49
784502,36
784504,33
784506,33
784507,59
784508,39
784509,38
784512,81
784514,36
784521,36
784525,34
784527,35
784528,40
784529,40
784530,39
784531,57
784532,33
784535,33
784536,41
784537,70
784539,28
784541,85
784542,60
784543,36
784545,43
784546,36
784547,35
784548,33
784549,35
784550,44
784551,40
784552,55
784555,34
784556,32
784557,31
784558,49
1065470,47
1388300,33
1565869,48
1666106,67
1668400,53
1668853,61
1673235,52
1673402,39
1681703,58
1682196,57
1682558,47
1685042,41
1688635,77
1693666,56
1695054,51
1699665,63
1718838,36
1719218,46
1727736,38
1733867,56
1734286,57
1742965,72
1744987,53
1753032,57
1755793,30
1758953,35
1764386,52
1781191,51
1789010,51
1789489,27
1794888,56
1798681,45
1798693,40
1799143,75
1807538,41
1811111,50
1816752,28
1819068,24
1819463,37
1826942,56
1847197,27
1848098,55
1859865,57
1886365,56
2015177,58
2045877,24
2051175,26
2073486,55
2074016,55
2081601,30
2093777,47
2094275,21
2095769,53
2096344,36
2098194,75
2098492,53
2101723,38
2110291,50
2112596,48
2127344,35
2129867,48
2129886,53
2133568,35
2133720,32
2135458,69
2141901,21
2150155,38
2153984,49
2154883,26
2158658,75
2161160,45
2161358,68
2161582,56
2162996,42
2163883,27
2164402,49
2168679,43
2169956,33
2171501,54
2171609,42
2171900,54
2171940,70
2177657,52
2177969,29
2179554,48
2183029,64
2189168,27
2190076,49
2190884,35
2191182,30
2191957,33
2192161,56
2192748,37
2193259,35
2195003,58
2197552,34
2197607,56
2197658,48
2198976,52
2198996,57
2200754,50
2200807,29
2201010,38
2202665,55
2203050,31
2204788,74
2205006,47
2206189,44
2206369,53
2207213,63
2209308,46
2212202,53
2213548,40
2214145,61
2214602,46
2218679,70
2220951,75
2226425,31
2228013,35
2228419,29
2228436,33
2230190,62
2232347,70
2234953,32
2237184,48
2237292,40
2237555,31
2238383,42
2239059,50
2240861,29
2240883,49
2240910,21
2241581,52
2242108,25
2243869,49
2245306,38
2245349,49
2246081,41
2250822,38
2251884,42
2253455,54
2254360,48
2254436,42
2254696,61
2255230,51
2256066,30
2256339,42
2256626,58
2257790,31
2258564,33
2258650,74
2259893,48
2260409,29
2265157,31
2265435,50
2265518,55
2266975,25
2267039,53
2268431,39
2269215,47
2270332,55
2270336,64
2271234,29
2271663,39
2275043,31
2275139,51
2276946,46
2279373,20
2279848,36
2281873,43
2282596,55
2283737,31
2284224,56
2284486,50
2285372,47
2285605,57
2285842,33
2286924,26
2287217,43
2287870,48
2288556,45
2288624,27
2289577,56
2290160,45
2291402,72
2291415,50
2295558,57
2295580,43
2295673,28
2295739,37
2295844,59
2295867,30
2296370,65
2296550,36
2296716,52
2297337,55
2298213,49
2299113,53
2299191,59
2299733,49
2300168,33
2301310,39
2302043,59
2302915,42
2306721,62
2306893,43
2309683,28
2312178,29
2314589,70
2319043,77
2319955,76
2321296,39
2321297,33
2321298,41
2321299,42
2321300,51
2321301,42
2321303,62
2321304,56
2321305,42
2321307,38
2321309,33
2321310,30
2321313,60
2321314,49
2321315,44
2321317,37
2321318,53
2321319,44
2321320,44
2321321,39
2321322,44
2321323,55
2321324,48
2321325,44
2321327,27
2321329,36
2321330,60
2321332,45
2321333,58
2321334,53
2321335,62
2321336,51
2321338,35
2321340,37
2321341,63
2321342,49
2321343,31
2321344,57
2321345,63
2321346,52
2321347,32
2321348,39
2321350,53
2321352,27
2321353,34
2321354,38
2321357,54
2321358,35
2321359,42
2321361,47
2321362,40
2321364,60
2321365,36
2321366,57
2321367,44
2321370,35
2321371,63
2321372,49
2321373,37
2321375,53
2321376,43
2321377,37
2321378,35
2321379,38
2321380,30
2321381,36
2321382,59
2321383,47
2321384,45
2321385,44
2321386,63
2321389,40
2321390,37
2321391,34
2321392,39
2321393,36
2321394,41
2321395,35
2321396,28
2321398,48
2321399,36
2321400,36
2321401,36
2321402,33
2321404,38
2321405,36
2321406,36
2321407,40
2321409,63
2321410,41
2321412,40
2321413,41
2321414,43
2321415,38
2321416,31
2321417,41
2321418,43
2321420,63
2321421,30
2321422,42
2321423,27
2321424,40
2321425,59
2321427,46
2321429,38
2321430,68
2321431,46
2321432,54
2321433,41
2321434,38
2321435,60
2321436,55
2321437,43
2321438,46
2321439,43
2321440,72
2321442,59
2321443,41
2321444,39
2321447,33
2321448,51
2321449,35
2321450,64
2321451,49
2321452,40
2321453,47
2321454,60
2321455,41
2321456,56
2321457,39
2321458,35
2321459,54
2321460,44
2321461,43
2321462,37
2321463,39
2321465,55
2321467,48
2321468,39
2321470,42
2321473,44
2321474,60
2321475,44
2321476,37
2321477,52
2321480,41
2321481,62
2321483,45
2321485,61
2321486,40
2321487,56
2321488,40
2321492,53
2321493,56
2321495,52
2321496,27
2321497,37
2321498,48
2321499,46
2321500,43
2321501,36
2321502,42
2321503,59
2321506,37
2321511,37
2321512,39
2321513,33
2321517,51
2321518,58
2321519,34
2321521,39
2321525,49
2321526,45
2321528,44
2321529,42
2321531,45
2321532,43
2321534,48
2321535,38
2321537,43
2321538,59
2321539,38
2321540,47
2321541,36
2321542,48
2321544,42
2321546,35
2321547,37
2321548,47
2321549,52
2321552,42
2321553,43
2321556,39
2321557,30
2321558,38
2321560,45
2321562,42
2321563,36
2321565,32
2321566,37
2321568,46
2321569,58
2321570,32
2321571,41
2321573,42
2321574,50
2321575,62
2321576,40
2321577,35
2321579,43
2321580,46
2321581,38
2321582,41
2321583,90
2321586,34
2321587,43
2321588,40
2321589,42
2321590,53
2321591,44
2321592,39
2321593,50
2321594,64
2321595,36
2321599,44
2321601,43
2321602,52
2321603,40
2321604,32
2321605,40
2321607,59
2321608,41
2321609,37
2321610,34
2321611,48
2321612,34
2321613,31
2321614,43
2321615,33
2321618,43
2321621,55
2321623,43
2321625,54
2321627,59
2321628,34
2321629,42
2321630,47
2321631,42
2321632,36
2321634,39
2321635,38
2321637,55
2321638,62
2321639,51
2321641,65
2321643,61
2321644,53
2321645,36
2321646,44
2321647,37
2321648,46
2321650,43
2321652,60
2321653,61
2321654,64
2321656,42
2321657,34
2321658,60
2321660,43
2321662,86
2321664,41
2321666,49
2321667,58
2321669,44
2321671,59
2321672,79
2321677,55
2321680,65
2321683,59
2321684,59
2321685,37
2321686,47
2321687,41
2321688,64
2321689,46
2321690,37
2321691,44
2321692,55
2321693,44
2321694,50
2321695,49
2321696,40
2321697,37
2321698,74
2321699,57
2321700,41
2321701,60
2321702,52
2321703,55
2321704,47
2321705,44
2321706,35
2321707,31
2321708,30
2321709,42
2321710,47
2321711,52
2321712,29
2321713,57
2321714,44
2321715,49
2321717,39
2321718,38
2321719,39
2321720,46
2321721,35
2321722,57
2321725,44
2321726,59
2321727,45
2321728,32
2321729,56
2321730,38
2321731,39
2321733,62
2321734,39
2321735,60
2321736,46
2321737,53
2321738,45
2321739,69
2321740,42
2321741,37
2321742,38
2321743,68
2321744,47
2321745,45
2321746,43
2321747,40
2321748,56
2321749,56
2321750,48
2321751,40
2321752,37
2321753,35
2321754,35
2321755,46
2321756,44
2321757,45
2321758,40
2321759,42
2321760,52
2321761,54
2321764,74
2321766,44
2321767,40
2321768,42
2321769,30
2321770,36
2321771,41
2321772,35
2321774,44
2321775,42
2321776,41
2321777,62
2321779,43
2321782,40
2321783,66
2321784,30
2321785,38
2321786,47
2321787,73
2321788,43
2321789,45
2321790,38
2321791,64
2321792,63
2321793,60
2321794,54
2321795,56
2321796,34
2321798,41
2321801,37
2321802,40
2321803,44
2321804,50
2321805,56
2321807,50
2321808,38
2321809,37
2321810,33
2321812,60
2321813,38
2321815,46
2321816,75
2321817,53
2321819,54
2321820,52
2321821,31
2321823,53
2321824,40
2321825,30
2321826,37
2321827,46
2321828,60
2321829,45
2321830,54
2321831,58
2321832,46
2321834,66
2321835,31
2321836,35
2321839,38
2321840,35
2321841,57
2321842,49
2321843,79
2321844,49
2321846,29
2321847,49
2321848,37
2321850,42
2321851,40
2321852,34
2321854,81
2321855,36
2321856,57
2321858,58
2321859,57
2321860,47
2321861,53
2321863,52
2321865,39
2321866,54
2321868,46
2321869,30
2321870,63
2321871,42
2321872,44
2321873,45
2321874,82
2321875,49
2321876,45
2321877,26
2321878,42
2321879,52
2321880,44
2321881,45
2321882,60
2321884,39
2321885,31
2321886,47
2321887,44
2321888,37
2321889,36
2321890,30
2321891,35
2321892,30
2321893,61
2321894,55
2321895,34
2321896,39
2321897,49
2321898,38
2321901,53
2321907,57
2321908,69
2321911,27
2321913,45
2321914,55
2321915,55
2321916,56
2321918,38
2321919,36
2321920,43
2321924,35
2321927,41
2321928,38
2321929,39
2321930,45
2321931,50
2321933,57
2321934,83
2321936,51
2321937,46
2321939,74
2321944,62
2321946,49
2321947,40
2321949,56
2321950,55
2321951,57
2321952,78
2321953,34
2321956,75
2321957,43
2321960,85
2321961,58
2321965,61
2321966,35
2321967,54
2321968,40
2321969,44
2321970,59
2321972,58
2321975,42
2321976,42
2321977,42
2321979,31
2321981,48
2321983,40
2321986,65
2321987,40
2321992,32
2321993,67
2321995,57
2321998,42
2321999,49
2322000,44
2322004,51
2322005,46
2322006,41
2322007,45
2322008,56
2322009,60
2322010,33
2322011,48
2322013,59
2322014,52
2322015,51
2322017,40
2322018,37
2322019,48
2322020,42
2322021,47
2322022,55
2322023,39
2322024,39
2322025,57
2322026,55
2322027,56
2322029,39
2322030,41
2322031,53
2322032,46
2322034,34
2322035,48
2322038,56
2322039,42
2322040,38
2322041,50
2322043,60
2322044,46
2322045,49
2322048,31
2322049,61
2322051,51
2322053,64
2322054,38
2322055,28
2322056,51
2322057,30
2322058,44
2322059,40
2322060,34
2322061,57
2322062,40
2322063,41
2322064,40
2322065,60
2322066,76
2322068,39
2322069,42
2322070,43
2322071,60
2322072,52
2322073,50
2322074,53
2322075,62
2322076,48
2322077,42
2322081,41
2322082,44
2322083,54
2322084,38
2322085,43
2322086,45
2322088,39
2322089,60
2322090,40
2322091,54
2322092,48
2322094,58
2322095,43
2322096,29
2322097,48
2322099,61
2322100,42
2322101,35
2322105,48
2322106,42
2322112,79
2322121,35
2322122,46
2322123,39
2322125,40
2773648,66
4104677,76
4511032,44
4758146,33
4979343,47
4979993,70
4979995,31
4980011,48
4980051,35
5099606,44
5193038,35
5193072,56
5193075,48
5193209,31
5229773,44
5282486,43
5282487,31
5282490,36
5282513,44
6215209,22
6215857,51
6216267,46
6227116,67
6234009,39
6667880,54
6667889,43
6667894,40
6790342,36
7069523,33
7077244,35
7344039,34
7344096,47
7352678,40
7937034,70
7937070,43
8529020,36
8576124,55
8709504,39
8875264,43
8935644,36
9155741,54
9363676,42
9545050,61
9670878,32
9725639,24
9966363,48
10107653,58
10120038,61
10281031,69
10302724,36
10302748,52
10302763,49
10303388,39
10309468,50
10327111,67
10569207,39
10580693,37
10589233,42
10617796,64
10630911,63
10855833,26
10867741,51
10874926,55
10875112,55
10885373,34
10885675,46
10885676,47
10885768,33
10885770,44
10885775,26
10885776,43
10998414,44
11170713,33
11174371,54
11195081,69
11195090,29
11195092,75
11195094,65
11195328,32
11195349,29
11195402,42
11501980,33
11501999,31
11795981,28
11796009,66
11796014,70
11796021,34
11796023,25
11796025,26
12084939,65
12665426,21
12665427,39
12955504,40
12960672,31
13256079,51
13256814,33
13256835,67
13256875,29
13573367,38
13573374,77
13573375,25
13573413,24
13578401,50
13852082,36
13852094,36
13852111,27
13852113,76
13852526,40
14138461,42
14138465,60
15040738,63
15922520,58
16207543,48
17073063,35
17136711,33
18273967,34
18273975,30
18273977,30
18552514,67
18849662,39
18849668,40
19138286,39
19148623,40
19148650,48
19148654,33
19148660,50
19156265,61
19254268,33
19375648,41
19425040,57
19426081,54
19449303,33
19449312,52
19449315,52
19449317,30
19457573,90
19836218,36
20009001,37
20030748,49
20030750,39
20030758,54
20030794,35
20030805,34
20030808,35
20031285,45
20058933,34
20058944,59
20278908,41
20695758,71
20720043,42
20932075,28
21182797,51
21199906,25
21223719,24
21249019,50
21502149,32
21502159,31
21502890,36
21795720,40
21795733,64
22103895,58
22103944,78
22384295,43
22384333,31
22384357,39
22384995,34
23197949,22
23199153,22
23199220,23
23200254,22
23200693,24
23202813,23
23211303,23
23274950,38
23279973,37
23279980,45
23876943,75
23876953,31
23877615,51
23909599,45
23995353,37
24850129,53
24891922,69
25076493,34
25076494,46
25076496,60
25270166,66
25351998,37
25388911,47
25481890,40
25481900,56
25569435,48
25733521,44
25932379,35
25967106,54
25967129,26
25968192,69
25969020,50
25982710,54
25982714,46
25982717,50
25982719,50
25982721,37
25982726,68
25982727,71
25982728,58
25982730,67
25982731,70
25982732,83
25982733,91
25982734,84
25982736,73
25982738,60
25982739,74
25982740,60
25982742,67
25982743,68
25982744,79
25982745,66
25982746,70
25982755,78
25982757,73
25982758,82
25982759,82
25982760,56
25982763,51
25982764,58
25982770,46
25982771,41
25982773,71
25982776,77
25982779,62
25982782,61
25982783,64
25982788,82
25982789,65
25982790,61
25982792,46
25982793,54
25982794,73
25982797,71
25982798,70
25982801,54
25982802,39
25982804,26
25982805,47
25982808,51
25982810,40
25982813,38
25982814,64
25982815,82
25982817,30
25982818,34
25982819,72
25982820,47
25982821,60
25982824,69
25982826,85
25982831,69
25982835,55
25982837,36
25982838,53
25982840,63
25982845,78
25982846,79
26562591,54
26562592,72
26576822,34
26576823,23
26862397,66
27118583,41
27332430,33
27332483,63
27332487,51
27332493,48
27458512,64
27545592,39
27545593,78
27545595,42
27749192,39
27749196,39
27749198,40
27765076,62
27824532,36
27859021,64
27881616,56
28006853,41
28047480,56
28047484,53
28062184,27
28062185,29
28062186,29
28062187,28
28062188,28
28062189,28
28062190,30
28062191,28
28062193,28
28062195,29
28062198,28
28062199,28
28062200,38
28062201,29
28062203,28
28062205,28
28062206,30
28062207,29
28062210,29
28062212,29
28349825,46
28387474,39
28387476,54
28387478,30
28387865,44
28622105,45
28656441,28
28656442,28
28849784,74
28849788,55
28894091,76
29508637,25
29845007,22
29903561,39
30047926,55
30124027,30
30124714,48
30124773,54
30124774,61
30124781,58
30124797,54
30124818,53
30125820,37
30417255,40
30427501,68
30711928,53
30729239,51
31079019,39
31079021,75
31593407,52
31852019,46
31903169,56
32139977,53
32206261,49
32223207,31
32223208,33
32223209,34
32223210,32
32223211,35
32223214,34
32223215,31
32223216,30
32535102,78
32734686,45
32817913,31
32817914,31
32817915,31
33093381,52
33710029,32
33710030,34
33710031,30
33710032,31
33710034,32
33710035,30
33710036,31
33710037,30
33710038,30
33710039,32
33710040,30
33710041,34
33710043,31
33710044,32
33710045,34
33955484,33
33992508,56
33992510,52
33992518,25
34072273,48
34313201,31
34313207,32
34860522,50
35168273,45
35466139,68
35474429,58
35480147,66
35558964,61
35753173,44
35753250,28
35753251,33
35753260,57
35753261,29
35753263,52
35753279,38
35762750,51
35762751,55
35771615,39
36073419,46
36073420,59
36073421,24
36073422,74
36073436,34
36355748,23
36355771,92
36355786,61
36356335,28
36356370,59
36356939,50
36356941,31
36668620,28
36762088,33
36793896,33
36953831,52
36953832,54
36953842,50
37001113,66
37844807,51
37844828,66
37844829,55
37860273,56
38231383,64
38452026,43
38452027,34
38452029,77
38452030,79
38452032,25
38452033,62
38452035,32
38452037,66
38452039,40
38456062,22
38747862,60
38962445,57
40248875,33
40248914,84
40248921,26
40248922,30
40248951,36
40249519,40
40249525,49
40275312,35
40317260,45
40337009,46
40505636,28
40543129,58
40823853,55
40823873,30
40833363,53
40917365,67
41124494,35
41347374,69
41347375,78
42055520,27
42635821,61
43230364,31
43230366,36
43235270,42
43235274,37
43235285,41
43807965,30
44702836,27
44702858,65
44705336,52
44711281,53
44798738,36
44803083,29
44834794,41
45010452,56
45303214,53
45303215,55
45303216,26
45303231,20
45450765,55
45450819,39
45878871,73
45880021,67
45888626,40
46194738,26
46483158,47
46794772,74
46794788,87
46795801,59
47671186,55
47685834,59
47988026,20
47997616,68
48030027,27
48030107,48
48030114,46
48030115,45
49168514,36
49168942,35
49198207,57
49460529,44
49468256,52
49755866,39
49972302,65
50332443,52
50360667,54
50373085,71
50450234,53
51567005,61
51852532,65
51852541,51
51852778,31
52138176,41
52145602,44
52145610,31
52145615,58
52460496,39
52698464,28
52737994,52
52738373,51
52739587,63
52754499,38
52757584,52
52761258,42
52763009,25
52763050,49
53803638,56
53803645,43
53803646,38
53804021,46
54091186,57
54187062,55
54422269,54
54428622,34
54428630,34
54428631,60
55005695,24
55306793,49
55899650,49
55899652,43
55899658,72
56215753,68
56497175,58
56784260,55
57013035,71
57092074,79
57702697,58
57912374,39
57912375,36
58280328,37
58280329,60
58576305,32
58629792,23
59179340,47
59191995,49
59192024,38
59811256,35
59811265,39
59811284,55
59811347,34
59811354,36
60055717,41
60077281,42
60362234,20
60382012,46
60672160,62
61259017,54
62164784,60
62165356,42
62469869,83
62469872,30
62714308,33
62714309,42
62714310,33
62751266,56
64260309,48
64543125,50
64864048,45
65159132,33
65159142,25
65421935,38
65747953,51
65748342,45
66336972,34
66336973,28
66336975,2
66336977,62
66336979,58
66341018,48
66648931,62
67148038,21
67148528,22
67150341,23
67152684,22
67153541,24
67159758,22
67178106,23
67192212,22
67255846,55
67342344,52
67551241,53
67553096,36
67567106,53
67567108,32
67567117,66
67567118,54
67578243,38
67873123,26
68496067,46
68496068,73
68817859,49
69058213,30
69122566,42
69122594,35
69122607,61
69837922,54
71713416,71
71714362,69
71715749,65
71716652,61
71717095,45
71718737,55
71718878,66
71719006,60
71719259,32
71722732,47
71723904,71
71724561,66
71724563,78
71731193,41
71733003,52
71734818,70
71734956,52
71734990,67
71735117,72
71735316,76
71737747,51
71738614,50
71739174,41
71739254,77
71739933,71
71741383,72
71743365,53
71743710,77
71743979,77
71744069,73
71746035,51
71746194,55
71747944,75
71748215,83
71748235,71
71748880,57
71750158,52
71750344,83
71751181,65
71752816,63
71753836,39
71756462,59
71756931,46
71757873,70
71758771,59
71759854,36
71760033,55
71760417,67
71760629,44
71760956,51
71763515,93
71763952,56
71764077,31
71764865,67
71765190,41
71765236,23
71765259,61
71765294,32
71765341,24
71766010,48
71767113,60
71768301,79
71771848,41
71771915,62
71772167,53
71772700,39
71774997,55
71776065,56
71778977,68
71780361,39
71781624,74
71781728,79
71784732,50
71784815,59
71787214,64
71789832,54
71790329,41
71792378,51
71793470,34
71793587,44
71793642,56
71794374,30
71794988,47
71796736,76
71799062,44
71799265,55
71802330,42
71804034,37
71804094,70
71804200,38
71804984,35
71807728,69
71811568,51
71811931,45
71812392,62
71812899,51
71813054,68
71815240,56
71817502,55
71820041,53
71823637,45
71824474,45
71824667,29
71824748,37
71825099,48
71825622,26
71826706,65
71830252,35
71833344,33
71834882,32
71836996,64
71837064,67
71838241,36
71839108,32
71839425,54
71840872,55
71845386,40
71845563,37
71845565,37
71846770,59
71846926,67
71847046,80
71847419,37
71847438,37
71849813,53
71850491,73
71850507,81
71850880,38
71850896,37
71850903,37
71853195,30
71853429,72
71854177,50
71854316,55
71854509,40
71854616,51
71854617,51
71854834,45
71854844,63
71855445,65
71857217,56
71857495,80
71857654,72
71858924,40
71858970,78
71859003,34
71863686,71
71864641,39
71865737,52
71866632,75
71868014,49
71869169,37
71869271,37
71869291,37
71869317,38
71869353,37
71869385,37
71869745,49
71870391,39
71871255,36
71871876,36
71872489,39
71873109,38
71875443,34
71876335,39
71877094,38
71877313,39
71878013,40
71880234,38
71883423,22
71884867,55
71885390,86
71886009,62
71886117,59
71886637,66
71887928,50
71888504,28
71894749,44
71896076,57
71896718,40
71896914,85
71897063,38
71898757,53
71900679,45
71900932,38
71900936,38
71900942,65
71902703,27
71903328,34
71905566,36
71906564,38
71906623,38
71909116,36
71909567,35
71910145,55
71910980,36
71912531,37
71914692,38
71914723,40
71915290,37
71915919,37
71915921,37
71916010,37
71916125,37
71916173,38
71916179,37
71916207,37
71916475,36
71916480,36
71917054,37
71917102,38
71917147,37
71917152,37
71917915,37
71917930,37
71918399,37
71918471,38
71919785,37
71920222,37
71921577,38
71923655,37
71923740,40
71925383,38
71925572,39
71927243,37
71927427,38
71927429,37
71935417,35
71936836,36
71939439,37
71940037,36
71940218,37
71941357,37
71941366,37
71941489,39
71941575,38
71953599,47
71953762,39
71955485,37
71955517,37
71957454,38
71959240,38
71959295,37
71959429,36
71959455,38
71961038,39
71961113,37
71962582,37
71962745,38
71963004,37
71964693,37
71964836,36
71969685,37
71983707,37
71985407,38
71988561,39
71988622,37
71988778,37
71990132,37
71990530,38
71990570,38
71990604,38
71990628,41
71992054,37
71993804,37
71994678,41
71995114,41
72008170,36
72011873,39
72017228,46
72022953,82
72023765,47
72050256,71
72078810,38
72106093,43
72106209,91
72106969,55
72106997,47
72113613,22
72133748,81
72134711,49
72140495,82
72147014,70
72154588,21
72159289,62
72161832,41
72161855,46
72161867,39
72164641,52
72165864,51
72166231,55
72166293,27
72167809,40
72168300,79
72170270,43
72170305,49
72170350,41
72170394,53
72170454,47
72170916,81
72171440,27
72171654,60
72172174,52
72173377,28
72175026,83
72175768,65
72177008,34
72177090,41
72177312,55
72177818,28
72177849,47
72177879,75
72178439,47
72179087,36
72180524,74
72183329,34
72185356,63
72187093,52
72187165,48
72188225,55
72188669,52
72188941,37
72191194,37
72191278,38
72191289,37
72191374,38
72191376,37
72191377,37
72192852,42
72193933,54
72194103,66
72194213,65
72194796,54
72195402,63
72195791,71
72195822,47
72195916,64
72197310,39
72197615,55
72200247,48
72200331,73
72201899,25
72203048,55
72203389,26
72203768,47
72205311,38
72205316,50
72205535,59
72205645,33
72206330,53
72206808,49
72207322,25
72209243,62
72209254,50
72210361,59
72211855,44
72212189,84
72212876,41
72213746,66
72218184,37
72221737,58
72223665,55
72224906,31
72225420,61
72225716,53
72226893,27
72227271,61
72227315,47
72227604,42
72228332,56
72228667,54
72230282,55
72230572,51
72230590,59
72233403,31
72233664,42
72233918,70
72233970,72
72235146,54
72235168,42
72235169,27
72235856,28
72235992,49
72236339,52
72236354,54
72238002,62
72238344,62
72238384,72
72238552,26
72238561,55
72238849,27
72240206,74
72240211,85
72242141,58
72242608,50
72242928,43
72243107,32
72243207,56
72243277,51
72244602,34
72245831,37
72246231,56
72246789,27
72247432,35
72247950,34
72249555,58
72249815,57
72249838,45
72249867,55
72249910,35
72250634,51
72250777,35
72251700,43
72252075,47
72252208,42
72252340,61
72252375,55
72253504,54
72253532,78
72254562,60
72254565,34
72254752,59
72257642,47
72258454,54
72258547,50
72258704,58
72259413,48
72260417,62
72261751,41
72262052,24
72262387,58
72262950,54
72263303,32
72263325,56
72263569,49
72264195,30
72264905,47
72264994,39
72265120,46
72265128,80
72265637,28
72265786,75
72266046,51
72266094,30
72267687,27
72268065,70
72268823,41
72268952,55
72268968,68
72269769,63
72269870,75
72269925,57
72270781,73
72271590,40
72271597,29
72272410,53
72272498,51
72273531,26
72274298,41
72276229,56
72276420,47
72276956,61
72277068,67
72278183,42
72278579,43
72279483,64
72281743,38
72282300,31
72282520,46
72282681,36
72283277,25
72284003,58
72284419,50
72284503,32
72284520,54
72284566,47
72285616,70
72287477,45
72288149,27
72288420,58
72288422,47
72288889,56
72290276,32
72290750,29
72290845,57
72290920,35
72291031,48
72292164,29
72292939,54
72293049,51
72293052,33
72293109,51
72293125,45
72294154,23
72294309,69
72295644,35
72296891,55
72297552,45
72301109,63
72301211,60
72302121,58
72302574,29
72304470,36
72304678,39
72305564,43
72306490,56
72306493,42
72306611,47
72309630,33
72309850,39
72309953,36
72310399,39
72310508,52
72310626,20
72310654,39
72312175,34
72312419,28
72312425,47
72312463,66
72312867,50
72313634,57
72314156,22
72314215,22
72314327,61
72314329,54
72314652,55
72314894,32
72315853,42
72316170,30
72316428,48
72316503,57
72317862,67
72318179,63
72319067,40
72319873,49
72321570,40
72321679,58
72322437,22
72323226,67
72323620,43
72323656,56
72324626,50
72326244,52
72326663,50
72326842,63
72326943,52
72327667,41
72327958,53
72328609,51
72328641,50
72328765,75
72330706,35
72330850,50
72331344,23
72332497,77
72332588,49
72332935,22
72333169,32
72333187,44
72333299,57
72334144,37
72334187,55
72336340,28
72336594,55
72339120,38
72340095,70
72340524,48
72340536,49
72340629,56
72341033,39
72341299,59
72341324,56
72341560,28
72341778,49
72342164,49
72342572,49
72342716,45
72343687,49
72343830,53
72345466,49
72345474,41
72345591,59
72346100,48
72346229,54
72346486,27
72346701,21
72347252,67
72347692,40
72348434,61
72349439,41
72349941,32
72349988,62
72350052,32
72350707,74
72350756,23
72351634,58
72352328,44
72352496,45
72352580,50
72352897,39
72353814,24
72354026,48
72354619,44
72355322,56
72355468,50
72356454,59
72357207,28
72357390,49
72357397,21
72357429,48
72357464,74
72357570,53
72358017,54
72359458,62
72359843,66
72360164,32
72360175,32
72360204,53
72360263,21
72361308,50
72361580,50
72361603,33
72362110,21
72364580,41
72364766,52
72364866,27
72365505,39
72366933,49
72367991,33
72368090,57
72369755,29
72370419,28
72371502,33
72371542,28
72371579,31
72371639,34
72371665,28
72371696,42
72372712,48
72373672,65
72374009,64
72374170,55
72374780,61
72375006,47
72375719,39
72376911,75
72378812,52
72379665,65
72379983,41
72380125,88
72380479,39
72381163,29
72381271,32
72381303,48
72382053,56
72382912,28
72382977,73
72383192,42
72383527,64
72384184,75
72384315,38
72386021,38
72386085,47
72386773,51
72386821,82
72386834,43
72387345,41
72387468,54
72387476,33
72387478,55
72387591,59
72388023,36
72388144,51
72388150,45
72388188,55
72388442,38
72388657,55
72388719,59
72389330,70
72391321,43
72391411,35
72392094,58
72392921,50
72394026,41
72396052,67
72397476,46
72397528,28
72397913,65
72398728,80
72398794,82
72399036,34
72685505,22
72694936,43
72995215,28
72995219,45
72995270,36
72996209,51
73279580,28
73324170,20
73324171,20
73628301,43
74174601,51
74577817,65
74898690,45
75004257,44
75180887,49
75181367,73
75181373,45
75181775,36
75187423,30
76734820,42
76734845,37
76735495,21
76992312,27
77001247,38
77049161,66
77049162,59
77049178,20
77049187,67
77068136,74
77068138,79
77068141,30
77068143,84
77362067,42
77374917,40
77665888,37
78380361,65
78610691,57
78610693,50
78611077,59
78933547,34
79011735,61
79222108,44
79232305,25
80149104,60
80775350,59
80775373,26
81090619,54
81400147,61
81400150,31
81720831,58
81720836,50
82046101,24
82971963,42
83291787,70
83607510,56
83607511,53
83901603,52
85419451,40
85773548,33
85773549,67
85773561,38
86069863,53
86069866,49
86071040,32
86082100,27
86400827,38
86400831,38
86400832,64
86401294,63
86712971,34
86799102,76
87025844,41
87246929,32
87248305,23
87248415,22
87248418,29
87342639,41
87346711,37
87347152,35
87654496,44
87654497,30
87654549,55
87965611,62
87966078,51
87966111,27
87966112,31
88596281,68
88596293,50
88596297,60
88896348,48
89226870,62
89813319,27
89832648,37
90048548,34
90170539,41
90171055,33
90171147,37
90278368,49
90475064,37
90475140,45
90768750,27
90785192,26
91102400,65
91400000,48
91508608,47
91712756,53
91712791,39
92051198,30
92051199,30
92358882,37
92358883,58
92423886,47
92654288,41
92982727,55
92983658,51
92985826,47
93292354,53
93618518,38
93618523,40
93873220,23
93873304,22
93936246,32
93936247,30
93936248,27
93966070,67
94216685,27
94230611,62
94230634,51
94237153,39
94544958,23
94546179,24
94769640,52
94769665,45
94836049,64
94889987,52
94980004,53
95200247,27
95200248,73
95200249,29
95200251,55
95519707,36
95714301,29
95817443,29
96135295,45
96136721,31
96136759,41
96137298,32
96137920,48
96137944,59
96138503,29
96434633,42
96446789,25
96450215,30
96450309,39
96450335,25
96450356,26
96451021,40
96451436,49
96451478,26
96451483,57
96451502,33
96451514,36
96451666,60
96452011,42
96452088,55
96452180,22
96452183,20
96741096,25
96744943,40
96762956,37
96762996,34
97055749,20
97056646,27
97057377,22
97068357,47
97174211,47
97363743,64
97369318,67
97369414,59
97369531,30
97372625,22
97372626,61
97373169,56
97374988,26
97384405,43
97396236,25
97699756,58
97699826,53
97699890,38
97700935,71
97701484,42
98021099,82
98040819,54
98109635,55
98242253,23
98244493,22
98244494,23
98273497,51
98317237,35
98321167,53
98321810,63
98321894,45
98938396,42
98958462,30
98958478,36
98975987,29
99279917,52
99358989,48
99572818,50
99578759,39
100499974,55
100500071,47
100803757,39
100803861,53
101111328,24
101719756,39
101720371,41
101729979,72
102033473,71
102038588,44
103684457,52
103684458,35
103684460,37
103684461,33
103684463,27
103684464,37
103684468,45
103684470,36
103684471,32
103684472,27
103684473,27
103684474,31
103684475,64
103684477,63
103684478,29
103684479,36
103684481,54
103684482,47
103684484,36
103684485,27
103684487,22
103684491,28
103684492,27
103684493,24
103684494,26
103684495,26
103684496,32
103684497,26
103684499,40
103684500,24
103684501,22
103684502,25
103684504,27
103684507,20
103684508,25
103684509,37
103684510,24
103684511,26
103684512,36
103684515,54
103684516,49
103684517,53
103684518,26
103684519,30
103684521,25
103684522,35
103684523,26
103684525,29
103684526,27
103684527,23
103684528,21
103684529,34
103684530,27
103684531,31
103684536,34
103684537,31
103684538,24
103684541,39
103684544,27
103684545,21
103684546,33
103684548,22
103684551,23
103684552,23
103684553,24
103684555,29
103684557,33
103684559,30
103684560,31
103684561,24
103684566,37
103684567,59
103684568,45
103684569,30
103684570,21
103684571,24
103684573,27
103684574,27
103684575,38
103684577,25
103684580,34
103684582,23
103684584,35
103684585,25
103684587,33
103684590,31
103684591,40
103684592,52
103684594,22
103684595,24
103684596,26
103684598,29
103684599,42
103684600,28
103684601,41
103684603,40
103684604,31
103684605,37
103684606,41
103684607,26
103684608,29
103684609,27
103684610,45
103684611,32
103684613,25
103684614,25
103684615,25
103684616,21
103684618,31
103684619,33
103684620,34
103684621,37
103684622,44
103684625,23
103684626,22
103684627,22
103684629,27
103684630,24
103684631,25
103684632,43
103684633,40
103684634,49
103684635,50
103684636,48
103684637,32
103684638,42
103684639,25
103684640,29
103684641,25
103684642,23
103684643,30
103684644,36
103684645,30
103684646,32
103684647,41
103684648,20
103684649,38
103684650,55
103684651,31
103684652,51
103684654,47
103684657,49
103684658,25
103684661,50
103684662,23
103684663,41
103684665,37
103684666,43
103684668,33
103684670,40
103684671,39
103684674,42
103684676,51
103684677,29
103684680,46
103684681,27
103684684,45
103684685,30
103684686,25
103684687,43
103684688,51
103684689,41
103684690,58
103684691,58
103684693,32
103684695,27
103684696,36
103684698,62
103684700,35
103684701,41
103684705,30
103684706,25
103684707,39
103684708,28
103684709,24
103684712,30
103684713,38
103684714,23
103684715,40
103684716,26
103684719,30
103684722,34
103684723,22
103684724,26
103684725,43
103684726,50
103684727,36
103684728,58
103684729,65
103684732,43
103684733,44
103684735,31
103684736,41
103684737,59
103684738,48
103684739,28
103684740,20
103684741,51
103684744,30
103684745,43
103684746,29
103684747,55
103684748,42
103684749,39
103684750,38
103684751,25
103684752,49
103684753,44
103684755,48
103684757,62
103684758,28
103684760,29
103684761,30
103684763,28
103684768,29
103684769,33
103684770,23
103684771,40
103684772,28
103684774,33
103684775,47
103684777,30
103684778,55
103684779,36
103684780,25
103684781,26
103684782,36
103684783,24
103684784,38
103684787,33
103684788,29
103684789,39
103684790,26
103684791,39
103684792,26
103684795,33
103684796,33
103684797,22
103684798,30
103684799,21
103684801,37
103684803,44
103684804,28
103684805,22
103684806,58
103684807,35
103684808,20
103684809,28
103684810,38
103684814,30
103684816,34
103684822,41
103684823,26
103684825,25
103684826,32
103684827,21
103684828,23
103684832,24
103684833,26
103684834,25
103684835,36
103684837,28
103684838,47
103684840,21
103684841,36
103684842,26
103684843,27
103684845,25
103684846,57
103684847,40
103684848,64
103684849,26
103684851,42
103684853,63
103684854,28
103684855,51
103684857,25
103684858,56
103684859,61
103684860,41
103684861,45
103684866,29
103684867,33
103684868,30
103684870,23
103684872,61
103684876,20
103684877,39
103684878,43
103684880,49
103684882,46
103684883,36
103684884,26
103684885,26
103684886,21
103684887,35
103684888,25
103684889,40
103684890,46
103684891,21
103684892,34
103684893,28
103684894,29
103684895,20
103684900,25
103684901,29
103684902,25
103684903,28
103684905,25
103684907,43
103684908,44
103684910,57
103684913,31
103684914,46
103684915,28
103684916,23
103684917,37
103684919,49
103684920,52
103684921,31
103684922,20
103684925,34
103684926,36
103684927,37
103684928,35
103684930,28
103684931,39
103684932,33
103684933,32
103684934,27
103684935,26
103684936,24
103684937,54
103684938,29
103684940,50
103684941,36
103684944,29
103684946,39
103684951,27
103684952,43
103684953,41
103684954,49
103684955,44
103684956,47
103684957,40
103684958,52
103684960,49
103684961,54
103684962,22
103684963,33
103684964,40
103684965,35
103684966,27
103684967,21
103684969,57
103684971,42
103684972,40
103684973,47
103684975,27
103684976,29
103684977,30
103684978,45
103684980,22
103684981,29
103684982,41
103684983,32
103684985,20
103684986,36
103684987,38
103684989,39
103684990,35
103684991,31
103684994,33
103684995,29
103684996,27
103684997,46
103684999,27
103685002,25
103685004,38
103685005,34
103685006,42
103685008,36
103685010,58
103685013,40
103685015,27
103685016,32
103685019,25
103685021,23
103685022,26
103685024,28
103685025,59
103685026,44
103685027,22
103685030,26
103685031,23
103685032,20
103685033,38
103685037,36
103685038,20
103685039,27
103685040,25
103685041,25
103685042,29
103685048,24
103685049,23
103685050,26
103685051,29
103685052,27
103685053,24
103685054,29
103685056,26
103685057,25
103685058,25
103685060,34
103685061,21
103685062,32
103685063,21
103685064,22
103685065,34
103685067,23
103685068,41
103685069,52
103685070,30
103685071,52
103685072,29
103685073,19
103685074,24
103685075,53
103685076,28
103685077,62
103685079,41
103685080,28
103685081,35
103685082,29
103685083,26
103685084,28
103685085,28
103685090,21
103685091,55
103685096,20
103685097,23
103685100,20
103685101,27
103685102,43
103685105,37
103685107,26
103685108,26
103685109,34
103685112,28
103685117,46
103685119,47
103685121,41
103685122,61
103685126,27
103685128,26
103685129,30
103685130,47
103685133,29
103685134,40
103685135,35
103685136,37
103685137,54
103685138,21
103685140,29
103685141,60
103685142,31
103685143,48
103685144,31
103685145,38
103685146,22
103685148,36
103685151,46
103685152,60
103685153,48
103685154,25
103685155,21
103685156,23
103685157,26
103685158,26
103685159,24
103685160,35
103685161,29
103685162,25
103685163,43
103685165,29
103685168,38
103685169,47
103685170,44
103685171,21
103685172,51
103685173,25
103685176,21
103685177,41
103685178,26
103685179,47
103685180,58
103685181,38
103685182,40
103685183,49
103685184,32
103685185,46
103685186,44
103685188,63
103685189,59
103685190,28
103685191,49
103685192,33
103685193,20
103685194,34
103685195,35
103685196,22
103685198,35
103685199,52
103685200,58
103685201,23
103685202,61
103685203,52
103685204,53
103685205,38
103685206,23
103685207,36
103685208,58
103685209,48
103685211,27
103685212,34
103685213,37
103685214,39
103685218,41
103685219,47
103685221,57
103685222,53
103685224,37
103685225,36
103685226,27
103685228,53
103685229,56
103685231,31
103685232,33
103685234,32
103685235,37
103685236,23
103685237,29
103685238,53
103685240,26
103685242,21
103685243,28
103685244,38
103685246,29
103685247,47
103685248,49
103685252,37
103685253,30
103685254,60
103685256,36
103685257,30
103685259,32
103685260,34
103685261,29
103685264,33
103685267,26
103685271,33
103685272,47
103685275,33
103685276,37
103685278,36
103685279,23
103685281,28
103685282,27
103685284,26
103685286,32
103685289,24
103685290,28
103685292,29
103685294,21
103685298,26
103685300,31
103685302,30
103685303,48
103685304,46
103685305,29
103685306,24
103685307,48
103685309,25
103685311,26
103685314,24
103685316,47
103685318,35
103685319,26
103685320,39
103685321,54
103685322,52
103685323,31
103685324,42
103685325,38
103685326,39
103685327,60
103685328,43
103685329,41
103685330,41
103685332,43
103685333,31
103685334,32
103685335,43
103685336,54
103685337,24
103685338,22
103685339,26
103685340,50
103685342,27
103685343,26
103685344,21
103685345,27
103685348,34
103685349,45
103685350,25
103685351,34
103685353,48
103685354,48
103685355,36
103685356,41
103685358,45
103685361,28
103685364,34
103685365,32
103685366,56
103685367,35
103685369,33
103685370,26
103685371,39
103685372,33
103685373,21
103685374,29
103685377,46
103685378,34
103685380,24
103685383,43
103685384,42
103685385,53
103685387,41
103685389,35
103685390,30
103685392,39
103685396,27
103685397,40
103685398,48
103685401,51
103685402,21
103685404,39
103685405,55
103685408,23
103685409,34
103685410,26
103685411,24
103685412,34
103685413,55
103685415,38
103685416,34
103685417,22
103685418,36
103685421,40
103685422,48
103685423,50
103685425,27
103685426,28
103685427,22
103685428,46
103685429,48
103685430,25
103685432,21
103685434,29
103685436,56
103685437,27
103685438,44
103685439,54
103685440,42
103685442,46
103685443,28
103685444,39
103685445,29
103685446,38
103685448,31
103685449,55
103685450,60
103685451,59
103685454,48
103685455,34
103685457,27
103685459,39
103685462,52
103685463,50
103685464,53
103685465,27
103685466,26
103685469,41
103685470,53
103685471,35
103685472,55
103685473,43
103685474,42
103685475,47
103685476,25
103685478,25
103685479,21
103685483,35
103685484,31
103685485,22
103685486,22
103685487,29
103685488,27
103685489,29
103685490,25
103685491,44
103685493,27
103685494,34
103685496,31
103685498,30
103685499,43
103685502,28
103685504,24
103685505,44
103685506,41
103685507,37
103685508,58
103685509,41
103685510,57
103685511,53
103685513,35
103685514,25
103685516,26
103685518,28
103685519,36
103685520,30
103685521,54
103685522,42
103685525,29
103685526,42
103685528,54
103685529,30
103685530,25
103685531,29
103685532,25
103685533,30
103685534,29
103685535,32
103685536,22
103685537,35
103685538,22
103685540,25
103685541,31
103685542,20
103685543,33
103685545,27
103685547,26
103685548,42
103685549,43
103685551,34
103685552,25
103685554,25
103685555,26
103685556,25
103685557,54
103685558,22
103685559,30
103685560,29
103685561,29
103685562,31
103685563,40
103685564,39
103685565,33
103685567,47
103685570,25
103685573,27
103685574,52
103685575,27
103685577,55
103685578,41
103685580,41
103685581,21
103685582,30
103685583,42
103685584,51
103685585,26
103685586,31
103685587,44
103685589,45
103685590,25
103685591,30
103685594,26
103685595,23
103685596,22
103685598,22
103685599,20
103685601,28
103685602,23
103685603,36
103685604,31
103685605,30
103685607,60
103685608,30
103685609,49
103685610,34
103685611,26
103685613,54
103685614,44
103685615,26
103685617,22
103685618,29
103685620,36
103685622,48
103685623,35
103685625,26
103685626,30
103685627,28
103685629,34
103685631,24
103685632,26
103685633,41
103685634,24
103685635,27
103685636,26
103685639,34
103685640,40
103685642,47
103685644,20
103685650,44
103685651,20
103685653,34
103685657,29
103685658,29
103685660,30
103685661,26
103685662,44
103685663,34
103685664,34
103685667,25
103685668,27
103685669,23
103685670,24
103685671,31
103685674,27
103685675,28
103685676,23
103685677,34
103685678,48
103685680,27
103685681,53
103685682,24
103685683,50
103685684,43
103685685,33
103685686,33
103685687,56
103685688,58
103685691,42
103685692,28
103685693,37
103685695,52
103685696,46
103685697,48
103685698,33
103685699,42
103685700,60
103685701,58
103685702,23
103685703,44
103685704,40
103685706,24
103685710,42
103685711,25
103685713,37
103685714,25
103685716,34
103685717,27
103685718,30
103685719,37
103685721,34
103685722,28
103685723,28
103685724,33
103685728,40
103685729,32
103685732,27
103685733,28
103685734,25
103685735,46
103685736,28
103685737,27
103685738,47
103685739,27
103685740,59
103685741,24
103685743,29
103685745,25
103685746,56
103685748,53
103685749,32
103685750,46
103685751,56
103685753,35
103685756,55
103685757,42
103685758,29
103685759,35
103685760,25
103685763,23
103685764,24
103685766,47
103685767,35
103685769,26
103685773,27
103685774,29
103685777,34
103685780,29
103685782,54
103685785,28
103685786,22
103685787,23
103685788,27
103685790,34
103685791,50
103685793,22
103685794,45
103685795,21
103685796,56
103685797,60
103685798,34
103685799,34
103685800,31
103685801,25
103685802,25
103685803,49
103685804,23
103685805,30
103685806,42
103685807,27
103685808,24
103685809,25
103685810,27
103685811,25
103685812,29
103685814,33
103685815,43
103685816,33
103685817,36
103685818,33
103685819,22
103685820,40
103685821,36
103685822,26
103685823,41
103685824,20
103685825,39
103685827,28
103685828,28
103685829,25
103685832,46
103685833,56
103685834,20
103685836,26
103685841,46
103685842,37
103685843,57
103685844,44
103685845,38
103685846,43
103685847,57
103685848,23
103685850,21
103685852,47
103685853,22
103685854,21
103685855,28
103685856,29
103685859,21
103685860,28
103685861,26
103685862,30
103685864,27
103685865,23
103685867,26
103685868,50
103685869,34
103685870,26
103685872,28
103685875,54
103685877,29
103685880,27
103685881,45
103685882,36
103685884,30
103685885,24
103685889,29
103685891,43
103685892,25
103685893,41
103685895,38
103685896,59
103685897,40
103685898,53
103685899,28
103685901,29
103685902,21
103685903,49
103685904,54
103685905,63
103685906,33
103685907,43
103685908,41
103685909,58
103685910,34
103685911,56
103685914,48
103685916,33
103685917,40
103685919,35
103685921,23
103685922,51
103685923,28
103685924,34
103685927,26
103685930,25
103685932,32
103685933,26
103685934,28
103685935,27
103685936,30
103685937,41
103685939,25
103685940,30
103685941,38
103685942,27
103685943,24
103685944,26
103685946,30
103685949,26
103685950,26
103685952,28
103685953,29
103685954,47
103685955,25
103685957,24
103685958,30
103685959,49
103685960,24
103685961,26
103685962,30
103685963,31
103685964,29
103685965,37
103685967,39
103685968,22
103685969,58
103685972,22
103685973,25
103685975,29
103685976,23
103685983,26
103685985,31
103685987,29
103685988,24
103685990,48
103685992,24
103685993,30
103685994,31
103685996,26
103685997,23
103685998,21
103685999,37
103686001,25
103686003,22
103686005,22
103686007,40
103686008,25
103686010,39
103686013,21
103686014,25
103686016,38
103686017,22
103686023,28
103686025,27
103686026,27
103686027,27
103686029,27
103686031,22
103686032,39
103686033,26
103686034,36
103686035,27
103686036,32
103686037,26
103686038,51
103686040,54
103686041,40
103686042,52
103686045,47
103686046,61
103686047,22
103686048,53
103686049,34
103686050,32
103686054,21
103686055,22
103686056,33
103686057,35
103686058,23
103686060,50
103686061,58
103686062,44
103686063,39
103686065,31
103686069,46
103686070,59
103686072,57
103686074,54
103686075,50
103686076,24
103686078,24
103686079,27
103686081,41
103686084,36
103686086,44
103686089,29
103686090,40
103686095,24
103686096,27
103686097,41
103686098,25
103686100,37
103686102,24
103686104,27
103686105,26
103686106,24
103686107,43
103686108,21
103686109,45
103686110,50
103686111,54
103686112,51
103686113,47
103686115,44
103686116,47
103686118,52
103686120,49
103686122,52
103686123,23
103686125,53
103686126,36
103686127,28
103686128,36
103686129,30
103686130,22
103686131,27
103686132,20
103686133,21
103686134,23
103686135,26
103686137,22
103686139,20
103686141,25
103686142,26
103686143,25
103686144,41
103686145,41
103686148,35
103686149,33
103686150,50
103686151,32
103686152,27
103686153,56
103686154,52
103686155,50
103686156,37
103686157,43
103686158,39
103686159,39
103686160,34
103686161,34
103686166,46
103686169,50
103686170,52
103686171,52
103686172,50
103686174,34
103686175,45
103686176,35
103686178,45
103686179,24
103686181,52
103686182,42
103686184,25
103686185,29
103686186,23
103686187,24
103686188,24
103686189,23
103686191,48
103686194,45
103686197,32
103686198,26
103686199,33
103686200,38
103686201,39
103686202,21
103686203,30
103686204,25
103686205,32
103686207,23
103686208,40
103686209,44
103686210,44
103686211,34
103686214,48
103686217,29
103686218,36
103686219,45
103686221,23
103686222,32
103686223,23
103686224,38
103686225,42
103686226,26
103686227,47
103686228,49
103686229,24
103686231,32
103686232,45
103686233,27
103686234,57
103686235,23
103686236,51
103686237,36
103686239,33
103686241,35
103686242,40
103686243,53
103686244,54
103686247,27
103686250,29
103686251,57
103686252,22
103686254,63
103686255,58
103686256,49
103686258,36
103686259,60
103686262,34
103686263,31
103686266,31
103686267,60
103686268,35
103686269,51
103686270,36
103686273,52
103686274,61
103686276,65
103686277,39
103686278,51
103686280,57
103686281,40
103686282,41
103686284,58
103686286,35
103686288,41
103686289,23
103686294,42
103686296,55
103686297,47
103686298,23
103686299,50
103686300,28
103686301,35
103686302,37
103686303,34
103686304,24
103686305,30
103686306,35
103686307,33
103686308,39
103686309,21
103686311,53
103686312,35
103686313,30
103686315,25
103686320,22
103686322,32
103686325,40
103686326,33
103686329,32
103686330,31
103686331,27
103686332,32
103686333,25
103686334,23
103686335,21
103686336,20
103686337,30
103686338,53
103686339,36
103686343,38
103686346,50
103686347,51
103686348,36
103686349,25
103686350,38
103686353,31
103686354,38
103686355,57
103686356,29
103686357,44
103686358,61
103686363,56
103686364,42
103686365,41
103686366,54
103686367,32
103686369,28
103686371,27
103686372,46
103686374,39
103686375,48
103686376,37
103686377,35
103686378,40
103686379,22
103686380,46
103686381,41
103686382,22
103686385,22
103686386,27
103686388,33
103686391,36
103686392,39
103686394,24
103686395,22
103686396,26
103686398,38
103686399,39
103686400,25
103686402,26
103686403,26
103686406,43
103686408,36
103686409,29
103686411,30
103686412,39
103686413,26
103686414,35
103686415,27
103686416,23
103686417,21
103686419,27
103686420,27
103686423,28
103686425,42
103686426,65
103686427,43
103686430,51
103686431,48
103686432,60
103686433,33
103686436,28
103686437,33
103686438,29
103686439,20
103686440,33
103686441,51
103686442,23
103686443,21
103686444,29
103686445,27
103686446,35
103686447,36
103686448,27
103686449,29
103686450,31
103686451,20
103686454,26
103686457,20
103686458,30
103686460,32
103686461,37
103686463,34
103686464,33
103686465,34
103686467,24
103686469,26
103686470,38
103686471,29
103686472,30
103686473,27
103686475,40
103686476,20
103686478,33
103686479,35
103686481,35
103686482,26
103686483,47
103686484,26
103686485,57
103686486,60
103686487,45
103686488,47
103686489,59
103686490,56
103686491,26
103686492,53
103686494,31
103686495,27
103686496,29
103686497,42
103686498,33
103686500,37
103686501,25
103686502,36
103686503,42
103686504,47
103686505,33
103686506,22
103686507,27
103686510,27
103686511,48
103686512,46
103686513,44
103686514,37
103686515,56
103686516,32
103686517,26
103686518,29
103686519,26
103686523,28
103686525,39
103686528,23
103686529,37
103686531,28
103686532,26
103686533,29
103686534,30
103686541,34
103686543,30
103686544,55
103686545,24
103686547,27
103686548,30
103686549,29
103686550,30
103686552,50
103686553,20
103686554,44
103686555,46
103686556,28
103686557,27
103686558,38
103686559,46
103686561,34
103686563,48
103686564,58
103686565,46
103686567,46
103686570,51
103686571,35
103686573,30
103686574,47
103686575,32
103686576,32
103686577,49
103686579,20
103686580,30
103686583,24
103686584,54
103686585,30
103686587,31
103686589,41
103686590,59
103686591,50
103686592,20
103686593,23
103686594,47
103686595,22
103686596,48
103686597,52
103686598,39
103686599,54
103686601,38
103686603,51
103686604,36
103686605,28
103686607,38
103686608,38
103686609,55
103686610,35
103686611,37
103686614,45
103686616,30
103686617,22
103686618,40
103686619,34
103686620,41
103686623,26
103686624,45
103686627,21
103686629,23
103686631,30
103686632,33
103686633,32
103686634,26
103686635,52
103686636,48
103686637,26
103686638,30
103686639,50
103686640,41
103686641,55
103686642,29
103686643,28
103686644,45
103686645,46
103686646,25
103686647,45
103686648,58
103686649,58
103686650,25
103686653,47
103686654,54
103686656,25
103686657,37
103686658,29
103686659,31
103686660,49
103686661,44
103686663,48
103686664,40
103686665,39
103686666,47
103686667,34
103686669,41
103686670,41
103686671,54
103686672,59
103686673,50
103686675,24
103686677,47
103686678,48
103686679,23
103686680,40
103686682,58
103686684,33
103686686,27
103686687,25
103686691,40
103686692,36
103686694,38
103686697,34
103686700,21
103686701,43
103686702,25
103686703,53
103686704,21
103686706,48
103686708,20
103686710,22
103686711,27
103686712,27
103686714,21
103686715,23
103686717,57
103686718,47
103686719,36
103686721,55
103686722,58
103686723,26
103686725,22
103686726,48
103686727,33
103686728,47
103686729,29
103686732,47
103686733,28
103686734,27
103686737,39
103686739,44
103686740,42
103686743,20
103686744,35
103686745,29
103686747,23
103686748,33
103686750,62
103686751,39
103686753,36
103686755,23
103686757,42
103686758,24
103686759,36
103686760,41
103686761,23
103686762,50
103686763,38
103686764,52
103686766,28
103686767,24
103686768,38
103686769,34
103686771,27
103686772,36
103686773,28
103686774,27
103686775,48
103686776,55
103686777,47
103686780,27
103686781,52
103686783,20
103686789,44
103686790,35
103686791,53
103686792,25
103686793,62
103686795,46
103686796,23
103686797,35
103686798,28
103686799,39
103686801,24
103686802,49
103686804,34
103686806,29
103686807,32
103686808,61
103686809,24
103686810,40
103686811,33
103686813,35
103686814,22
103686815,20
103686816,27
103686817,35
103686818,36
103686819,36
103686821,22
103686823,50
103686825,30
103686826,34
103686827,36
103686831,27
103686832,21
103686836,29
103686838,24
103686845,25
103686846,27
103686850,30
103686852,22
103686855,30
103686859,26
103686861,25
103686862,20
103686863,24
103686866,30
103686867,25
103686868,36
103686873,26
103686876,22
103686878,54
103686879,25
103686881,27
103686882,28
103686883,26
103686884,27
103686885,27
103686886,23
103686887,30
103686888,62
103686889,42
103686890,48
103686891,27
103686893,33
103686894,48
103686895,45
103686896,64
103686897,22
103686898,21
103686899,33
103686900,27
103686901,48
103686903,29
103686904,46
103686906,59
103686907,37
103686909,35
103686910,25
103686911,43
103686913,34
103686914,28
103686916,22
103686919,26
103686920,22
103686922,47
103686923,42
103686924,25
103686925,20
103686926,58
103686927,42
103686928,41
103686930,53
103686931,63
103686932,55
103686933,57
103686934,56
103686935,23
103686936,23
103686938,30
103686941,46
103686942,26
103686943,25
103686944,34
103686945,31
103686946,42
103686947,28
103686948,35
103686950,43
103686951,44
103686952,38
103686953,60
103686954,34
103686960,20
103686961,41
103686962,39
103686963,54
103686964,22
103686966,52
103686967,42
103686968,37
103686971,44
103686973,48
103686974,54
103686976,30
103686979,40
103686981,28
103686982,33
103686983,39
103686984,37
103686986,53
103686987,46
103686989,40
103686990,50
103686995,49
103686996,41
103686997,23
103686998,21
103686999,42
103687002,36
103687003,40
103687004,34
103687010,48
103687011,28
103687012,40
103687013,25
103687015,50
103687016,27
103687017,30
103687018,26
103687020,21
103687021,29
103687023,21
103687024,64
103687028,32
103687029,24
103687030,36
103687031,19
103687032,22
103687033,26
103687037,29
103687038,23
103687040,33
103687041,33
103687042,31
103687044,28
103687047,42
103687048,31
103687049,31
103687050,43
103687052,30
103687053,22
103687054,29
103687055,41
103687056,42
103687057,33
103687058,35
103687059,28
103687062,46
103687063,21
103687064,45
103687065,32
103687066,34
103687067,46
103687068,33
103687069,43
103687070,28
103687071,36
103687072,39
103687073,42
103687074,41
103687075,28
103687077,23
103687078,27
103687079,33
103687082,57
103687083,35
103687084,56
103687085,36
103687086,57
103687087,35
103687088,37
103687089,31
103687092,39
103687094,41
103687095,31
103687097,36
103687098,60
103687100,38
103687101,24
103687102,56
103687103,28
103687104,29
103687105,29
103687106,52
103687110,44
103687111,36
103687112,31
103687114,23
103687115,41
103687118,60
103687119,34
103687120,38
103687122,38
103687124,34
103687125,30
103687126,44
103687130,36
103687131,49
103687133,52
103687134,54
103687136,53
103687137,31
103687138,29
103687139,43
103687140,47
103687144,44
103687145,34
103687146,43
103687147,46
103687149,53
103687150,42
103687151,22
103687152,45
103687153,31
103687154,56
103687155,54
103687156,33
103687158,34
103687160,25
103687161,46
103687164,26
103687166,51
103687167,31
103687168,44
103687169,64
103687170,58
103687172,21
103687173,24
103687174,20
103687175,41
103687176,35
103687177,33
103687178,44
103687179,28
103687180,25
103687181,31
103687183,28
103687186,47
103687187,51
103687188,53
103687189,59
103687190,32
103687192,26
103687194,25
103687196,43
103687199,40
103687200,33
103687201,40
103687202,28
103687203,31
103687204,33
103687205,25
103687207,27
103687209,44
103687210,29
103687211,48
103687212,25
103687213,41
103687214,32
103687216,29
103687217,28
103687218,41
103687219,29
103687220,23
103687222,39
103687223,29
103687224,31
103687226,30
103687227,29
103687228,42
103687229,35
103687230,36
103687231,35
103687234,48
103687235,35
103687236,27
103687238,28
103687240,27
103687242,48
103687243,40
103687244,36
103687249,38
103687250,29
103687255,25
103687256,32
103687257,28
103687258,35
103687260,37
103687261,24
103687262,25
103687263,33
103687264,41
103687265,28
103687266,30
103687267,43
103687268,26
103687269,41
103687270,27
103687271,31
103687272,27
103687273,35
103687274,48
103687276,43
103687277,48
103687279,31
103687280,51
103687281,24
103687282,34
103687283,25
103687285,30
103687286,25
103687287,29
103687288,27
103687289,29
103687290,24
103687292,36
103687293,35
103687294,27
103687295,25
103687297,59
103687298,31
103687299,40
103687300,28
103687306,20
103687307,28
103687308,32
103687310,33
103687312,21
103687313,30
103687314,30
103687316,23
103687317,21
103687318,24
103687319,21
103687321,23
103687322,22
103687323,26
103687324,57
103687325,45
103687326,60
103687327,47
103687328,28
103687329,28
103687331,34
103687332,49
103687333,35
103687334,54
103687335,38
103687338,24
103687339,39
103687340,22
103687341,21
103687344,26
103687346,24
103687347,23
103687348,44
103687351,30
103687352,24
103687353,58
103687354,29
103687356,37
103687358,45
103687359,25
103687360,50
103687361,48
103687362,52
103687363,48
103687364,49
103687365,46
103687366,37
103687367,59
103687369,40
103687371,28
103687372,30
103687373,61
103687376,44
103687377,30
103687378,24
103687380,32
103687381,25
103687382,26
103687383,40
103687386,44
103687387,56
103687388,42
103687391,52
103687392,42
103687394,33
103687395,26
103687396,25
103687397,23
103687398,31
103687399,43
103687400,29
103687401,23
103687402,46
103687404,24
103687405,24
103687406,48
103687408,42
103687409,22
103687410,26
103687411,32
103687412,24
103687415,24
103687416,21
103687419,28
103687420,56
103687422,44
103687424,38
103687426,31
103687429,28
103687430,53
103687432,25
103687435,31
103687439,41
103687440,45
103687441,23
103687442,27
103687444,37
103687445,44
103687447,44
103687448,36
103687449,48
103687450,31
103687451,33
103687452,44
103687453,57
103687454,57
103687455,56
103687456,43
103687457,51
103687458,38
103687459,25
103687460,27
103687463,25
103687464,23
103687465,48
103687466,43
103687471,23
103687472,51
103687473,60
103687474,24
103687475,54
103687476,59
103687477,37
103687478,38
103687479,29
103687480,49
103687481,46
103687482,32
103687483,49
103687484,35
103687485,22
103687486,28
103687487,30
103687488,24
103687489,41
103687490,68
103687491,46
103687492,56
103687494,59
103687497,38
103687498,23
103687499,38
103687500,26
103687501,30
103687502,31
103687503,57
103687504,41
103687505,38
103687508,25
103687509,21
103687510,25
103687512,39
103687513,44
103687515,25
103687517,39
103687518,34
103687519,51
103687520,43
103687521,37
103687522,36
103687523,33
103687524,37
103687525,58
103687526,43
103687528,24
103687529,60
103687530,62
103687532,34
103687534,55
103687535,44
103687537,60
103687538,36
103687539,60
103687541,43
103687542,37
103687543,27
103687544,29
103687545,53
103687547,48
103687549,24
103687550,48
103687552,42
103687553,29
103687554,23
103687555,22
103687556,42
103687557,56
103687559,51
103687561,35
103687562,41
103687565,54
103687566,33
103687568,43
103687569,39
103687570,63
103687571,26
103687572,39
103687573,38
103687574,34
103687575,48
103687576,30
103687578,63
103687581,23
103687582,39
103687584,44
103687585,24
103687587,27
103687588,48
103687589,41
103687591,44
103687596,44
103687597,34
103687599,32
103687602,34
103687604,25
103687605,51
103687606,35
103687609,26
103687610,43
103687611,30
103687612,40
103687613,30
103687616,26
103687617,57
103687619,23
103687620,33
103687621,60
103687623,37
103687624,34
103687625,37
103687626,23
103687627,35
103687631,40
103687632,32
103687633,59
103687634,25
103687636,27
103687637,22
103687638,22
103687639,48
103687640,21
103687641,46
103687642,28
103687643,41
103687644,26
103687646,29
103687647,22
103687648,46
103687649,25
103687650,37
103687652,41
103687653,40
103687654,42
103687656,26
103687658,39
103687659,34
103687662,35
103687663,38
103687664,32
103687666,45
103687668,34
103687669,25
103687671,44
103687672,26
103687674,32
103687677,29
103687678,26
103687679,25
103687680,27
103687681,26
103687682,57
103687683,59
103687684,53
103687685,54
103687686,48
103687687,55
103687688,24
103687690,54
103687691,41
103687693,45
103687694,34
103687695,34
103687696,45
103687699,36
103687700,23
103687701,27
103687702,23
103687704,26
103687705,31
103687706,43
103687707,29
103687708,32
103687709,28
103687710,22
103687711,27
103687712,28
103687714,48
103687715,32
103687717,49
103687718,46
103687719,53
103687720,41
103687721,27
103687722,31
103687723,46
103687724,28
103687725,63
103687726,35
103687727,47
103687728,50
103687729,49
103687730,54
103687731,54
103687732,45
103687733,52
103687734,49
103687737,35
103687738,33
103687739,60
103687742,52
103687743,46
103687744,28
103687745,47
103687746,28
103687747,22
103687748,30
103687749,24
103687750,26
103687753,22
103687754,26
103687756,28
103687759,24
103687760,48
103687761,21
103687762,45
103687764,22
103687766,21
103687767,29
103687771,31
103687772,34
103687773,56
103687774,40
103687775,46
103687776,26
103687778,28
103687779,32
103687780,41
103687781,26
103687782,54
103687783,44
103687784,34
103687785,63
103687786,44
103687789,36
103687791,51
103687792,48
103687793,60
103687794,23
103687795,48
103687796,37
103687799,43
103687802,47
103687804,52
103687805,27
103687809,45
103687810,41
103687811,41
103687812,25
103687813,43
103687814,54
103687816,29
103687817,62
103687818,40
103687823,21
103687824,29
103687825,21
103687827,27
103687829,24
103687830,23
103687832,22
103687833,23
103687834,27
103687835,62
103687836,35
103687837,30
103687838,46
103687839,27
103687840,24
103687841,21
103687842,29
103687845,28
103687848,24
103687849,38
103687851,46
103687852,33
103687853,22
103687854,30
103687855,24
103687857,34
103687858,39
103687860,23
103687863,32
103687864,29
103687865,25
103687866,23
103687868,30
103687869,25
103687870,39
103687871,35
103687872,31
103687873,25
103687874,23
103687876,43
103687877,56
103687878,42
103687880,43
103687882,32
103687883,36
103687885,55
103687886,57
103687887,58
103687889,58
103687890,71
103687891,54
103687893,23
103687894,58
103687895,21
103687896,52
103687897,50
103687898,41
103687899,26
103687900,38
103687901,44
103687902,24
103687903,40
103687905,34
103687907,26
103687908,26
103687909,25
103687911,46
103687912,31
103687913,42
103687914,43
103687915,44
103687916,34
103687917,54
103687918,48
103687919,33
103687920,33
103687921,36
103687922,45
103687923,38
103687924,23
103687925,40
103687927,22
103687928,22
103687929,58
103687930,37
103687931,47
103687932,38
103687933,51
103687934,57
103687935,31
103687936,23
103687938,54
103687939,56
103687940,57
103687941,53
103687942,27
103687944,41
103687945,56
103687946,25
103687947,30
103687948,44
103687949,37
103687951,26
103687952,26
103687953,30
103687955,25
103687957,29
103687958,43
103687960,31
103687961,29
103687962,23
103687963,51
103687964,27
103687965,42
103687967,47
103687968,50
103687969,48
103687971,30
103687972,25
103687973,25
103687974,37
103687978,33
103687979,27
103687980,20
103687982,37
103687984,34
103687985,31
103687986,27
103687988,36
103687989,49
103687992,33
103687993,29
103687994,31
103687995,25
103687996,23
103687997,44
103687998,26
103688000,24
103688001,26
103688002,27
103688003,47
103688004,57
103688005,23
103688007,25
103688008,61
103688009,40
103688010,22
103688011,25
103688012,44
103688014,27
103688015,23
103688016,20
103688017,41
103688018,48
103688019,22
103688021,32
103688022,46
103688023,24
103688024,32
103688026,22
103688027,30
103688028,31
103688032,34
103688033,46
103688034,35
103688035,68
103688037,35
103688038,32
103688039,23
103688041,27
103688042,38
103688043,30
103688044,30
103688045,26
103688046,44
103688047,57
103688048,29
103688050,42
103688053,51
103688056,41
103688059,56
103688060,39
103688061,42
103688062,57
103688063,37
103688064,53
103688065,24
103688066,39
103688067,49
103688068,45
103688070,30
103688071,51
103688074,74
103688075,54
103688076,46
103688077,34
103688078,53
103688079,33
103688084,43
103688086,22
103688089,34
103688090,36
103688091,31
103688092,51
103688094,38
103688095,21
103688096,24
103688097,24
103688098,39
103688099,26
103688100,31
103688101,22
103688102,20
103688103,31
103688105,29
103688106,26
103688108,50
103688109,40
103688110,32
103688111,28
103688112,39
103688113,23
103688114,45
103688115,28
103688116,22
103688117,24
103688118,24
103688120,26
103688121,32
103688122,31
103688124,20
103688125,24
103688126,39
103688127,44
103688128,23
103688131,39
103688132,23
103688135,41
103688136,32
103688137,31
103688138,20
103688141,26
103688144,24
103688145,29
103969754,68
103975883,51
103975897,26
103982885,24
104594330,28
104594411,46
104594425,42
105445416,44
105501885,32
105516020,56
105779926,56
105825925,77
105825972,39
105827569,34
105829667,55
105838353,48
106112100,34
106137776,48
106138467,42
106430651,63
106430710,52
106431130,75
106458156,51
106458160,35
106458161,80
106458164,93
106458171,34
106458172,48
106458173,50
106458175,46
106458176,39
106458178,49
106458185,81
106458187,57
106458191,82
106458195,35
106458198,76
106458200,94
106458201,85
106458212,96
106458214,95
106458215,93
106458224,65
106458225,51
106458228,77
106458232,81
106458241,71
106458242,83
106458245,75
106458246,74
106458247,79
106458248,31
106458250,83
106458253,76
106458255,81
106458263,72
106458265,67
106458266,78
106458270,73
106458273,63
106458277,66
106458278,73
106458279,85
106458280,80
106458283,83
106458286,80
106458288,87
106458292,63
106458295,81
106458299,71
106458306,63
106458309,82
106458319,30
106458328,81
106458331,81
106458332,64
106458334,86
106458343,69
106458359,77
106458370,85
106458378,60
106458392,68
106458399,76
106458400,27
106458404,90
106458405,58
106458407,85
106458409,77
106458412,99
106458415,53
106458416,31
106458418,55
106458419,67
106458420,61
106458421,78
106458428,90
106458429,85
106458431,46
106458433,63
106458442,91
106458443,88
106458445,62
106458452,99
106458456,63
106458457,74
106458458,82
106458459,82
106458460,80
106458466,62
106458470,68
106458473,48
106458474,78
106458475,63
106458477,77
106458479,53
106458482,83
106458483,42
106458487,83
106458489,82
106458490,75
106458493,71
106458494,43
106458509,32
106458511,74
106458517,83
106458523,68
106458525,67
106458529,88
106458530,42
106458532,78
106458543,42
106458551,65
106458552,89
106458553,85
106458556,86
106458557,74
106458559,74
106458560,81
106458561,65
106458569,77
106458570,74
106458571,89
106458574,81
106458576,35
106458577,28
106458581,72
106458584,93
106458585,84
106458586,72
106458587,72
106458588,90
106458590,93
106458596,74
106458600,64
106458601,79
106458610,77
106458614,72
106458620,95
106458621,84
106458625,86
106458626,87
106458631,93
106458636,64
106458638,80
106458645,29
106458650,89
106458653,86
106458657,66
106458658,83
106458668,54
106458671,51
106458677,59
106458679,69
106458681,69
106458682,120
106458684,68
106458685,71
106458687,78
106458688,57
106458689,59
106458690,85
106458696,67
106458704,59
106458709,82
106458710,75
107679212,61
107679382,34
107679983,18
107979966,43
107984089,56
108232222,43
108290671,55
108290778,43
108290930,53
108291344,71
108604988,26
108911290,56
108916873,43
108917359,43
108917394,32
109213888,34
109215104,51
109215145,37
109220074,24
109594731,33
109841752,82
110187987,47
110231339,55
110450714,56
110452344,34
110452352,51
111065596,42
111077508,36
111077675,37
111688221,32
111705987,60
112002196,54
112003061,37
112003613,72
112004245,57
112311242,22
112311255,43
112507006,32
112897442,78
112959167,70
113253011,67
113258368,50
113258447,55
113258888,48
113570531,60
113933546,54
114191873,51
114191920,28
114191921,32
114191971,62
114193337,29
114401815,39
114401828,49
114811119,65
114811131,74
114811164,30
114811748,51
114811759,24
115111764,51
115434552,27
115741530,54
116360238,45
116360265,58
116609565,51
116980439,27
116993729,58
117229405,47
117602858,47
117911043,48
118222996,26
118222997,25
118317734,62
118514882,50
118520139,34
118839331,31
119075371,35
119150949,39
119316799,54
120076052,26
120391541,48
120392651,33
120392714,62
120691896,44
120704891,41
121317572,40
121317747,33
121318325,53
121318337,24
121318438,54
121942889,55
121942937,60
121942969,48
122263255,37
122263769,54
122908417,57
122909068,49
123217735,49
123217841,30
123871340,55
124123785,78
124154167,38
124165487,36
124685850,46
124685955,52
124760003,64
124846377,36
125190066,50
125190117,30
125385172,45
125704696,54
126026121,38
126027354,52
126027717,32
126329760,32
126955493,73
127260495,38
127570734,42
127570737,53
128014119,59
128145291,44
128182373,33
128182606,47
128205482,38
128209548,41
128217973,35
128219389,48
128220423,36
128222462,42
128236129,51
128239884,44
128304031,31
128538557,47
128781127,55
128838387,66
128838414,43
128849521,28
128849550,64
129787984,71
131030242,33
131331686,90
131343773,35
132852067,35
132893358,78
132893367,47
132904213,58
133515213,42
133515217,36
133835801,55
134140703,32
134358589,76
134767060,75
135701317,22
135701877,21
135701879,24
135996356,26
137888230,35
138828667,80
139697030,23
139697066,22
139697080,23
139697930,21
139699626,23
139699631,22
139700408,22
139701887,22
139701949,22
139701978,22
139702803,22
139702816,22
139702903,23
139702932,22
139759401,35
139759836,57
139763193,28
139763213,52
139763214,27
139763215,44
139763216,45
139763220,50
139763227,36
139763228,41
140072953,51
140072960,67
140072962,29
140072963,40
140073414,41
140073427,44
140073785,56
140106881,33
140323753,27
140379603,26
140379606,37
140379607,49
140379613,51
140379624,52
140379625,43
140379628,53
140381331,51
140381337,44
140381390,63
141303424,43
141308533,41
141316950,39
141322510,42
141325950,69
141326387,72
141329495,37
141329496,43
141329497,30
141329498,38
141329499,41
141649313,42
141700491,35
141953250,76
141954689,42
141955116,40
141955124,38
141957376,36
141957378,58
141957380,34
141957381,36
141957397,84
141957398,39
141957399,39
141957400,31
142275464,26
142283015,74
143354894,61
143527440,38
143566074,64
143575982,44
143583082,56
144022902,55
144216156,29
144855503,39
144855504,35
144855505,70
144855506,69
144855579,25
144855580,54
145087581,23
145149365,52
145418191,45
145454869,43
145475053,36
145481172,36
145481195,62
145481197,57
145481247,30
145486282,40
145486283,62
145486285,59
145486288,60
145486289,71
145486291,45
145486306,31
145486307,29
145486308,45
145806036,62
145806573,40
145806582,57
146114316,44
146114323,48
146114784,38
146388038,41
146749865,26
146749867,57
147155349,30
147304595,36
147353794,52
147365228,38
147366895,31
147366928,32
147367374,30
147686945,62
147687013,33
147687059,38
147692733,64
147992235,33
148002116,38
148002124,40
148002135,35
148002145,34
148002158,24
148002824,44
148313322,31
148313343,69
148313361,29
148313364,27
148313370,39
148313399,29
148631653,56
148631656,60
148943366,31
148947493,37
149025617,41
149188214,57
149213714,62
149264323,36
149264334,35
149322429,43
149571967,35
149571970,70
149571975,29
149571984,48
149571991,41
149571996,71
149572001,41
149572002,27
149572005,27
149572410,41
149572411,77
149572412,78
149580884,30
149885271,30
149885294,23
149885295,43
149895099,70
150139803,31
150201248,55
150201249,42
150201254,41
150201257,50
150201820,51
150201829,87
150201845,40
150206999,59
150212115,54
150212450,45
150212462,69
150514191,51
151143847,38
151870085,56
152211414,83
152403714,67
152522739,37
152724905,37
152724919,32
152739652,64
152818701,34
152960106,61
152993711,26
153032134,32
153032185,50
153032187,54
153032188,61
153136881,68
153136901,79
153136928,56
153332187,29
153660685,26
153660687,25
154285118,63
154296199,50
154296216,59
154296247,43
154296257,39
154296711,49
154350767,62
154570525,26
154583380,22
154609246,40
154609250,20
154609251,26
154609269,64
154609301,31
154609307,30
154613236,44
154614469,33
155228401,34
155235125,51
155241826,35
155241845,57
155242404,27
155491291,64
155554728,27
155554735,57
155554736,62
155595751,55
155861977,31
155861990,64
155862175,58
155862853,24
155863045,34
155863976,75
155867230,58
156182286,45
156182913,31
156182920,57
156473011,22
156777006,56
156809708,50
156810118,32
156810142,31
156814173,68
156814179,64
157138093,76
157138108,28
157441979,72
157441985,54
157754656,42
157755484,47
157759492,50
157759493,26
157759494,36
157781570,35
158066372,31
158066390,44
158066454,55
158391669,40
158705958,57
158706609,48
159319517,48
159322538,28
159323121,55
159323136,57
159328634,73
159328666,53
159653534,54
159943168,78
159956398,28
159974463,62
160272563,51
160276680,23
160597192,40
161178848,35
161534862,43
161534870,50
161771247,56
161808734,51
161851801,63
161854341,55
161854342,31
161854343,58
161854344,25
161854345,55
161855035,63
162171229,44
162906279,42
162906323,72
162906324,80
162906334,20
163849086,59
163849569,48
164120249,23
164163750,26
164476614,56
164478158,27
164755142,50
164770947,43
164791489,34
164791491,28
164791492,29
164791493,30
164791499,28
164791529,37
164792192,29
164795567,43
165744195,28
166066364,30
167077871,32
167316237,29
167942527,55
168550238,27
168576017,73
169196733,49
169208081,37
169519105,33
169792548,44
169838429,38
169838444,60
169838458,52
170525163,37
170776851,45
170776902,59
170776936,21
170824859,54
170828708,37
170851030,52
170852261,78
170871516,54
170893406,55
170940578,44
170946017,56
170992496,35
170995209,36
171027697,42
171032559,47
171042138,27
171050549,52
171063951,50
171081821,31
171097773,55
171098211,38
171414232,40
171414240,77
171414787,53
171418039,54
171530002,43
171723148,38
171754287,36
171784880,40
171787496,40
171841353,41
171955719,26
172020109,51
172024106,37
172029058,72
172030517,61
172030520,63
172044244,46
172058309,38
172060823,38
172064431,62
172065350,25
172065402,33
172065434,32
172065436,51
172065450,38
172065461,20
172065476,22
172065495,35
172065512,19
172065517,21
172065597,24
172065601,23
172065619,34
172065650,19
172065661,20
172065684,25
172065687,21
172065691,22
172065697,24
172065719,27
172065725,37
172065739,20
172065741,20
172065774,19
172065776,21
172065779,33
172065793,26
172065816,68
172065883,21
172065884,19
172065900,27
172065918,21
172065922,33
172065928,23
172065938,22
172065944,27
172065957,19
172065962,48
172065971,20
172065974,20
172065975,32
172065978,46
172065982,34
172065988,23
172065999,31
172066002,19
172066030,25
172066031,22
172066048,21
172066059,26
172066064,23
172066065,31
172066075,38
172066102,35
172066104,33
172066130,19
172066133,21
172066140,20
172066144,20
172066151,24
172066153,21
172066198,24
172066246,82
172066271,24
172066288,23
172066298,24
172066300,23
172066304,20
172066309,22
172066316,19
172066329,19
172066336,23
172066350,37
172066354,37
172066371,19
172066383,33
172066392,47
172066411,23
172066431,73
172066432,54
172066439,26
172066452,71
172066466,61
172066470,45
172676176,76
172999320,42
173000139,50
173623460,50
173628582,57
173628959,37
173943138,59
174581713,48
174887481,38
175526117,24
175838391,69
176184877,59
176466188,36
176779713,61
177100294,56
177101938,27
177365537,25
177413114,21
177413138,64
177426951,44
177718154,22
178039050,26
178089026,41
178410466,38
178666450,69
178770796,60
178988742,33
179366889,37
179633817,73
179633818,32
179633819,33
179633851,36
179633857,71
179924316,40
180361258,42
180875948,32
180875957,54
181183813,43
181594116,49
181818320,65
181820529,35
182776746,51
182776777,37
182776782,22
182846334,52
183395947,27
184978458,34
185294581,35
185296906,28
185296907,32
185296909,62
185616384,35
186244549,80
186881053,61
186924623,35
187188181,26
187188967,25
187192582,50
187192583,26
187504954,55
187821232,25
188113886,61
188141716,50
188445718,75
188458514,63
189404911,43
190026162,31
190479481,43
190663799,37
191356502,36
191612919,23
191613434,27
191613446,88
191850271,43
191925980,56
192244604,59
192245461,58
192249175,62
192550432,55
192553683,52
192554272,49
192554356,58
192566285,23
192862632,63
192862994,26
193821154,58
194136143,20
194136144,20
194136694,20
194449112,35
194463257,47
194558958,58
194755372,44
194768472,57
194768474,49
194768847,50
194768857,51
194768863,57
194768911,49
194768915,59
194768928,49
194779275,42
194831702,39
195088514,54
195088515,55
195088525,23
195088531,50
195088543,62
195088996,55
195724772,60
196019117,53
196034213,61
196035987,46
196035996,54
196036040,73
196036054,22
196036075,50
196036076,52
196036085,52
196036126,47
196036128,48
196036382,20
196036396,20
196036397,51
196036399,48
196036412,28
196036413,51
196036418,53
196036423,58
196036429,52
196036463,46
196327715,50
196353155,54
196353159,28
196353166,58
196353763,48
196353804,55
196353819,53
196353880,54
196353920,54
196353957,56
196354308,50
196354326,20
196354329,54
196354355,40
196354386,55
196354792,51
196658369,64
196668760,44
197010768,40
198249154,42
199018304,35
199018327,44
199172904,42
199193033,49
199194253,56
199194258,52
199194267,63
200146491,37
200150095,31
200152989,68
200152990,24
200152991,52
200465305,67
201441785,51
201441796,35
201442162,42
201443918,49
201443968,35
201444334,46
201756743,23
201756749,92
201756759,54
201756760,26
201756765,54
201758800,54
202069182,44
202071031,56
203662190,46
203663732,53
203971572,60
204288492,27
204288499,50
204850734,19
204850736,39
204850737,33
204850743,28
204850746,35
206161334,25
206192472,64
206192869,52
206498852,28
206817480,34
207142468,22
207767783,37
208402972,65
208668175,28
208710561,24
208814800,33
209035678,35
209315874,24
209339334,68
209675006,59
209980498,55
210286166,21
210293348,23
210303394,57
210305781,56
210615215,27
210615217,34
210935250,37
211222623,63
212518392,55
212824554,65
213127821,76
213145832,43
213152174,52
213152186,75
213204128,40
213387308,23
213396473,22
213396608,23
213407610,22
213408929,22
213480025,45
213805260,74
213814935,55
214462564,23
214809353,60
215473423,76
215497066,54
215625327,38
215636629,36
215661504,40
215829081,55
215829117,25
215829713,30
215829728,52
216159609,52
216164927,70
216470208,55
217150963,60
217486293,45
217486294,50
217486354,51
217486358,38
217808847,55
217808919,25
217808926,29
217811030,41
217837944,38
217857034,39
217882265,37
217909224,49
218144690,65
218144692,19
218145009,19
218145580,40
218146645,37
218147426,37
218154620,40
218155350,37
218157023,35
218158172,37
218158354,37
218191691,37
218194470,38
218199068,43
218437915,45
218477558,42
218480927,38
218481836,37
218482727,40
218482746,38
218482835,39
218483692,37
218485783,38
218486001,36
218486009,38
218486012,37
218486049,37
218486385,38
218486392,38
218486397,39
218486931,39
218487090,37
218487121,38
218487263,40
218487756,37
218487785,38
218487806,37
218487814,38
218488015,39
218488152,37
218488381,37
218488528,38
218488604,37
218488695,36
218488746,38
218488947,37
218488957,37
218489034,37
218489234,37
218489262,37
218489418,36
218489722,37
218516058,40
218528284,37
218532412,37
218576620,66
218578624,35
218773676,38
218781971,24
218812137,42
218813600,38
218813604,38
218815749,38
218816078,37
218816172,45
218816175,39
218816308,37
218816459,40
218816510,38
218816715,36
218817064,37
218817636,37
218817809,37
218818131,36
218818202,37
218818417,37
218818494,36
218818750,38
218818808,38
218819004,36
218819007,36
218819069,37
218819074,37
218819153,36
218819224,39
218819228,38
218819231,37
218819241,37
218819370,39
218819472,37
218819483,37
218819506,37
218819684,37
218819889,37
218820209,40
218820259,36
218820471,37
218820550,37
218820907,37
219136769,42
219521211,36
219563041,54
219706831,19
219802252,24
219804607,37
219804884,74
219806151,37
219806749,39
219809022,36
219809970,40
219810835,42
219812198,36
219812330,40
219812331,37
219812341,39
219812570,40
219812774,38
219812841,41
219813221,40
219813245,37
219813716,39
219813877,39
219813924,39
219814212,38
219814219,36
219914955,42
220058463,65
220111758,65
220132090,51
220132217,45
220139305,36
220142113,37
220142653,36
220143158,36
220143328,36
220144865,36
220144868,40
220144887,37
220145484,37
220460293,78
220461550,40
220555382,52
220731152,46
220799990,53
220808951,55
221129922,48
221448525,57
221802318,55
222091387,18
222091834,25
222752565,47
223084216,53
223084798,51
223420285,37
224050961,22
224371547,19
224380806,39
224381354,40
224386365,36
224388176,41
224388773,38
224389670,51
224390174,36
224391169,37
224391286,38
224391382,38
224635216,38
224635358,39
224697105,19
224697106,59
224697703,20
224699389,54
224703311,38
224710699,24
225649587,23
225666674,23
225679694,47
225680296,39
226641454,67
226884785,56
226946225,32
226991150,37
227009473,35
227036250,37
227052788,35
227058309,34
227060686,38
227070472,37
227203933,32
227230914,30
227235367,29
227241577,64
227255639,35
227260392,23
227261451,25
227286661,39
227289313,37
227289501,40
227290207,38
227290312,38
227291055,37
227292029,38
227292030,36
227292246,36
227292938,36
227292940,38
227293136,40
227293386,36
227634620,40
227682119,35
227684338,35
227696740,34
227702458,35
227737006,34
227747969,63
227915846,67
227924367,57
227924608,57
227924865,38
227925219,62
227927159,39
227927514,38
227929258,38
227930548,38
227931221,38
227933690,37
227933695,37
227934784,37
227934857,39
227935037,37
227935850,38
227935862,37
227936350,38
227936498,49
227936594,39
227936971,37
227936977,37
227937047,36
227937494,38
227937529,38
227937764,37
227937777,39
227937900,41
227937960,37
227938099,37
227938180,38
227938212,36
227938479,38
227938517,36
227938737,39
227938980,36
227939134,36
227939164,39
227939260,37
227939337,36
227939351,39
227939610,51
227939679,37
227939897,38
227940556,37
228022338,53
228229614,25
228242628,50
228897870,23
228993586,37
229220766,34
229225449,39
229226379,41
229226912,38
229226915,38
229227207,37
229228496,37
229228749,40
229229182,37
229229211,36
229229722,37
229229789,37
229229819,42
229230376,37
229230395,37
229230599,37
229230605,36
229230609,37
229231201,38
229231432,38
229231516,37
229231714,37
229231922,39
229231944,38
229232031,39
229318702,37
229318707,39
229326550,38
229334369,38
229349216,39
229547702,39
229548020,43
229548397,38
229549962,37
229550271,37
229551471,38
229551709,38
229552635,39
229552765,38
229552817,36
229552829,37
229552899,38
229553079,37
229553095,39
229553136,37
229553343,37
229553424,44
229553526,36
229553556,37
229553602,38
229553606,37
229553948,39
229553996,38
229554011,40
229554259,37
229554381,39
229554427,38
229554484,37
229554538,40
229581645,39
229647732,35
229819025,61
229866570,37
229866595,38
229866915,37
229867515,38
229868163,38
229868248,37
229868396,39
229868673,37
229869019,38
229869326,38
229873433,42
229875364,37
229875413,37
229876141,38
229876259,38
229876593,37
229876704,37
229877290,41
229877632,37
229877750,36
229877876,39
230834689,70
231150508,32
231150509,37
232129806,20
232140132,38
232449166,53
232454921,55
232455036,57
232772526,45
233806234,53
234457330,35
235438278,36
235761517,44
236778181,37
237077827,47
237316398,23
238374537,27
239015823,34
239022295,62
239345789,39
239399624,36
239409024,39
239957671,27
239989675,76
239990407,45
240059361,38
240314983,58
241285000,44
241606933,40
241610167,68
241932921,39
242253405,32
242283578,84
242285593,47
242297878,39
242533007,52
242539823,56
242567008,44
242569943,41
242895955,51
242910916,19
242914431,34
243212884,54
244859789,24
244862311,39
245754661,41
246160912,24
246165521,63
246486663,54
247466520,29
247466536,33
247825943,49
248042821,32
248073072,26
248121002,72
248504304,38
249419960,38
249750556,44
249751512,62
250030889,24
250403566,48
250403662,51
250727127,19
251050942,44
251479971,56
251644217,29
251670552,56
251690660,65
251697243,30
251698191,28
252029103,23
252096061,58
252361045,69
252361758,19
252361762,35
252361787,65
252999937,25
253014631,24
253761034,18
254821742,41
255055889,56
255055924,66
255055926,55
255055928,39
255055929,67
255055931,58
255757466,37
256360862,59
257443636,54
257670709,42
257670725,46
257670738,54
257997688,38
258312387,43
259295954,45
259626214,64
259629176,37
259629178,51
259955419,69
259991467,43
260283345,32
260594338,23
264437280,35
264522481,21
265179870,27
265179871,46
265179872,33
265412007,53
265512419,35
266165021,48
266165030,47
266808525,34
266808528,30
266808529,35
267138752,56
268124649,36
269015291,22
269017536,23
269020490,22
269022472,22
269022544,23
269038013,22
269040116,22
270103325,42
270105654,34
270768882,34
270773107,47
271094356,39
271464161,66
271669091,43
271708770,34
271765659,43
271766438,40
271766439,43
272069367,34
272074941,25
272350969,21
272754990,53
272759873,55
273487815,45
273686715,78
273744171,31
273747091,54
273797132,40
273836583,37
273862936,76
274004896,51
274023232,44
274028217,32
274033969,63
274041705,60
274044694,34
274046953,33
274050996,25
274053988,38
274058971,47
274067148,54
274081350,37
274418487,78
274418652,47
274418655,65
274418660,37
274418679,54
274418680,46
274418740,40
274418760,68
274418761,41
274418782,54
274418853,35
274418933,39
274418962,49
274418974,48
274418989,42
274419055,77
274419068,66
274419079,54
274419097,71
274419098,58
274419123,50
274419127,69
274419197,67
274419263,56
274419275,35
274419295,61
274419309,50
274419320,78
274419415,36
274419430,47
274419433,92
274419434,39
274419511,57
274419601,39
274419608,79
274419650,36
274419691,43
274419753,46
274419775,73
274419828,74
274419848,50
274419862,48
274419864,65
274419913,47
274419928,46
274419962,55
274420002,34
274420033,86
274420168,57
274420189,50
274420199,66
274420206,37
274420210,34
274420267,71
274420294,39
274420302,66
274420327,39
274420342,75
274420400,58
274420427,45
274420444,40
274420454,65
274420481,61
274420496,35
274420555,55
274420574,62
274420587,70
274420595,63
274420603,38
274420628,87
274420650,50
274420662,47
274420678,41
274420683,65
274420701,39
274420723,42
274420725,59
274420729,40
274420799,35
274420885,42
274420982,69
274420985,48
274420995,85
274420998,39
274420999,38
274421010,43
274421011,66
274421033,71
274421146,36
274421201,76
274421247,59
274421260,53
274421335,72
274421338,44
274421343,54
274421344,76
274421361,70
274421367,57
274421369,45
274421403,69
274421450,39
274421493,57
274421566,48
274421572,63
274421575,33
274421601,59
274421603,53
274421609,37
274421628,51
274421644,57
274421655,83
274421692,57
274421698,45
274421710,39
274421711,69
274421712,39
274421716,35
274421727,59
274421752,66
274421858,75
274421873,63
274421876,41
274421890,63
274421910,34
274421911,71
274421913,64
274421921,38
274421922,37
274421923,38
274421970,44
274421975,57
274421976,59
274421998,47
274422042,62
274422043,51
274422063,85
274422090,40
274422095,71
274422113,51
274422117,54
274422131,52
274422133,39
274422134,37
274422136,73
274422180,62
274422185,40
274422190,39
274422191,49
274422193,39
274422194,53
274422231,38
274422257,76
274422263,82
274422264,47
274422323,64
274422333,42
274422349,85
274422377,54
274422393,38
274422394,48
274422397,39
274422405,55
274422406,38
274422414,68
274422415,40
274422423,39
274422427,46
274422436,64
274422457,38
274422493,54
274422494,37
274422495,37
274422502,72
274422510,56
274422514,84
274422518,41
274422523,38
274422529,55
274422532,39
274422603,48
274422690,53
274422722,63
274422732,39
274422739,38
274422741,42
274422801,44
274422906,44
274422908,42
274422920,66
274422924,92
274422939,52
274423022,64
274423028,70
274423045,37
274423070,53
274423075,41
274423076,40
274423159,46
274423232,71
274423248,44
274423291,37
274423298,64
274423305,38
274423311,67
274423332,70
274423334,37
274423338,64
274423339,80
274423344,40
274423467,71
274423563,43
274423568,38
274423632,40
274423634,43
274423635,39
274423641,47
274423662,36
274423670,40
274423671,47
274423675,39
274423677,79
274423723,73
274423725,58
274423762,37
274423782,40
274423805,35
274423821,74
274423933,38
274423981,35
274423983,35
274423984,35
274423991,36
274423998,42
274424016,38
274424031,56
274424049,44
274424113,51
274424139,75
274424268,62
274424332,51
274424366,47
274424408,31
274424424,33
274424427,71
274424428,55
274424463,49
274424545,45
274424550,40
274424554,67
274424564,45
274424574,41
274424576,41
274424578,37
274424583,43
274424594,38
274424597,37
274424635,85
274424656,59
274424712,44
274424730,66
274424765,38
274424770,34
274424776,63
274424787,59
274424790,53
274424792,57
274424824,63
274424854,58
274424859,37
274424862,44
274424863,55
274424895,67
274424900,36
274424901,41
274424907,37
274424908,43
274424930,56
274424933,57
274424934,38
274424957,45
274425103,35
274425116,69
274425289,49
274425328,55
274425362,61
274425379,57
274425443,63
274425454,62
274425470,37
274425477,36
274425497,73
274425510,74
274425584,78
274425604,77
274425659,53
274425669,42
274425739,77
274425747,53
274425753,64
274425775,55
274425783,57
274425796,59
274425801,65
274425805,77
274425820,58
274425855,35
274425866,37
274425870,66
274425881,45
274425885,53
274425892,57
274425910,50
274425957,56
274425970,67
274425980,75
274426011,68
274426027,44
274426079,70
274426091,39
274426138,54
274426143,65
274426144,33
274426145,54
274426175,57
274426286,46
274426342,39
274426350,39
274426358,48
274426360,38
274426361,37
274426365,39
274426369,41
274426370,38
274426481,42
274426485,55
274426486,71
274426488,54
274426510,84
274426550,76
274426551,49
274426554,50
274426556,47
274426558,42
274426565,40
274426567,38
274426641,44
274426653,48
274426667,36
274426723,76
274427027,38
274427040,40
274427050,46
274427052,41
274427163,51
274427165,55
274427278,57
274427310,49
274427361,41
274427371,63
274427446,66
274427567,35
274427580,34
274427631,88
274427671,40
274427676,46
274427696,43
274427812,36
274427873,54
274427877,78
274427895,43
274428299,37
274428307,62
274428318,37
274428382,61
274428449,82
274428450,45
274428546,81
274428668,35
274428714,59
274428769,53
274428770,42
274428792,56
274428842,42
274428906,57
274428916,42
274428918,56
274428976,62
274428977,55
274428995,62
274429040,34
274429103,48
274429121,73
274429122,51
274429124,43
274429244,66
274429261,46
274429262,38
274429272,35
274429461,36
274429509,36
274429519,62
274429591,45
274429697,54
274429917,36
274429932,92
274429959,80
274430033,25
274430167,60
274430284,94
274430398,87
274430416,33
274430661,57
274430707,35
274430785,83
274430840,66
274431069,35
274431080,53
274431081,34
274431091,31
274431095,40
274431096,35
274431148,65
274431269,36
274431294,62
274431421,30
274431423,63
274431435,35
274431445,78
274431447,71
274431520,56
274431523,30
274431591,36
274431706,35
274431710,37
274431801,44
274431803,63
274431867,66
274431885,40
274431938,37
274431941,27
274432025,72
274432038,51
274432053,38
274432073,42
274432074,36
274432204,67
274432208,49
274432210,57
274432419,76
274432463,35
274432508,78
274432548,85
274432577,36
274432686,31
274432712,84
274432725,66
274432730,59
274432760,47
274432777,83
274432983,46
274433038,55
274433052,46
274433217,48
274433219,57
274433233,36
274433235,37
274433236,35
274433242,35
274433355,83
274433363,57
274433372,39
274433373,64
274433383,63
274433384,42
274433461,76
274433528,34
274433536,39
274433538,75
274433574,37
274433828,40
274433829,50
274433834,53
274433853,31
274433871,63
274433906,45
274434003,52
274434006,35
274434023,37
274434128,35
274434143,71
274434233,43
274434250,66
274434289,66
274434361,76
274434439,67
274434454,31
274434549,45
274434567,41
274434579,38
274434634,50
274434638,50
274434653,34
274434955,52
274434964,61
274435019,57
274435081,48
274435169,43
274435188,53
274435190,36
274435281,56
274435308,59
274435390,46
274435721,86
274435876,36
274435911,38
274436073,63
274436228,65
274436490,36
274436517,42
274436519,35
274436567,49
274436662,44
274436672,36
274436772,30
274436848,76
274436878,34
274436920,40
274436998,58
274437039,70
274437059,80
274437128,50
274437146,35
274437196,39
274437208,70
274437326,65
274437468,45
274437569,66
274437579,66
274437610,56
274437655,64
274437740,78
274437829,51
274438003,59
274438021,35
274438037,64
274438040,62
274438052,76
274438087,61
274438125,71
274438142,33
274438244,50
274438254,45
274438258,31
274438276,35
274438292,33
274438302,34
274438311,33
274438354,43
274438414,66
274438462,72
274438466,34
274438507,34
274438544,43
274438594,34
274438595,41
274438596,51
274438666,34
274438695,35
274438696,48
274438801,73
274438972,46
274439038,33
274439046,49
274439054,51
274439076,36
274439087,35
274439103,44
274439292,56
274439377,33
274439381,34
274439391,38
274439392,38
274439404,40
274439517,56
274439532,56
274439535,41
274439554,47
274439649,42
274439741,77
274439767,36
274439798,79
274439803,34
274439812,76
274439828,62
274439866,49
274439935,62
274440017,47
274440018,39
274440038,34
274440048,58
274440054,65
274440153,59
274440178,49
274440189,63
274440191,66
274440343,62
274440364,50
274440384,75
274440387,75
274440395,57
274440424,48
274440436,76
274440439,31
274440501,70
274440634,59
274440680,57
274440716,70
274440731,49
274440742,65
274440743,34
274440754,56
274440756,48
274440763,60
274440852,36
274440859,57
274440893,34
274441105,70
274441128,34
274441129,50
274441132,65
274441137,41
274441139,36
274441143,34
274441144,54
274441147,55
274441148,43
274441151,48
274441215,66
274441242,53
274441245,50
274441315,58
274441412,73
274441415,36
274441469,36
274441471,40
274441473,57
274441474,50
274441478,36
274441507,37
274441524,37
274441531,63
274441542,45
274441582,46
274441634,40
274441648,34
274441707,52
274441711,35
274441738,71
274441817,41
274441850,46
274441862,40
274441897,38
274441907,63
274441908,56
274441954,66
274441975,39
274441993,66
274442008,33
274442024,30
274442033,52
274442090,29
274442158,71
274442259,70
274442320,33
274442328,33
274442340,35
274442350,43
274442516,75
274442524,31
274442526,54
274442529,34
274442627,34
274442632,37
274442651,39
274442670,38
274442755,82
274442851,36
274442929,34
274442931,39
274442944,34
274442948,31
274443049,76
274443125,33
274443129,67
274443158,61
274443160,80
274443173,35
274443174,34
274443178,61
274443230,41
274443238,61
274443239,60
274443254,34
274443270,88
274443497,36
274443498,35
274443501,32
274443502,35
274443545,56
274443607,77
274443688,54
274444015,35
274444028,49
274444040,36
274444107,43
274444183,33
274444184,61
274444349,32
274444458,56
274444465,50
274444545,33
274444588,58
274444609,34
274444627,45
274444639,40
274444641,50
274444644,34
274444665,61
274444716,56
274444764,54
274444767,35
274444780,36
274444848,52
274444864,33
274444866,51
274444901,43
274444918,37
274444957,53
274444967,43
274444970,53
274444987,74
274445069,41
274445094,34
274445373,58
274445375,58
274445394,57
274445412,32
274445432,33
274445477,45
274445483,60
274445495,37
274445514,56
274445761,49
274445763,77
274445775,84
274445779,35
274445782,51
274445836,74
274445840,60
274445857,68
274445906,32
274445942,57
274445954,40
274446013,52
274446038,41
274446066,69
274446072,52
274446073,40
274446093,70
274446094,54
274446277,75
274446327,33
274446381,69
274446383,53
274446419,62
274446635,74
274446711,34
274446713,60
274446714,36
274446726,62
274446728,35
274446731,51
274446955,61
274447018,60
274447021,30
274447063,66
274447066,74
274447070,74
274447155,53
274447163,30
274447378,34
274447400,69
274447406,60
274447502,31
274447594,68
274447854,66
274447883,46
274447893,70
274448036,57
274448219,33
274448294,49
274448381,60
274448557,53
274448561,58
274448563,33
274448586,61
274448587,66
274448677,54
274448736,32
274448792,34
274448808,59
274448849,62
274448923,33
274449093,62
274449148,79
274449207,34
274449256,69
274449266,73
274449280,34
274449367,31
274449488,51
274449491,54
274449504,59
274449557,63
274449729,79
274449730,74
274449734,89
274449782,71
274449784,69
274449852,44
274449871,77
274449933,65
274450030,66
274450088,43
274450092,67
274450118,55
274450222,60
274450225,80
274450306,56
274450387,82
274450398,71
274450462,51
274450586,66
274450590,66
274450740,72
274450852,58
274450961,74
274450962,55
274450964,64
274450976,69
274451125,87
274451164,77
274451166,65
274451173,72
274451184,38
274451333,58
274451336,66
274451337,63
274451339,63
274451485,67
274451489,69
274451493,76
274451678,66
274451744,62
274451945,56
274452034,71
274452237,66
274452240,73
274452333,35
274452387,61
274452543,37
274452773,40
274452866,64
274452878,57
274452978,34
274454621,36
274455860,37
274458337,36
274459558,35
274462335,26
274465322,27
274467024,28
274471292,24
274475484,26
274476559,23
274476758,22
274477222,22
274478851,23
274479577,23
274480090,24
274480473,22
274481797,23
274482108,23
274482160,23
274482351,23
274482608,23
274483864,23
274486671,24
274491598,25
274493239,22
274495133,68
274495134,78
274495143,46
274495146,51
274495337,72
274495339,64
274495350,68
274495509,79
274495535,75
274495734,88
274495743,68
274495792,34
274495805,59
274495908,70
274495918,63
274495980,36
274496232,40
274496308,63
274496496,62
274496497,39
274496502,69
274496656,63
274496675,51
274496763,30
274496767,34
274496878,64
274497191,56
274497197,42
274497363,78
274497371,75
274497379,41
274497397,64
274497399,50
274497505,31
274497520,32
274497580,44
274497612,41
274497680,32
274497713,28
274497823,50
274497863,45
274497865,65
274497919,58
274497942,44
274497946,32
274497951,49
274497965,32
274497971,57
274497983,34
274498123,41
274498135,75
274498139,66
274498145,72
274498157,70
274498159,68
274498269,33
274498286,32
274498288,32
274498290,31
274498294,31
274498297,31
274498302,44
274498377,55
274498378,68
274498404,55
274498471,68
274498493,70
274498556,60
274498566,42
274498577,59
274498583,58
274498611,72
274498751,33
274498779,62
274498785,55
274498820,48
274498829,73
274498838,49
274498842,61
274498844,51
274498864,78
274498915,55
274498943,27
274499030,67
274499044,82
274499199,51
274499246,34
274499290,53
274499296,93
274499328,62
274499362,44
274499402,32
274499432,66
274499436,48
274499549,67
274499623,62
274499644,32
274499671,44
274499721,70
274499724,53
274499725,68
274499727,64
274499749,33
274499751,57
274499764,55
274499765,62
274499867,59
274499879,69
274499882,64
274499953,47
274500040,43
274500076,58
274500132,64
274500137,65
274500152,43
274500266,33
274500319,65
274500382,50
274500416,56
274500512,62
274500527,56
274500645,34
274500655,52
274500702,69
274501261,73
274501564,73
274501577,45
274502116,28
274502133,68
274502212,57
274502239,47
274502278,81
274502289,56
274502397,29
274502702,32
274503019,55
274503042,72
274503070,30
274503173,61
274503188,33
274503283,34
274503325,55
274503351,50
274503370,61
274503432,66
274503656,33
274503665,34
274503840,49
274503876,31
274503915,40
274503973,55
274503996,53
274504183,58
274504530,44
274504585,70
274504668,32
274504711,33
274504738,56
274504954,35
274505007,27
274505008,59
274505209,42
274505244,37
274505348,31
274505486,31
274505539,64
274505542,86
274505565,59
274505580,63
274505661,59
274505696,31
274505810,64
274505878,62
274505880,74
274505955,62
274506108,36
274506110,32
274506124,51
274506267,37
274506285,63
274506296,56
274506448,52
274506613,28
274506692,41
274506801,52
274506808,60
274507132,36
274507189,36
274507256,32
274507433,31
274507466,45
274507920,31
274507939,33
274508307,58
274508725,33
274509102,37
274509128,32
274509194,30
274509304,55
274509382,56
274509400,44
274509427,30
274509645,33
274509670,62
274509677,65
274509778,38
274509793,29
274509819,35
274509826,34
274510192,35
274510206,30
274510232,74
274510279,45
274510290,68
274510389,48
274510422,69
274510527,63
274510538,33
274510558,32
274510584,32
274510705,30
274510706,31
274510872,41
274510879,45
274510994,55
274511028,28
274511193,68
274511201,51
274511290,44
274511301,65
274511314,46
274511335,30
274511351,31
274511383,61
274511437,33
274511521,65
274511536,53
274511544,35
274511545,62
274511754,33
274511835,25
274511876,30
274511895,32
274511929,43
274511949,56
274512036,30
274512052,28
274512054,36
274512201,32
274512204,50
274512209,30
274512213,66
274512214,30
274512411,42
274512496,33
274512570,40
274512578,52
274512595,52
274512755,31
274512762,35
274512882,45
274512914,60
274512924,33
274513125,62
274513177,56
274513623,30
274513752,30
274513780,55
274513790,31
274513867,64
274513904,33
274514216,50
274514255,35
274514343,59
274514392,56
274514681,45
274514725,31
274514751,45
274514931,46
274515010,28
274515011,33
274515078,34
274515138,41
274515187,54
274515741,32
274515943,55
274515978,32
274516089,51
274516096,45
274516117,49
274516180,29
274516559,59
274516603,56
274516643,29
274516647,51
274516884,30
274517024,25
274517114,77
274517482,50
274517562,34
274517723,75
274517759,46
274517763,74
274517795,45
274517812,46
274517885,62
274517889,27
274517906,32
274518105,50
274518254,48
274518255,39
274518346,48
274518356,51
274518373,36
274518506,31
274518735,51
274518788,48
274518789,77
274518814,26
274518882,31
274518883,35
274518958,43
274519036,36
274519097,82
274519111,41
274519130,70
274519260,32
274519461,53
274519504,26
274519557,72
274519618,51
274519669,51
274519689,40
274519692,80
274519695,76
274519773,46
274519785,58
274519789,41
274519849,56
274519864,61
274519888,52
274519947,63
274520001,36
274520010,43
274520310,53
274520341,45
274520346,39
274520360,38
274520374,25
274520379,31
274520390,69
274520500,38
274520501,32
274520602,39
274520657,62
274520721,30
274520728,60
274520734,33
274520742,54
274520745,55
274520753,46
274520762,75
274520763,61
274520821,50
274520867,27
274520883,60
274520928,50
274520952,64
274520954,81
274520971,73
274521014,59
274521350,36
274521352,44
274521353,41
274521373,78
274521375,73
274521610,44
274521616,38
274521690,77
274521693,44
274521755,63
274521810,40
274522077,33
274522078,52
274522080,28
274522230,54
274522324,33
274522333,25
274522336,25
274522340,68
274522341,56
274522352,34
274522463,28
274522603,34
274522617,71
274522618,48
274522637,88
274522641,64
274522644,40
274522797,55
274522837,34
274522902,21
274522922,54
274523038,37
274523044,65
274523120,45
274523236,27
274523243,75
274523269,48
274523278,39
274523297,25
274523399,52
274523437,54
274523442,63
274523454,68
274523456,73
274523459,25
274523461,45
274523473,65
274523489,52
274523502,42
274523773,36
274523781,34
274523782,29
274523878,55
274523884,77
274523942,29
274523946,64
274523947,56
274524122,50
274524159,35
274524193,61
274524196,59
274524266,26
274524299,28
274524304,45
274524305,55
274524384,35
274524467,67
274524489,55
274524493,64
274524558,83
274524642,40
274524653,72
274524663,24
274524964,29
274524965,32
274525083,55
274525102,57
274525105,32
274525289,27
274525367,29
274525381,27
274525461,42
274525588,24
274525656,22
274525804,55
274525806,66
274525808,40
274525813,59
274525881,21
274525977,40
274525993,48
274526044,65
274526153,72
274526430,34
274526674,36
274526744,53
274526795,32
274527129,76
274527265,36
274527361,61
274527441,27
274527442,38
274527498,30
274527525,23
274527581,36
274527592,23
274527811,24
274528034,52
274528210,47
274528426,53
274528433,38
274528489,53
274528496,29
274528556,22
274528781,73
274528855,27
274528857,65
274528872,38
274528886,26
274529027,28
274529072,81
274529138,61
274529141,26
274529230,42
274529249,50
274529303,40
274529368,49
274529377,18
274529389,21
274529494,52
274529511,25
274529534,25
274529571,21
274529591,55
274529602,28
274529750,27
274529801,21
274529803,62
274529896,54
274530097,27
274530154,35
274530330,50
274530349,37
274530370,41
274530407,24
274530473,20
274530523,45
274530657,49
274530682,32
274530709,29
274530917,29
274530928,59
274530935,77
274530984,55
274531108,40
274531127,32
274531157,40
274531165,35
274531166,35
274531276,58
274531278,52
274531416,35
274531422,50
274531431,48
274531501,39
274531611,26
274531612,30
274531697,26
274531706,41
274531707,25
274531719,54
274531727,30
274531789,26
274531812,46
274531898,47
274531914,39
274531969,84
274531977,40
274532037,37
274532155,56
274532165,62
274532175,64
274532183,49
274532243,51
274532342,49
274532362,21
274532471,58
274532643,35
274532659,42
274532686,51
274532701,69
274532754,57
274532788,30
274532921,62
274532935,23
274532987,48
274532994,57
274533029,73
274533056,47
274533118,27
274533197,24
274533244,50
274533255,29
274533297,19
274533398,71
274533403,39
274533513,57
274533555,48
274533610,23
274533651,25
274533858,70
274533920,26
274533949,33
274533954,24
274533999,23
274534426,46
274534433,32
274534447,45
274534483,37
274534733,59
274534744,50
274534762,61
274534773,39
274534924,29
274534969,45
274534976,32
274534998,63
274534999,31
274535002,44
274535082,59
274535100,59
274535194,50
274535258,78
274535277,55
274535469,28
274535643,63
274535795,56
274535826,30
274535964,22
274536019,20
274536074,49
274536181,20
274536296,50
274536431,65
274536654,33
274536659,65
274536676,29
274536698,35
274536738,40
274536785,60
274536796,65
274536854,48
274536943,53
274537153,46
274537155,33
274537161,21
274537188,77
274537193,60
274537346,32
274537379,50
274537383,30
274537385,34
274537387,22
274537432,49
274537584,77
274537626,48
274537636,40
274537673,74
274537701,36
274537702,19
274537723,38
274537725,19
274537728,83
274537729,43
274537735,20
274537737,65
274537829,36
274537846,45
274537890,42
274537917,20
274537956,46
274538351,67
274538352,30
274538357,69
274538400,33
274538487,25
274538548,23
274538571,64
274538577,20
274538587,38
274538611,25
274538670,56
274538671,40
274538675,29
274538676,25
274538872,63
274538930,62
274538960,45
274538962,60
274539026,43
274539031,55
274539035,65
274539104,52
274539202,73
274539326,33
274539395,24
274539415,50
274539443,46
274539546,40
274539554,70
274539563,53
274539564,56
274539565,68
274539568,39
274539570,19
274539587,65
274539598,59
274539613,72
274539619,79
274539623,71
274539629,35
274539642,64
274539643,65
274539650,72
274539661,75
274539694,71
274539703,54
274539720,54
274539723,62
274539743,45
274539745,58
274539750,44
274539763,60
274539765,51
274539775,53
274539789,72
274539792,78
274539827,44
274539833,46
274539839,45
274539842,45
274539859,44
274539860,59
274539872,72
274539891,69
274539909,20
274539914,63
274539920,64
274539924,70
274539929,65
274539930,82
274539936,47
274539943,54
274539946,49
274539977,70
274539984,74
274539986,65
274539988,60
274539994,64
274539997,20
274540000,67
274540050,47
274540072,63
274540075,62
274540083,68
274540089,40
274540092,72
274540097,66
274540100,72
274540104,63
274540114,20
274540125,68
274540127,59
274540150,73
274540151,95
274540165,54
274540192,19
274540193,19
274540194,20
274540220,76
274540226,64
274540229,43
274540250,49
274540258,79
274540270,20
274540311,62
274540339,48
274540343,54
274540347,65
274540349,61
274540352,72
274540367,60
274540378,68
274540392,19
274540401,77
274540408,66
274540416,73
274540427,56
274540436,64
274540442,63
274540452,70
274540461,59
274540477,46
274540491,78
274540523,50
274540533,76
274540534,43
274540536,60
274540540,71
274540567,80
274540579,66
274540593,19
274540619,60
274540625,56
274540634,62
274540641,82
274540642,37
274540647,69
274540656,37
274540677,70
274540680,48
274540687,56
274540689,91
274540708,42
274540714,57
274540715,53
274540716,66
274540717,45
274540723,76
274540724,38
274540726,73
274540741,42
274540743,55
274540747,61
274540753,58
274540763,67
274540774,70
274540809,67
274540810,55
274540815,57
274540819,52
274540822,61
274540826,74
274540837,75
274540844,39
274540851,68
274540852,41
274540860,57
274540864,73
274540871,55
274540874,37
274540875,37
274540892,78
274540898,73
274540901,56
274540911,52
274540914,53
274540915,60
274540925,43
274540926,39
274540928,45
274540929,62
274540931,71
274540932,52
274540942,56
274540946,37
274540949,81
274540950,55
274540954,63
274540964,78
274540968,71
274540985,67
274540998,52
274541005,57
274541014,54
274541015,44
274541021,56
274541022,63
274541026,48
274541033,63
274541049,60
274541056,66
274541064,59
274541065,54
274541090,38
274541092,73
274541099,54
274541104,65
274541105,62
274541108,57
274541109,61
274541118,40
274541121,51
274541132,36
274541134,56
274541137,45
274541154,54
274541157,77
274541163,55
274541187,55
274541206,56
274541214,59
274541219,65
274541228,40
274541230,54
274541231,55
274541232,51
274541234,62
274541240,52
274541254,56
274541259,43
274541270,48
274541305,44
274541310,38
274541322,56
274541330,37
274541337,48
274541343,85
274541347,61
274541349,54
274541354,50
274541359,50
274541360,72
274541382,60
274541385,69
274541430,56
274541450,81
274541479,55
274541482,58
274541483,61
274541487,43
274541493,57
274541495,54
274541497,55
274541512,21
274541524,58
274541534,49
274541536,63
274541538,57
274541544,41
274541549,64
274541568,70
274541592,57
274541599,53
274541621,64
274541622,54
274541624,60
274541654,88
274541655,68
274541665,58
274541667,47
274541683,49
274541705,72
274541706,79
274541722,37
274541723,53
274541725,56
274541778,44
274541781,59
274541787,55
274541789,60
274541797,91
274541815,44
274541817,39
274541820,67
274541826,47
274541853,44
274541859,54
274541873,54
274541875,54
274541881,42
274541888,50
274541892,54
274541895,39
274541896,51
274541899,54
274541901,52
274541909,55
274541912,43
274541924,51
274541932,60
274541934,58
274541935,66
274541941,36
274541949,39
274541950,52
274541951,42
274541952,74
274541953,58
274541957,49
274541968,70
274541970,38
274541974,34
274541985,62
274541988,46
274541992,39
274541995,59
274542002,65
274542010,37
274542013,40
274542023,55
274542030,52
274542031,54
274542036,57
274542037,60
274542048,57
274542050,54
274542056,68
274542073,44
274542078,76
274542084,81
274542086,74
274542090,81
274542097,46
274542100,60
274542102,62
274542106,56
274542109,51
274542113,49
274542125,38
274542126,54
274542134,41
274542137,65
274542144,50
274542163,50
274542166,55
274542169,56
274542171,68
274542177,56
274542179,60
274542180,65
274542183,69
274542185,45
274542200,64
274542202,58
274542204,46
274542208,81
274542210,70
274542220,54
274542226,36
274542230,36
274542232,39
274542242,58
274542244,64
274542254,69
274542259,38
274542266,40
274542270,78
274542271,37
274542279,51
274542285,38
274542304,57
274542311,44
274542313,55
274542316,81
274542318,72
274542333,56
274542338,42
274542340,74
274542346,76
274542352,62
274542364,48
274542369,50
274542378,37
274542394,43
274542401,37
274542407,54
274542408,60
274542413,67
274542419,34
274542427,39
274542435,56
274542461,56
274542465,41
274542493,68
274542497,69
274542511,53
274542519,43
274542525,56
274542528,63
274542534,69
274542537,50
274542538,43
274542540,54
274542542,37
274542545,63
274542569,59
274542575,53
274542577,68
274542578,44
274542582,57
274542603,39
274542611,60
274542618,88
274542623,66
274542625,80
274542627,56
274542638,36
274542641,38
274542643,61
274542651,54
274542671,37
274542676,58
274542681,39
274542688,51
274542689,67
274542694,62
274542699,55
274542700,38
274542715,72
274542722,60
274542728,44
274542734,60
274542736,52
274542740,43
274542741,57
274542756,43
274542758,57
274542760,65
274542769,55
274542774,38
274542781,39
274542783,38
274542785,36
274542786,36
274542787,69
274542801,59
274542804,47
274542805,45
274542815,43
274542817,39
274542825,39
274542828,58
274542830,38
274542833,50
274542835,70
274542846,54
274542859,59
274542865,37
274542881,40
274542882,36
274542890,55
274542892,58
274542893,47
274542909,76
274542914,54
274542919,37
274542923,43
274542928,56
274542942,55
274542949,64
274542952,54
274542965,49
274542967,64
274542974,38
274542976,51
274542979,46
274542980,38
274542985,66
274542990,75
274542992,68
274542995,73
274542998,48
274543020,67
274543025,36
274543028,39
274543044,66
274543053,51
274543055,46
274543057,51
274543064,74
274543074,89
274543083,52
274543086,71
274543087,56
274543088,40
274543090,75
274543091,40
274543095,64
274543098,31
274543101,52
274543102,65
274543116,52
274543119,41
274543129,44
274543134,67
274543145,77
274543149,70
274543167,40
274543169,75
274543173,50
274543175,78
274543181,50
274543187,60
274543192,52
274543197,63
274543199,49
274543213,57
274543216,52
274543217,43
274543224,72
274543235,62
274543240,40
274543246,56
274543248,64
274543286,37
274543287,36
274543303,69
274543313,56
274543317,46
274543320,45
274543321,40
274543322,38
274543326,42
274543330,41
274543336,36
274543343,37
274543345,67
274543354,69
274543356,65
274543357,54
274543358,52
274543363,73
274543367,38
274543368,45
274543378,50
274543379,54
274543386,62
274543393,68
274543397,63
274543414,66
274543417,39
274543424,51
274543425,54
274543434,61
274543437,65
274543443,57
274543455,38
274543463,83
274543465,39
274543472,66
274543495,81
274543507,53
274543521,41
274543531,60
274543538,62
274543541,49
274543546,51
274543548,36
274543551,59
274543552,74
274543563,59
274543574,41
274543580,51
274543586,64
274543596,37
274543613,36
274543614,36
274543618,60
274543626,37
274543643,49
274543652,73
274543654,47
274543659,55
274543662,49
274543668,53
274543672,66
274543674,52
274543681,43
274543684,47
274543690,70
274543699,67
274543700,36
274543702,46
274543714,62
274543715,53
274543721,82
274543723,56
274543726,54
274543738,38
274543743,70
274543744,59
274543751,72
274543762,64
274543768,45
274543770,62
274543771,47
274543788,68
274543789,48
274543793,49
274543801,53
274543804,53
274543806,62
274543808,55
274543817,56
274543819,46
274543835,44
274543850,58
274543851,58
274543856,38
274543861,78
274543865,82
274543868,57
274543870,46
274543874,39
274543875,68
274543878,56
274543886,62
274543890,52
274543895,64
274543900,56
274543905,56
274543906,56
274543910,55
274543913,60
274543915,50
274543916,36
274543917,77
274543919,45
274543921,70
274543927,54
274543935,61
274543941,62
274543949,48
274543953,54
274543955,68
274543956,55
274543970,52
274543973,62
274543975,39
274543983,55
274543986,55
274543987,42
274543994,62
274543998,57
274544003,52
274544025,56
274544040,60
274544041,34
274544042,44
274544044,46
274544047,70
274544048,35
274544051,50
274544052,82
274544055,57
274544059,81
274544064,62
274544071,72
274544072,42
274544074,57
274544075,76
274544077,51
274544093,64
274544096,58
274544099,79
274544109,52
274544129,57
274544134,42
274544140,50
274544142,61
274544160,67
274544163,69
274544166,60
274544167,36
274544173,51
274544194,59
274544204,73
274544205,37
274544223,68
274544225,60
274544227,34
274544233,60
274544238,51
274544239,40
274544247,66
274544248,37
274544253,45
274544258,64
274544271,54
274544288,52
274544289,59
274544290,54
274544294,55
274544306,78
274544309,44
274544310,47
274544311,37
274544319,44
274544325,49
274544330,69
274544336,43
274544337,50
274544340,56
274544344,57
274544354,49
274544358,54
274544365,89
274544374,52
274544376,41
274544377,57
274544382,34
274544384,72
274544391,53
274544401,64
274544402,69
274544406,61
274544408,37
274544416,48
274544419,67
274544434,61
274544438,49
274544441,73
274544442,90
274544444,75
274544450,63
274544464,71
274544465,49
274544472,72
274544495,36
274544496,43
274544497,67
274544509,37
274544511,61
274544517,38
274544520,67
274544523,61
274544524,42
274544540,61
274544548,45
274544549,56
274544551,54
274544554,71
274544555,64
274544559,60
274544560,70
274544562,86
274544570,69
274544579,56
274544580,41
274544588,59
274544595,44
274544600,52
274544606,54
274544608,75
274544619,40
274544622,43
274544626,54
274544631,72
274544632,55
274544637,48
274544642,71
274544648,43
274544653,37
274544658,37
274544682,37
274544683,78
274544686,50
274544689,71
274544695,48
274544696,35
274544703,48
274544707,68
274544712,64
274544720,68
274544721,56
274544722,45
274544725,78
274544726,43
274544728,64
274544732,42
274544747,52
274544756,48
274544758,39
274544761,74
274544764,73
274544766,49
274544769,53
274544782,46
274544791,46
274544796,67
274544797,36
274544798,55
274544810,52
274544822,58
274544829,39
274544834,59
274544846,66
274544851,41
274544862,66
274544866,69
274544878,68
274544879,64
274544880,45
274544882,62
274544896,47
274544897,63
274544904,56
274544915,55
274544930,73
274544939,73
274544942,36
274544943,38
274544953,67
274544961,55
274544963,87
274544966,41
274544971,69
274544972,37
274544974,52
274544978,39
274544987,45
274544988,49
274544993,41
274545005,62
274545012,73
274545024,37
274545040,54
274545042,49
274545043,58
274545050,50
274545057,54
274545061,52
274545065,42
274545067,44
274545075,44
274545077,49
274545081,68
274545085,54
274545113,57
274545118,75
274545143,68
274545148,54
274545150,70
274545152,71
274545156,68
274545162,39
274545166,38
274545178,38
274545179,89
274545185,48
274545188,68
274545193,39
274545207,37
274545214,37
274545216,36
274545222,53
274545234,45
274545246,37
274545249,72
274545251,54
274545256,36
274545258,55
274545265,57
274545267,56
274545273,36
274545278,69
274545286,40
274545291,37
274545294,67
274545297,53
274545303,48
274545309,36
274545315,38
274545317,68
274545320,50
274545323,36
274545325,36
274545329,37
274545333,47
274545336,58
274545340,41
274545348,67
274545353,37
274545355,38
274545357,41
274545360,52
274545362,76
274545376,58
274545381,37
274545388,79
274545392,77
274545396,54
274545399,74
274545404,42
274545408,41
274545418,67
274545420,36
274545424,48
274545430,55
274545435,46
274545446,55
274545449,36
274545451,61
274545454,68
274545455,69
274545464,67
274545474,73
274545484,61
274545490,50
274545492,60
274597949,69
274673603,59
274674639,62
274678354,39
274824791,62
274920423,36
274920623,47
274921861,36
274997343,36
275168254,69
275206318,60
275317908,68
275326564,57
275337065,58
275353067,61
275353208,36
275520606,47
275572364,28
275599769,43
275603272,46
275603274,44
275603483,45
275603503,43
275604098,57
275604604,54
275604783,42
275605049,38
275605586,87
275605676,37
275606565,67
275608075,53
275608145,70
275610592,41
275610932,49
275611230,42
275612330,39
275612843,42
275613054,70
275614023,42
275614571,73
275614688,68
275615046,62
275615163,77
275615326,47
275615693,78
275616198,62
275617178,57
275617297,63
275617392,60
275617782,46
275618437,40
275618572,60
275618622,23
275618797,38
275619877,34
275620203,54
275620488,35
275620524,47
275620894,38
275620896,82
275621485,37
275622297,45
275622447,41
275623288,75
275623705,45
275623945,58
275624059,55
275624161,39
275624917,41
275625656,72
275626399,51
275627001,53
275627332,67
275628050,66
275629349,54
275629382,37
275629532,67
275629666,38
275629671,62
275629715,42
275630524,38
275630885,39
275631660,53
275632523,59
275632551,45
275633215,38
275633256,36
275633285,78
275633467,57
275635274,47
275635378,72
275636852,53
275636853,51
275637099,56
275637486,74
275639400,51
275639979,40
275640342,40
275640436,66
275640843,81
275641865,65
275642569,56
275642592,54
275642604,66
275643172,73
275643214,71
275643230,42
275644710,36
275645401,51
275645439,49
275645474,54
275645719,53
275645760,60
275646457,39
275646628,37
275646744,69
275647013,42
275647342,78
275647459,69
275647727,56
275647767,74
275648066,53
275648110,37
275648710,68
275648764,55
275651121,69
275651144,61
275651341,40
275651354,54
275651367,79
275652033,67
275652038,50
275652236,39
275652381,36
275652976,79
275653990,51
275655882,57
275656242,33
275656452,68
275656775,79
275658799,54
275659062,79
275659147,33
275660638,37
275661995,63
275662034,47
275664948,46
275664960,38
275665818,43
275665995,36
275666676,66
275668459,67
275669064,54
275669265,73
275669310,31
275669539,71
275670737,81
275670868,43
275670884,31
275670902,54
275671183,66
275671243,62
275671808,49
275672237,46
275672931,36
275674252,38
275674315,36
275674898,69
275674906,57
275674908,64
275674928,41
275675634,34
275675857,35
275676147,68
275676170,34
275676180,59
275676454,69
275676469,34
275676658,34
275677028,37
275677064,35
275677305,34
275677510,37
275677878,49
275678431,77
275678661,66
275678665,36
275678845,36
275679118,52
275679569,58
275680935,70
275681066,53
275681279,88
275681989,73
275682372,44
275682424,57
275682559,56
275682592,68
275682636,68
275682650,60
275682811,57
275682845,61
275682891,64
275683084,35
275683394,65
275683421,36
275684189,39
275684193,49
275684269,35
275684905,37
275684956,39
275684961,70
275684969,58
275685160,37
275685279,60
275685640,35
275685667,57
275685774,65
275685871,54
275686256,57
275686435,59
275686490,33
275686673,43
275686677,35
275686689,57
275686744,57
275686928,73
275686975,63
275687059,59
275687313,39
275687314,60
275687516,34
275687611,39
275687654,34
275687723,64
275687725,38
275687753,34
275687802,48
275687904,46
275688034,63
275688245,34
275688282,59
275688675,33
275688744,33
275688849,62
275688881,63
275688891,56
275688904,68
275689497,53
275689677,57
275689980,36
275690157,63
275690266,65
275690565,50
275690589,66
275690659,37
275691283,58
275691318,79
275691341,33
275691443,63
275691892,47
275692121,55
275692122,65
275692128,34
275692141,35
275692142,38
275692218,33
275692337,99
275692606,58
275692612,43
275692694,76
275692765,36
275692777,33
275692784,61
275692875,69
275692887,62
275692906,34
275693069,82
275693301,64
275693304,60
275693384,49
275693385,38
275693473,36
275693813,72
275694073,54
275694152,32
275694212,56
275695059,33
275695761,48
275696048,77
275696386,37
275696419,44
275696491,63
275696592,71
275696808,77
275697174,44
275697192,41
275697267,61
275697338,65
275697386,47
275697490,43
275698053,80
275698121,39
275698148,60
275698192,67
275698350,45
275698747,60
275698749,48
275698785,41
275698793,30
275698796,47
275698916,65
275700557,35
275701399,70
275702533,40
275704197,60
275704264,28
275704442,76
275705532,29
275705542,43
275706448,70
275707037,35
275707960,33
275708027,57
275708094,59
275709111,67
275709800,36
275709823,56
275709824,60
275710098,36
275710926,35
275710939,36
275710961,34
275711121,68
275711265,77
275711735,72
275711892,55
275711914,54
275713037,85
275714069,66
275714154,38
275714304,42
275714628,78
275715110,79
275716906,32
275716913,33
275716915,41
275716972,75
275717065,79
275717773,48
275718510,72
275718741,65
275718932,71
275719580,65
275719706,55
275720029,45
275720256,66
275720360,68
275720394,63
275720861,62
275721894,73
275721935,78
275725520,83
275725589,76
275725639,64
275725647,42
275726162,40
275726650,68
275727364,67
275727817,69
275727826,90
275727912,64
275729024,67
275729156,73
275730267,76
275730340,65
275731455,71
275732777,68
275732787,73
275734031,91
275802572,24
275803241,25
275804666,23
275804806,24
275805746,23
275807448,24
275811944,22
275812533,22
275813710,24
275820370,23
275820870,24
275822474,26
275828135,23
275830482,53
275832980,86
275832988,67
275833069,47
275833125,47
275833698,84
275833919,53
275834676,56
275835215,63
275836464,90
275837290,45
275837691,66
275837762,64
275838701,51
275839512,72
275839557,74
275840461,22
275842785,61
275846691,24
275848235,33
275848987,31
275849180,54
275849727,31
275849729,30
275849975,22
275850254,60
275850319,63
275851750,61
275852017,34
275852435,46
275852589,42
275853569,58
275853598,65
275853740,64
275854455,46
275854819,54
275854831,35
275854888,52
275854905,68
275855087,51
275855222,63
275855255,59
275855813,64
275855911,62
275856114,64
275857093,59
275857179,33
275857504,34
275857899,62
275857925,56
275858035,62
275858104,81
275858166,65
275858682,34
275858795,54
275859436,58
275860090,43
275860158,61
275860165,33
275860178,43
275860749,63
275860761,65
275860822,64
275860984,67
275861585,85
275862359,81
275862483,46
275864210,35
275864621,46
275865141,64
275865315,69
275866056,76
275866120,59
275866244,39
275866502,31
275866507,45
275866627,40
275867154,44
275867179,34
275867316,66
275867718,46
275868410,46
275868599,71
275869115,51
275869135,57
275869151,46
275869206,42
275870173,67
275870597,35
275871099,54
275871240,71
275871285,50
275871432,25
275871527,65
275871566,51
275871955,77
275872359,69
275872489,76
275872529,49
275872609,54
275872790,31
275873347,65
275873354,48
275873630,28
275874251,52
275874542,31
275875269,28
275875539,54
275875805,40
275876406,31
275876833,29
275877037,28
275877222,72
275877226,26
275877270,44
275878458,56
275878460,65
275878565,77
275879168,51
275879467,69
275880135,57
275880171,34
275880287,51
275880758,62
275880850,31
275880889,46
275881606,50
275882132,39
275882185,54
275882712,62
275882887,50
275883447,43
275883702,60
275883874,50
275884227,29
275884247,29
275884270,52
275884283,57
275884615,71
275884766,55
275885015,28
275885018,26
275885446,63
275885483,62
275885492,61
275885832,57
275885888,40
275886814,53
275886820,57
275887316,42
275887517,54
275887782,53
275887818,51
275887849,29
275887908,57
275888257,47
275888279,69
275888288,76
275888322,39
275888392,67
275888419,62
275888530,63
275888829,69
275888883,40
275888885,60
275889100,52
275889353,60
275889366,51
275889803,48
275889830,46
275890091,51
275890248,67
275890332,39
275890465,38
275890757,66
275890863,41
275890869,65
275890894,34
275891397,61
275891967,54
275892040,65
275892076,23
275892625,26
275892716,58
275892717,63
275893144,38
275893199,74
275893406,40
275893835,56
275893839,54
275894057,76
275894663,48
275894750,44
275894798,30
275895072,66
275895197,33
275895536,33
275895583,51
275895587,27
275895846,55
275896010,52
275896296,29
275897724,25
275898904,65
275898917,65
275900274,54
275900324,48
275901319,24
275901547,47
275901722,62
275902066,25
275902228,28
275902245,23
275902357,38
275902846,28
275903162,26
275903283,36
275903524,49
275903892,47
275903953,52
275904321,54
275904463,41
275904912,27
275905162,50
275905663,43
275905717,30
275905851,35
275905865,55
275905883,35
275905913,31
275906086,23
275906226,49
275906342,47
275906376,61
275906497,48
275906603,54
275907006,27
275907343,28
275907358,92
275907360,42
275907490,23
275907536,23
275907638,70
275907661,46
275907914,61
275910158,53
275910748,72
275911415,25
275911843,51
275913643,51
275913762,56
275913834,71
275914639,76
275914758,49
275915031,51
275915371,69
275916502,24
275916981,40
275918000,35
275918164,28
275918720,31
275919203,41
275919566,61
275920065,64
275920890,44
275921229,70
275921884,64
275922158,72
275922489,65
275922661,24
275923233,63
275923272,78
275923332,73
275923750,64
275923814,62
275923839,50
275923915,49
275923918,57
275923960,43
275923988,62
275924214,52
275924218,37
275924322,43
275924691,42
275924715,84
275924766,64
275924773,52
275924806,46
275924859,82
275925149,83
275925185,65
275925433,60
275925525,72
275925570,46
275925700,50
275925710,60
275925866,65
275925902,55
275926012,42
275926016,73
275926020,81
275926022,59
275926031,49
275926051,57
275926278,45
275926430,69
275926433,60
275926437,57
275926438,58
275926443,42
275926445,77
275926480,53
275926493,45
275926512,75
275926590,66
275926610,52
275926640,41
275926695,56
275926705,46
275926824,87
275926898,60
275927105,55
275927236,63
275927435,66
275927465,65
275927466,60
275927571,50
275927626,83
275927731,38
275927735,53
275927745,50
275927870,54
275927893,42
275927916,79
275928250,57
275928424,46
275928498,67
275928529,66
275928595,52
275928602,53
275928837,39
275928981,72
275928984,44
275929590,43
275929650,63
275929652,50
275929653,64
275929894,78
275930034,57
275930136,77
275930187,75
275930191,49
275930198,45
275930350,42
275930361,55
275930481,46
275930516,57
275930662,46
275930724,65
275930734,48
275930941,51
275930947,40
275931086,62
275931095,64
275931361,38
275931440,55
275931452,52
275931464,68
275931552,56
275931574,39
275931648,38
275931663,55
275931668,58
275931670,78
275931673,57
275931748,56
275931820,63
275931838,75
275932311,47
275932423,59
275932459,77
275932654,76
275932696,53
275932753,55
275932833,45
275932904,63
275933110,44
275933284,63
275933437,42
275933875,41
275934010,44
275934013,61
275934408,60
275934496,76
275934589,43
275934616,36
275934716,53
275934718,44
275934762,67
275934908,51
275934957,65
275934983,58
275935034,52
275935045,50
275935052,81
275935069,67
275935107,60
275935144,39
275935178,87
275935211,56
275935215,40
275935216,70
275935222,73
275935236,69
275935253,42
275935279,48
275935287,55
275935332,39
275935361,82
275935393,58
275935436,54
275935515,78
275935542,58
275935543,42
275935548,76
275935555,68
275935578,76
275935608,69
275935654,73
275935678,62
275935705,44
275935746,56
275935793,63
275935823,35
275935906,67
275935927,52
275936028,60
275936038,53
275936057,55
275936107,56
275936113,66
275936143,65
275936216,42
275936219,73
275936233,70
275936235,74
275936259,46
275936264,47
275936365,54
275936394,43
275936398,54
275936406,51
275936408,53
275936418,57
275936437,59
275936667,36
275936690,53
275936691,76
275936747,57
275936908,53
275936936,58
275936959,87
275936960,57
275936993,55
275936995,65
275937012,73
275937032,55
275937038,53
275937065,62
275937070,63
275937076,52
275937096,37
275937150,70
275937281,76
275937286,37
275937330,36
275937346,61
275937360,63
275937364,50
275937373,39
275937418,64
275937571,44
275937608,59
275937640,75
275937654,52
275937687,52
275937807,55
275937835,60
275937848,31
275937853,48
275937854,57
275937863,58
275937865,61
275937868,44
275937890,45
275937945,86
275937995,54
275938090,57
275938141,60
275938159,36
275938163,55
275938214,58
275938277,67
275938363,66
275938374,54
275938409,52
275938473,47
275938510,55
275938517,53
275938531,49
275938534,49
275938564,82
275938654,67
275938693,62
275938698,67
275938710,51
275938712,45
275938729,58
275938730,81
275938785,66
275938818,76
275938843,54
275938846,74
275938850,41
275938852,49
275938904,55
275939014,38
275939036,71
275939043,37
275939064,52
275939073,53
275939115,57
275939146,51
275939184,38
275939217,53
275939437,53
275939448,75
275939504,68
275939530,60
275939534,31
275939544,37
275939545,37
275939567,49
275939661,62
275939727,63
275939763,53
275939936,77
275939963,38
275939980,52
275939981,55
275939991,65
275940019,63
275940025,39
275940030,42
275940036,94
275940052,75
275940204,47
275940315,60
275940335,34
275940394,56
275940405,70
275940416,64
275940419,64
275940426,62
275940464,53
275940471,37
275940514,42
275940608,56
275940618,65
275940627,48
275940651,55
275940655,49
275940711,53
275940953,74
275940991,73
275941014,66
275941066,42
275941068,55
275941075,74
275941085,80
275941093,76
275941124,56
275941128,48
275941163,59
275941168,37
275941190,53
275941218,39
275941226,55
275941241,42
275941244,60
275941246,76
275941309,76
275941318,62
275941319,58
275941328,42
275941387,67
275941388,63
275941408,39
275941455,68
275941459,40
275941460,74
275941469,49
275941473,59
275941477,49
275941499,38
275941536,41
275941540,38
275941570,36
275941582,54
275941595,54
275941610,61
275941705,53
275941713,38
275941745,67
275941785,48
275941803,65
275941829,55
275941835,36
275941898,78
275941920,73
275941942,57
275941945,59
275941983,74
275942004,50
275942021,41
275942024,39
275942025,36
275942049,67
275942054,36
275942066,70
275942085,51
275942121,73
275942148,38
275942162,77
275942177,44
275942494,48
275942534,64
275942552,54
275942784,55
275942895,62
275942977,41
275943007,36
275943170,41
275943171,44
275943283,72
275943370,66
275943468,44
275943477,76
275943555,72
275943688,63
275943746,53
275943891,37
275944300,40
275944327,56
275944331,49
275944332,47
275944336,42
275944337,36
275944342,43
275944520,51
275944540,61
275944746,73
275944833,38
275944948,42
275945039,71
275945072,50
275945088,52
275945151,65
275945204,74
275945223,41
275945235,70
275945692,48
275945769,63
275946015,55
275946016,54
275946034,42
275946038,44
275946039,43
275946040,42
275946041,47
275946044,42
275946047,65
275946114,47
275946166,65
275946412,41
275946470,67
275946604,71
275946767,46
275946870,97
275946944,73
275946972,69
275947080,50
275947086,79
275947121,68
275947171,36
275947247,45
275947252,82
275947452,56
275947454,42
275947492,41
275947505,57
275947513,65
275947515,39
275947535,68
275947572,46
275947660,67
275947685,78
275947737,42
275947985,73
275948066,69
275948238,43
275948273,71
275948476,67
275948488,40
275948829,40
275949000,69
275949116,52
275949153,67
275949154,51
275949408,58
275949625,43
275949645,69
275949989,33
275950023,43
275950083,39
275950125,42
275950235,39
275950244,43
275950369,52
275950370,46
275950375,55
275950376,44
275950379,54
275950382,37
275950384,43
275950423,52
275950763,45
275951070,37
275951177,44
275951181,66
275951288,44
275951297,69
275951341,40
275951655,42
275951702,60
275951731,74
275951743,65
275951863,81
275951943,61
275951959,75
275951969,63
275951994,71
275952032,60
275952186,46
275952229,38
275952321,38
275952646,55
275952714,54
275952964,46
275953012,38
275953166,41
275953288,66
275953375,38
275953441,84
275953466,39
275953489,38
275953522,55
275953626,79
275953879,74
275953925,74
275954059,70
275954215,46
275954262,58
275954363,55
275954370,56
275954411,62
275954430,38
275954484,60
275954529,59
275954584,57
275954656,57
275954731,43
275954767,35
275954830,72
275954852,48
275955046,48
275955580,44
275955585,53
275955605,68
275955661,56
275955911,58
275955959,58
275956016,71
275956059,59
275956109,42
275956145,49
275956183,63
275956242,47
275956332,68
275956495,42
275956510,42
275956605,38
275956679,40
275956692,36
275957020,75
275957038,46
275957082,63
275957117,47
275957138,39
275957144,35
275957273,65
275957318,60
275957571,73
275957610,75
275957630,52
275958171,72
275958223,63
275958258,48
275958610,72
275958657,51
275958658,46
275958738,51
275958758,42
275958766,37
275958776,57
275958803,62
275958848,44
275959007,65
275959011,66
275959041,78
275959071,45
275959097,44
275959113,76
275959178,44
275959180,63
275959205,63
275959208,82
275959297,64
275959413,43
275959506,37
275959568,81
275959576,72
275959722,61
275959930,71
275960010,76
275960078,35
275960216,75
275960371,47
275960434,55
275960493,34
275960502,43
275960505,74
275960536,55
275960545,67
275960743,51
275960813,70
275961055,71
275961237,63
275961631,74
275961725,37
275961897,87
275961963,74
275962012,48
275962110,41
275962407,55
275962451,41
275962520,79
275962525,63
275962813,84
275962933,56
275963003,47
275963637,34
275963753,53
275963971,48
275963973,67
275963975,49
275964003,79
275964110,38
275964134,59
275964211,38
275964305,49
275964306,42
275964319,36
275964320,37
275964411,53
275964425,36
275964458,81
275964467,33
275964533,69
275964776,63
275964830,84
275964838,41
275964845,43
275964869,43
275965044,64
275965089,43
275965107,43
275965156,64
275965174,39
275965248,57
275965516,47
275965581,56
275965746,36
275965749,36
275965763,36
275965766,35
275965769,38
275965934,49
275965954,61
275965992,61
275966087,68
275966139,44
275966152,39
275966160,46
275966201,84
275966339,43
275966362,62
275966633,56
275966814,81
275966828,42
275967018,51
275967317,68
275967339,48
275967547,59
275967583,48
275967585,41
275967600,61
275967609,74
275967699,45
275967766,76
275967981,58
275968084,37
275968685,59
275968976,72
275969030,38
275969063,50
275969139,44
275969197,72
275969296,70
275969426,71
275969456,54
275969469,57
275969594,45
275969621,49
275969636,43
275969722,61
275969747,36
275969880,41
275969882,37
275969883,36
275970020,77
275970347,49
275970390,35
275970549,77
275970625,51
275970681,50
275970683,38
275970687,44
275970724,66
275970773,58
275971216,35
275971283,57
275971404,71
275971517,44
275971520,63
275971552,70
275971579,76
275971747,40
275971865,41
275971965,56
275972266,52
275972650,39
275972671,41
275972681,39
275972710,74
275972728,52
275972780,47
275972803,47
275972874,50
275972899,57
275972905,55
275972965,39
275972995,39
275973009,40
275973066,81
275973070,38
275973141,59
275973146,72
275973266,75
275973376,38
275973377,45
275973408,41
275973498,67
275973721,38
275974193,54
275974353,68
275974378,36
275974499,43
275974523,39
275974705,72
275974751,51
275974878,42
275974884,52
275974969,69
275975133,49
275975163,40
275975229,37
275975286,54
275975333,42
275975356,55
275975409,55
275975438,39
275975445,65
275975451,60
275975541,43
275975615,55
275975802,71
275975832,58
275975983,64
275976001,55
275976006,50
275976082,44
275976086,47
275976155,37
275976182,45
275976256,47
275976283,54
275976337,49
275976593,48
275976602,42
275976608,40
275976620,72
275977369,68
275977659,40
275977712,37
275977726,52
275977759,38
275977761,55
275977766,39
275977794,40
275977798,68
275977889,39
275978048,37
275978088,61
275978132,40
275978159,40
275978709,66
275978958,53
275979137,43
275979191,64
275979193,62
275979226,77
275979266,68
275979343,64
275979520,66
275979549,51
275979605,67
275979746,72
275979791,85
275979984,42
275980071,63
275980263,76
275980335,40
275980344,62
275980350,39
275980351,39
275980352,57
275980389,44
275980414,39
275980512,55
275980637,38
275980651,47
275980659,32
275980692,39
275980760,32
275980768,61
275980980,43
275981005,82
275981013,56
275981312,85
275981398,36
275981479,44
275981924,42
275982019,67
275982046,66
275982482,55
275982517,55
275982526,55
275982662,78
275983090,90
275983112,51
275983415,39
275983458,53
275983557,58
275983704,48
275983714,55
275983837,40
275983889,72
275983961,44
275983998,32
275984074,66
275984105,74
275984430,47
275984633,77
275984697,53
275984735,78
275984852,43
275984864,54
275984874,54
275984904,19
275985065,53
275985470,73
275985522,73
275985529,38
275985565,38
275985566,51
275985576,37
275985579,41
275985813,50
275985889,73
275986065,70
275986073,41
275986323,42
275986324,44
275986563,37
275986565,71
275986846,80
275986869,39
275986877,61
275986904,51
275987181,76
275987228,39
275987256,35
275987262,38
275987275,39
275987311,50
275987416,78
275987561,50
275987600,46
275987601,45
275987607,52
275987611,54
275988184,54
275988207,52
275988256,64
275988284,38
275988364,38
275988383,34
275988636,54
275988660,46
275988694,35
275988698,38
275988700,37
275988707,55
275988718,66
275988724,38
275988741,43
275988787,49
275988876,65
275988884,75
275988908,69
275988974,43
275988981,42
275989473,66
275989717,53
275989750,38
275989809,44
275989844,77
275990045,67
275990160,53
275990163,41
275990177,38
275990192,41
275990490,42
275990506,45
275990522,51
275990841,41
275991083,71
275991227,39
275991291,69
275991490,78
275991587,46
275991684,81
275991922,73
275991937,78
275992001,88
275992011,33
275992191,50
275992193,77
275992232,62
275992268,40
275992327,59
275992489,45
275992556,49
275992595,38
275992631,54
275992634,37
275992732,38
275993130,40
275993255,68
275993685,50
275993716,35
275993725,35
275993731,39
275993746,36
275993754,41
275993756,53
275993776,57
275993833,72
275993850,71
275994017,37
275994064,59
275994136,70
275994169,31
275994172,31
275994243,55
275994282,91
275994290,35
275994327,35
275994656,41
275994695,36
275994871,73
275995006,66
275995198,40
275995223,58
275995229,36
275995254,37
275995486,59
275995544,61
275995554,44
275995721,92
275996182,41
275996294,35
275996304,49
275996665,62
275996836,67
275996905,44
275996906,66
275996953,38
275996962,39
275996967,41
275997134,71
275997620,54
275997657,38
275997659,46
275998014,40
275998031,46
275998104,67
275998139,43
275998158,71
275998304,48
275998434,36
275998473,37
275998491,68
275998509,40
275998850,32
275999539,35
275999588,36
275999685,41
276000242,79
276000260,49
276000275,40
276000281,36
276000308,39
276000511,32
276000919,51
276000942,42
276001002,35
276001024,78
276001041,35
276001357,36
276001371,38
276001376,37
276001427,43
276001664,71
276001672,37
276001715,38
276001755,55
276001788,33
276001792,55
276001805,67
276001820,36
276001966,41
276002137,51
276002334,78
276002372,49
276002434,44
276002443,36
276002486,37
276002744,68
276002781,36
276002791,36
276002815,80
276002824,52
276003413,56
276003775,41
276004039,56
276004054,46
276004121,42
276004418,55
276004424,56
276004465,77
276004685,65
276004835,63
276005258,36
276005280,36
276005336,35
276005386,84
276005655,44
276005696,60
276006434,78
276006521,77
276006616,45
276006739,39
276007141,68
276007160,53
276007165,64
276007219,55
276007309,37
276007342,35
276007345,74
276007411,63
276007570,41
276008323,38
276008351,45
276008387,30
276008417,58
276008425,74
276008443,41
276008448,45
276008665,63
276008668,39
276008675,35
276008677,39
276008678,36
276008706,47
276008718,32
276008758,61
276009053,45
276009221,32
276009361,45
276009606,40
276009617,56
276009627,59
276009631,38
276009669,73
276009683,59
276009987,67
276010102,78
276010108,40
276010135,33
276010293,48
276010507,35
276010518,52
276010527,77
276010552,42
276010636,49
276010814,58
276011026,44
276011047,73
276011136,41
276011160,35
276011380,40
276011424,34
276011485,40
276011583,39
276011603,54
276011963,37
276011989,50
276011994,35
276011996,36
276012001,57
276012015,35
276012148,64
276012332,38
276012334,66
276012454,46
276012501,35
276012579,35
276012587,36
276012830,55
276012947,61
276012954,51
276012988,48
276013059,32
276013087,79
276013274,56
276013315,74
276013443,52
276013450,74
276013503,46
276013529,56
276013611,53
276013706,36
276013992,45
276013999,34
276014048,55
276014239,65
276014410,38
276014412,36
276014468,31
276014469,56
276014590,62
276014638,37
276014640,47
276014643,35
276014730,67
276014936,46
276014953,36
276014993,57
276014996,41
276015001,72
276015256,34
276015260,45
276015271,36
276015302,51
276015612,37
276015615,42
276015617,31
276015631,56
276015650,39
276015685,39
276015775,69
276015818,49
276015941,35
276015943,61
276015973,56
276015979,47
276015982,73
276016027,45
276016578,50
276016655,48
276016750,62
276016751,42
276016753,45
276016754,44
276016755,53
276016757,76
276016759,40
276016779,50
276016782,37
276016811,38
276016953,41
276016978,41
276016982,60
276017009,38
276017063,38
276017152,45
276017286,34
276017296,82
276017306,36
276017307,69
276017461,65
276017466,36
276017473,37
276017494,47
276017532,36
276017541,37
276017564,47
276017689,53
276017713,29
276017763,68
276017773,45
276017790,78
276017798,37
276017815,46
276017816,35
276017870,35
276017890,39
276017891,43
276017892,45
276017893,42
276017894,40
276017899,41
276017903,38
276018071,49
276018103,69
276018104,54
276018256,31
276018270,45
276018289,34
276018344,36
276018346,38
276018354,32
276018359,50
276018363,46
276018384,69
276018522,49
276018587,69
276018622,43
276018723,56
276018734,60
276018777,64
276018786,36
276018787,61
276018789,38
276018790,59
276018792,39
276018796,37
276018804,38
276018808,34
276018843,58
276018859,69
276018998,41
276019157,48
276019251,37
276019449,43
276019469,74
276019518,56
276019613,62
276019666,47
276019671,54
276019674,41
276019675,49
276019678,77
276019697,36
276019724,36
276019746,45
276019758,51
276019816,71
276019962,80
276020499,68
276020545,69
276020546,36
276020564,35
276020774,70
276020816,72
276020828,83
276020831,68
276020857,36
276020888,76
276020951,30
276020996,46
276021051,65
276021083,63
276021384,82
276021522,35
276021553,62
276021568,82
276021611,73
276021802,61
276021825,54
276021830,53
276021875,33
276021991,47
276021993,74
276021999,42
276022004,51
276022007,46
276022010,43
276022014,39
276022015,56
276022020,37
276022025,49
276022040,51
276022041,40
276022045,58
276022049,72
276022050,49
276022078,35
276022079,34
276022084,37
276022093,37
276022099,34
276022107,30
276022141,66
276022197,62
276022218,74
276022231,64
276022233,34
276022332,59
276022352,60
276022413,62
276022465,58
276022517,64
276022701,59
276022731,35
276022742,52
276022773,58
276022805,35
276022824,36
276022833,36
276022890,58
276022989,61
276023005,59
276023008,62
276023017,48
276023048,53
276023059,53
276023061,37
276023063,30
276023075,34
276023177,61
276023185,63
276023203,60
276023205,80
276023395,42
276023404,44
276023409,61
276023414,73
276023457,46
276023691,38
276023711,60
276023719,64
276023729,47
276023763,44
276023767,37
276023803,59
276023814,67
276023816,50
276023817,36
276023820,33
276023924,51
276023936,69
276023994,59
276024012,77
276024046,33
276024182,33
276024197,58
276024199,48
276024224,63
276024232,55
276024290,66
276024422,34
276024428,36
276024430,35
276024432,57
276024441,44
276024444,31
276024445,30
276024451,47
276024457,55
276024482,38
276024500,33
276024519,62
276024531,40
276024533,39
276024534,36
276024538,45
276024540,62
276024542,77
276024549,35
276024550,43
276024555,35
276024559,35
276024571,41
276024573,71
276024578,61
276024579,45
276024581,43
276024600,30
276024652,45
276024764,70
276024789,69
276024800,38
276024806,39
276024823,63
276024842,36
276024870,37
276024876,79
276024880,46
276024882,42
276024885,58
276024896,66
276024913,53
276024920,72
276024934,58
276024970,58
276024987,69
276025020,54
276025039,32
276025040,60
276025056,42
276025059,60
276025065,37
276025066,34
276025079,40
276025089,59
276025097,42
276025154,55
276025163,50
276025169,69
276025173,53
276025176,69
276025180,64
276025273,34
276025276,64
276025336,77
276025398,61
276025445,37
276025451,46
276025461,67
276025466,57
276025468,64
276025490,55
276025495,34
276025534,58
276025586,38
276025594,52
276025681,61
276025684,46
276025709,39
276025724,40
276025866,56
276025898,49
276025938,64
276025988,44
276026107,38
276026109,36
276026120,41
276026130,38
276026167,38
276026195,34
276026207,44
276026377,33
276026488,58
276026566,29
276026589,53
276026625,62
276026630,79
276026642,50
276026689,40
276026705,52
276026725,37
276026726,43
276026764,34
276026776,42
276026785,34
276026860,40
276026877,35
276026887,59
276026891,37
276026896,46
276026910,34
276026916,33
276026923,68
276026982,43
276027010,53
276027066,69
276027067,42
276027267,46
276027306,56
276027348,38
276027467,49
276027513,47
276027531,68
276027557,52
276027567,30
276027568,59
276027571,39
276027660,55
276027687,63
276027740,34
276027743,34
276027746,58
276027748,59
276027758,35
276027765,66
276027846,31
276027948,37
276027971,36
276027988,82
276027991,35
276028000,45
276028065,36
276028229,51
276028298,53
276028309,39
276028419,72
276028434,59
276028467,61
276028493,33
276028571,58
276028681,78
276028737,61
276028741,50
276028819,56
276028826,47
276028999,53
276029000,34
276029001,46
276029024,36
276029037,57
276029049,36
276029063,55
276029068,35
276029094,54
276029410,42
276029449,57
276029451,61
276029467,54
276029472,68
276029478,76
276029621,70
276029655,58
276029672,35
276029678,36
276029688,41
276029733,49
276029752,64
276029765,58
276029878,65
276029940,64
276030061,34
276030152,50
276030160,51
276030242,40
276030246,34
276030253,37
276030256,40
276030257,43
276030272,43
276030318,54
276030319,72
276030325,45
276030334,68
276030338,35
276030357,40
276030474,55
276030957,52
276030959,30
276031047,34
276031057,35
276031075,33
276031111,71
276031123,29
276031129,64
276031131,62
276031613,32
276031615,33
276031623,44
276031693,78
276031733,41
276031734,37
276031735,36
276031738,52
276031746,34
276031770,33
276031802,60
276031803,33
276031819,45
276031833,34
276031846,65
276031849,36
276031850,35
276032170,69
276032409,64
276032440,44
276032489,34
276032493,36
276032494,33
276032495,33
276032496,45
276032500,80
276032505,66
276032513,52
276032576,75
276032744,63
276032787,38
276032791,65
276032881,81
276032944,59
276033014,66
276033063,66
276033260,66
276033261,61
276033265,70
276033268,41
276033274,35
276033309,36
276033533,53
276033634,70
276033724,37
276033725,35
276033726,34
276033733,46
276033738,54
276033742,59
276033747,36
276033749,37
276033876,71
276033994,35
276034104,73
276034283,33
276034316,33
276034342,32
276034382,58
276034592,59
276034593,64
276034601,49
276034603,45
276034748,79
276034751,38
276034780,33
276034821,36
276034825,35
276034841,45
276034855,60
276035158,58
276035167,49
276035172,57
276035206,41
276035215,36
276035370,59
276035490,58
276035565,47
276035572,33
276035593,45
276036351,34
276036362,47
276036393,40
276036765,32
276036802,32
276036826,29
276036865,75
276036999,49
276037004,34
276037019,36
276037044,51
276037153,76
276037206,76
276037266,33
276037372,39
276037411,61
276037412,46
276037414,54
276037438,40
276037440,38
276037481,58
276037665,56
276037695,46
276037808,64
276037809,64
276038076,37
276038154,64
276038169,45
276038173,33
276038174,32
276038175,37
276038179,34
276038182,40
276038184,35
276038335,34
276038339,40
276038340,54
276038370,34
276038371,45
276038379,50
276038433,78
276038492,42
276038649,65
276038771,74
276038778,71
276038926,34
276038995,45
276039000,46
276039006,36
276039011,35
276039030,58
276039311,58
276039324,54
276039434,69
276039511,76
276039663,66
276039715,64
276040042,62
276040279,73
276040308,77
276040322,65
276040437,81
276040439,50
276040456,33
276040468,67
276040471,59
276040665,82
276040873,67
276040885,65
276040899,81
276040966,66
276040982,77
276041016,43
276041019,37
276041027,32
276041030,70
276041037,34
276041038,56
276041039,36
276041095,45
276041197,47
276041264,33
276041350,56
276041607,83
276041812,53
276041834,34
276041840,34
276041847,33
276041849,33
276041853,62
276041854,53
276041855,54
276041858,44
276041860,36
276041867,44
276041879,47
276041884,55
276041886,75
276041888,62
276041988,80
276042008,64
276042117,58
276042309,57
276042313,30
276042453,71
276042480,50
276042488,78
276042550,67
276042574,32
276042583,57
276042584,53
276042623,55
276042639,35
276042644,78
276042654,60
276042657,67
276042664,64
276042669,67
276042850,34
276042964,70
276043107,33
276043227,33
276043305,59
276043329,56
276043358,36
276043373,56
276043381,45
276043394,82
276043426,47
276043455,55
276043491,41
276043572,30
276043589,58
276043623,35
276043830,75
276043923,37
276043943,58
276044057,53
276044337,65
276044422,35
276044723,69
276044729,63
276044738,33
276044752,75
276044773,60
276044797,33
276044811,34
276044988,30
276045095,53
276045098,33
276045134,62
276045255,59
276045262,73
276045303,55
276045459,69
276045507,55
276045508,46
276045531,54
276045539,28
276045540,75
276045550,31
276045557,41
276045577,56
276045602,86
276045730,31
276045906,33
276045924,58
276045952,35
276045958,33
276045960,33
276046260,67
276046268,58
276046288,38
276046294,43
276046296,34
276046320,91
276046335,59
276046336,65
276046348,51
276046454,54
276046518,33
276046528,44
276046642,54
276046726,47
276046965,79
276046984,67
276047041,34
276047072,51
276047108,90
276047109,31
276047110,33
276047115,33
276047116,33
276047141,58
276047326,58
276047425,69
276047443,64
276047582,57
276047592,80
276047815,79
276048095,49
276048176,54
276048192,69
276048307,37
276048344,37
276048713,30
276048718,36
276048799,63
276048812,70
276048827,69
276048878,80
276048959,75
276049029,63
276049051,32
276049202,69
276049637,36
276049723,63
276049734,66
276049737,63
276049792,66
276049823,65
276049840,79
276049850,73
276049852,84
276049860,65
276049874,84
276049915,51
276050241,66
276050544,61
276050583,34
276050715,36
276050839,64
276050853,71
276050899,61
276050912,56
276050916,58
276051056,65
276051163,76
276051196,63
276051521,42
276051622,62
276052171,30
276052181,70
276052191,68
276052212,67
276052268,78
276052322,64
276052387,66
276053249,68
276053436,66
276053499,68
276054425,70
276054466,45
276054479,67
276055044,60
276055050,55
276055185,38
276055306,36
276055611,67
276056008,68
276056382,37
276056682,68
276056689,63
276057690,80
276057694,87
276058102,47
276058701,69
276058709,29
276058775,50
276058799,78
276058904,49
276058931,54
276058956,66
276059493,37
276059817,58
276059849,60
276060883,39
276060894,65
276060992,78
276061566,77
276061599,80
276062565,31
276062567,78
276064419,64
276064458,70
276066920,65
276067312,30
276068021,72
276068025,62
276068056,65
276073301,67
276073761,70
276073804,54
276081693,37
276084072,37
276088671,38
276090703,32
276091444,36
276093719,37
276094865,36
276103469,37
276103758,36
276103985,37
276104794,30
276105692,38
276128805,37
276131883,26
276133055,27
276133366,25
276138663,24
276138715,26
276139502,26
276139663,24
276139871,26
276140017,26
276140572,24
276140654,24
276140920,31
276141494,24
276142437,27
276143506,26
276143683,25
276144071,27
276144282,25
276145295,25
276145735,26
276146491,32
276146653,25
276146762,25
276147859,25
276148380,25
276148538,26
276149050,25
276149322,22
276149994,22
276150166,23
276150262,23
276150844,23
276151448,42
276151586,22
276152244,22
276152359,24
276152898,22
276152966,22
276154708,26
276157577,22
276157948,23
276158076,23
276158112,22
276158248,24
276158394,23
276158615,22
276159060,25
276159140,24
276159743,24
276159984,30
276160337,27
276160912,22
276160945,64
276161389,55
276161524,23
276161724,24
276161733,23
276161919,24
276163076,24
276163130,23
276164266,41
276164558,21
276166356,22
276168178,23
276168603,25
276169787,69
276169921,69
276173867,50
276173868,49
276173911,80
276173980,24
276173990,37
276174509,71
276174646,60
276174652,43
276175140,54
276175143,51
276175291,56
276175398,23
276176958,68
276177121,35
276177163,60
276177230,52
276177263,46
276177362,43
276177374,40
276177379,42
276177380,45
276177512,60
276177524,83
276177547,74
276177574,65
276177619,65
276177646,45
276177708,67
276177832,82
276177976,69
276177991,56
276178175,67
276178212,66
276178400,60
276178518,65
276178532,50
276178533,74
276178536,58
276178547,35
276178562,37
276178946,83
276178978,63
276178995,66
276179081,50
276179264,77
276179419,56
276179428,37
276179446,50
276179569,67
276179626,80
276179748,69
276179805,48
276179825,44
276179840,63
276179997,70
276180439,50
276180489,75
276180495,40
276180530,63
276180553,71
276180736,64
276180827,43
276180983,52
276181222,79
276181261,74
276181390,24
276181569,40
276181834,46
276182099,82
276182104,58
276182154,55
276182293,22
276182343,42
276182365,56
276182571,45
276182610,68
276182877,78
276182882,58
276183456,23
276183579,55
276183783,67
276183855,85
276183895,85
276184194,32
276184212,32
276184216,70
276184485,39
276184708,40
276184712,42
276184718,48
276184741,36
276184972,50
276185334,55
276185523,59
276185530,41
276185582,37
276185612,74
276185671,51
276185867,40
276185871,62
276185872,34
276185879,54
276185908,28
276185946,36
276185989,42
276185993,55
276186165,46
276186299,61
276186540,57
276186545,28
276186633,50
276186640,44
276186649,57
276186653,33
276186654,35
276186655,66
276187192,66
276187222,29
276187223,64
276187237,72
276187284,31
276187822,58
276187834,28
276187987,52
276188335,78
276188450,74
276188490,37
276188589,36
276188593,32
276188660,41
276189148,55
276189203,55
276189259,27
276189362,60
276189899,77
276189915,57
276190578,43
276190590,82
276190626,55
276190652,71
276190659,61
276190813,34
276191203,53
276191234,56
276191239,69
276191276,44
276191434,31
276191520,44
276191569,58
276191575,57
276191578,49
276191594,61
276191609,52
276191610,34
276191632,58
276191635,40
276191821,59
276191828,50
276191831,42
276191845,45
276191851,45
276191852,43
276191881,35
276192397,45
276192545,57
276192672,32
276192723,78
276192728,38
276192752,49
276192766,37
276192769,31
276192776,44
276192851,59
276193091,79
276193189,80
276193389,77
276193404,74
276193519,31
276193547,33
276193556,33
276193612,34
276193687,32
276193953,40
276193988,43
276194145,64
276194220,33
276194264,80
276194380,31
276194417,31
276194418,31
276194420,31
276194421,31
276194435,37
276194436,31
276194438,27
276194440,46
276194441,69
276194442,62
276194443,81
276194449,28
276194486,60
276194498,37
276194771,47
276194877,55
276194934,45
276194948,44
276194987,75
276195074,77
276195075,44
276195085,60
276195102,37
276195138,53
276195222,32
276195228,34
276195241,54
276195255,72
276195284,40
276195294,30
276195306,57
276195435,29
276195842,69
276195905,75
276195917,78
276196026,64
276196072,28
276196121,29
276196133,89
276196140,36
276196149,29
276196157,32
276196177,33
276196218,36
276196227,35
276196387,56
276196554,40
276196690,67
276196697,48
276196710,47
276196785,47
276196807,60
276196845,69
276196859,64
276196881,67
276196897,62
276196904,72
276196954,31
276196977,71
276197003,54
276197392,50
276197600,55
276197645,61
276197730,50
276197747,47
276197792,64
276197874,38
276197917,32
276197929,58
276197939,63
276198052,33
276198190,57
276198353,68
276198505,65
276198510,50
276198512,64
276198513,62
276198536,63
276198616,47
276198658,51
276198674,27
276198684,31
276198687,64
276198701,39
276198717,76
276198734,33
276198759,40
276198804,34
276198820,50
276198952,60
276199005,56
276199390,72
276199404,67
276199420,70
276199430,71
276199439,58
276199449,66
276199485,47
276199651,31
276199670,31
276199812,56
276200185,81
276200328,57
276200385,30
276200410,57
276200473,51
276200726,32
276200860,47
276200891,63
276200897,65
276200944,71
276200966,69
276201001,32
276201057,81
276201073,39
276201091,82
276201155,66
276201164,39
276201165,44
276201167,32
276201175,53
276201193,40
276201204,32
276201205,35
276201223,47
276201229,27
276201263,33
276201266,34
276201339,33
276201340,78
276201347,67
276201415,72
276201523,65
276201616,67
276201640,76
276201729,62
276201803,29
276201828,42
276201904,31
276201957,47
276202085,82
276202330,55
276202366,32
276202498,30
276202675,38
276202676,60
276202795,51
276202805,45
276202899,54
276202917,38
276202931,53
276202932,44
276203196,46
276203281,36
276203313,74
276203337,63
276203437,57
276203438,75
276203453,55
276203556,46
276203577,62
276203601,47
276203902,46
276203982,64
276204118,34
276204233,36
276204273,38
276204293,50
276204303,76
276204353,55
276204440,42
276204476,31
276204514,40
276204573,32
276204848,48
276204851,52
276205066,51
276205074,51
276205092,38
276205145,35
276205414,53
276205674,29
276205676,47
276205680,73
276205692,70
276205835,34
276205854,74
276205891,41
276206014,40
276206098,27
276206115,43
276206140,49
276206157,53
276206193,48
276206207,45
276206364,25
276206492,39
276206516,49
276206536,59
276206730,57
276206751,58
276206765,45
276206772,59
276206817,33
276206822,28
276206827,47
276206914,32
276207007,39
276207114,41
276207184,42
276207206,46
276207246,41
276207322,50
276207490,41
276207626,56
276207686,47
276207700,54
276207793,50
276207810,65
276207836,65
276207846,32
276207852,44
276207857,55
276207975,27
276208122,45
276208218,65
276208220,31
276208221,50
276208223,34
276208229,26
276208230,26
276208232,26
276208260,33
276208306,82
276208433,64
276208639,42
276208734,32
276208902,52
276209219,38
276209220,56
276209236,33
276209289,48
276209599,61
276209721,50
276209748,72
276209773,28
276209800,74
276209961,57
276210059,30
276210441,33
276210449,55
276210530,26
276210588,64
276210614,56
276210721,54
276210792,62
276210911,68
276211038,43
276211041,33
276211179,49
276211416,35
276211444,69
276211594,61
276211631,54
276211772,72
276211863,56
276211984,31
276211985,30
276212035,43
276212130,68
276212283,25
276212403,27
276212432,39
276212542,51
276212595,29
276212687,48
276212877,60
276212958,49
276212980,25
276213214,68
276213327,66
276213343,43
276213407,47
276213429,46
276213495,33
276213554,26
276213572,28
276213589,29
276213618,63
276213769,49
276213795,30
276213866,32
276213872,53
276214111,28
276214114,38
276214132,32
276214133,33
276214199,53
276214201,41
276214206,61
276214401,65
276214428,35
276214789,49
276214820,55
276214837,52
276214937,49
276215245,56
276215257,74
276215318,59
276215363,25
276215369,25
276215602,47
276215901,26
276215971,33
276215974,51
276216012,50
276216100,30
276216123,33
276216680,28
276217263,56
276217287,29
276217502,24
276217582,38
276217663,27
276217671,57
276217803,74
276217804,75
276217805,70
276217807,56
276217810,50
276217811,47
276217813,47
276217814,35
276217817,33
276217820,40
276217829,59
276217833,31
276217867,37
276218079,60
276218156,66
276218159,28
276218349,48
276218361,68
276218666,63
276218741,28
276218949,40
276219107,28
276219239,75
276219263,42
276219438,44
276219820,25
276219859,81
276219887,59
276219891,29
276219937,26
276220442,76
276220516,45
276220539,42
276220546,64
276220547,64
276220688,50
276221196,37
276221227,68
276221229,60
276221236,62
276221241,30
276221243,56
276221245,75
276221246,51
276221249,78
276221251,65
276221259,53
276221264,55
276221340,24
276221366,34
276221367,52
276221369,59
276221372,58
276221375,34
276221376,28
276221505,71
276221576,77
276221767,37
276221771,48
276221824,39
276221835,55
276221842,49
276221844,61
276221846,68
276222005,89
276222386,51
276222397,39
276222401,61
276222418,58
276222424,25
276222506,25
276222616,26
276222675,27
276222900,64
276223018,30
276223034,35
276223055,38
276223059,54
276223262,38
276223294,49
276223607,28
276223637,54
276223675,64
276223920,27
276223926,41
276223931,31
276223932,38
276224254,33
276224264,37
276224311,35
276224315,63
276224337,56
276224338,61
276224340,85
276224341,35
276224379,43
276224386,55
276224388,29
276224601,70
276224676,63
276224771,39
276224828,39
276224842,46
276224868,73
276224875,68
276224923,32
276224924,34
276224930,36
276224943,62
276224950,78
276224990,43
276225035,53
276225050,48
276225067,31
276225309,77
276225313,58
276225354,32
276225371,60
276225398,62
276225399,55
276225414,34
276225546,51
276225621,57
276225624,57
276225657,57
276225720,53
276225725,24
276225763,54
276225863,55
276225893,31
276225939,72
276226031,44
276226124,31
276226129,50
276226205,29
276226225,50
276226287,62
276226460,44
276226467,56
276226472,76
276226473,55
276226479,54
276226636,60
276226661,46
276226851,48
276226902,62
276226917,51
276226949,45
276226956,62
276227132,48
276227134,49
276227137,39
276227198,56
276227320,56
276227334,56
276227424,49
276227493,34
276227496,56
276227514,50
276227519,50
276227531,44
276227539,63
276227609,54
276227627,26
276227831,72
276227882,38
276228033,29
276228101,51
276228103,78
276228251,36
276228265,65
276228266,57
276228341,44
276228674,34
276228716,26
276228743,33
276228901,39
276228935,63
276228945,83
276229135,47
276229155,55
276229169,76
276229184,54
276229340,78
276229387,27
276229393,32
276229407,41
276229435,90
276229551,37
276229556,29
276229558,46
276229560,43
276229569,41
276229589,29
276229591,59
276229666,53
276229702,53
276229704,52
276229706,57
276229709,66
276229710,71
276229715,80
276229716,82
276229718,54
276229719,75
276229733,43
276229740,54
276229792,38
276229950,53
276229965,59
276229972,38
276230013,44
276230195,42
276230213,33
276230319,44
276230389,72
276230514,75
276230531,67
276230533,29
276230534,27
276230536,37
276230539,28
276230578,49
276230617,24
276230796,31
276230832,64
276230848,31
276230877,34
276231125,38
276231150,66
276231154,66
276231155,43
276231156,40
276231157,61
276231159,74
276231164,66
276231173,48
276231174,32
276231179,70
276231261,61
276231305,30
276231344,52
276231463,40
276231464,53
276231469,54
276231470,23
276231474,32
276231478,43
276231479,44
276231481,34
276231485,64
276231486,34
276231517,67
276231524,68
276231640,63
276231641,25
276231779,39
276231787,60
276231791,52
276231800,71
276231803,36
276231804,34
276231808,78
276231812,69
276231814,37
276231817,42
276231876,57
276231915,41
276231986,64
276231995,65
276232018,43
276232064,40
276232102,46
276232136,61
276232165,62
276232468,54
276232536,82
276232537,64
276232538,60
276232542,55
276232543,36
276232549,64
276232551,40
276232769,28
276232821,41
276232844,45
276232848,51
276232872,73
276232898,29
276232903,36
276232964,60
276233087,38
276233140,78
276233153,31
276233158,53
276233160,58
276233163,55
276233164,57
276233166,52
276233183,54
276233190,84
276233191,82
276233201,67
276233203,69
276233204,42
276233211,86
276233212,51
276233219,43
276233223,48
276233230,35
276233233,49
276233235,75
276233239,48
276233244,38
276233247,30
276233248,38
276233249,55
276233259,30
276233296,36
276233499,92
276233599,55
276233600,64
276233645,54
276233653,59
276233838,76
276233849,32
276233967,75
276233969,56
276234002,36
276234003,33
276234024,37
276234025,35
276234092,50
276234094,59
276234095,35
276234326,34
276234382,32
276234383,82
276234390,83
276234396,42
276234400,72
276234406,57
276234416,30
276234423,40
276234432,57
276234435,49
276234439,55
276234485,61
276234658,74
276234669,29
276234699,41
276234701,27
276234728,50
276234841,32
276234845,43
276234846,66
276234848,46
276234849,39
276234851,50
276234856,79
276234864,63
276235055,66
276235104,27
276235206,63
276235223,30
276235224,40
276235225,37
276235296,62
276235298,52
276235301,51
276235314,28
276235319,39
276235385,40
276235408,78
276235528,22
276235786,35
276235883,23
276236011,28
276236238,27
276236243,38
276236258,30
276236264,35
276236290,72
276236361,38
276236435,23
276236463,31
276236812,27
276236847,35
276236859,63
276236903,38
276236976,35
276236999,61
276237022,40
276237415,33
276237479,45
276237583,49
276237650,38
276237696,57
276237959,41
276238050,71
276238052,39
276238072,31
276238079,39
276238375,58
276238749,65
276238751,82
276238864,23
276239030,26
276239218,26
276239258,23
276239312,35
276239322,52
276239324,40
276239332,37
276239387,30
276239398,52
276239424,21
276239462,37
276239476,35
276239514,40
276239515,28
276239516,38
276239521,61
276239530,35
276239546,55
276239575,56
276239805,30
276239829,37
276239864,22
276239870,34
276239976,37
276240016,47
276240041,33
276240150,24
276240231,38
276240241,32
276240276,49
276240279,54
276240308,51
276240334,21
276240415,51
276240481,43
276240486,58
276240577,38
276240910,60
276240914,38
276240967,46
276240976,35
276241114,34
276241270,36
276241271,37
276241332,39
276241424,28
276241531,23
276241565,29
276241599,34
276241702,52
276241743,51
276241748,34
276241760,22
276241978,55
276242106,50
276242228,60
276242709,40
276242710,69
276242760,64
276242861,54
276243184,28
276243185,40
276243223,62
276243248,33
276243261,46
276243262,41
276243394,26
276243475,72
276243723,52
276243739,32
276243768,62
276243836,29
276243872,66
276243905,57
276244047,37
276244249,49
276244260,60
276244274,45
276244345,33
276244346,32
276244411,39
276244430,53
276244734,68
276244842,58
276245016,69
276245078,26
276245092,38
276245166,62
276245227,26
276245338,49
276245763,40
276245785,27
276245886,26
276246003,58
276246298,68
276246324,58
276246661,31
276246707,41
276246741,46
276246907,29
276247183,34
276247250,22
276247317,63
276247371,70
276247373,45
276247601,71
276247627,64
276247792,36
276247877,61
276248117,62
276248121,24
276248124,71
276248136,52
276248192,65
276248269,38
276248653,59
276248663,49
276248669,27
276248780,46
276249079,64
276249099,67
276249117,49
276249188,42
276249191,43
276249257,67
276249298,62
276249484,53
276249551,30
276249591,75
276249654,52
276249784,58
276249828,56
276249950,20
276250045,60
276250131,24
276250330,58
276250427,37
276250549,48
276250631,66
276250800,51
276250804,56
276250835,41
276251126,63
276251164,44
276251242,65
276251263,49
276251535,74
276251585,65
276251610,68
276251616,56
276252197,59
276253012,39
276253026,51
276253140,51
276253157,59
276253260,49
276253265,37
276253346,29
276253834,23
276253871,72
276254601,62
276254733,64
276254747,41
276254788,52
276254834,50
276254862,52
276254868,65
276254980,63
276255034,55
276255389,68
276255427,78
276255513,80
276255524,32
276255944,30
276256032,63
276256434,72
276256438,54
276256509,28
276256951,51
276256994,69
276257051,27
276257163,46
276257169,74
276257458,36
276257544,70
276257551,57
276257572,73
276257746,27
276257822,35
276257847,35
276257916,60
276257919,70
276258045,28
276258108,31
276258112,45
276258123,26
276258137,42
276258318,59
276258511,75
276258564,55
276258630,59
276258872,50
276258881,39
276258888,79
276258968,55
276259036,28
276259075,29
276259444,52
276259478,60
276259669,78
276259716,70
276259741,80
276259752,81
276260003,23
276260044,54
276260070,27
276260088,61
276260291,44
276260306,68
276260854,73
276261082,24
276261168,60
276261209,56
276261493,22
276261497,66
276261550,49
276261570,68
276261694,67
276261804,30
276261880,38
276262078,31
276262166,61
276262205,65
276262215,65
276262232,32
276262255,49
276262280,52
276262493,64
276262791,64
276263244,64
276263248,46
276263251,59
276263253,62
276263313,48
276263316,45
276263374,73
276263380,77
276263382,87
276263384,51
276263389,62
276263396,43
276263399,72
276263427,62
276263429,61
276263430,43
276263431,67
276263434,53
276263441,46
276263442,54
276263446,67
276263447,57
276263452,60
276263454,68
276263482,29
276263602,71
276263627,73
276263632,59
276263635,52
276263640,43
276263649,58
276263657,58
276263669,66
276263671,79
276263698,62
276263747,86
276263767,70
276263806,55
276263812,51
276263825,76
276263829,49
276263878,54
276263884,65
276263886,63
276263887,77
276263894,64
276263897,47
276263920,64
276264066,57
276264070,58
276264089,40
276264097,69
276264112,65
276264114,76
276264130,64
276264151,60
276264196,77
276264233,52
276264235,62
276264240,66
276264242,59
276264255,51
276264256,50
276264265,39
276264267,51
276264268,65
276264276,39
276264280,70
276264292,46
276264293,65
276264296,59
276264301,59
276264303,54
276264305,50
276264476,70
276264481,68
276264491,72
276264518,48
276264573,62
276264653,57
276264685,66
276264686,47
276264687,61
276264730,62
276264732,40
276264735,39
276264736,77
276264747,73
276264754,39
276264926,72
276264942,48
276264944,62
276264958,42
276264962,72
276264968,72
276264971,68
276265033,71
276265075,53
276265078,63
276265084,55
276265090,50
276265099,57
276265103,59
276265115,73
276265121,42
276265129,52
276265152,51
276265169,38
276265175,53
276265181,59
276265182,38
276265184,81
276265371,65
276265399,60
276265409,62
276265415,66
276265423,68
276265426,55
276265429,46
276265431,64
276265484,66
276265506,57
276265525,81
276265532,78
276265538,64
276265539,64
276265550,63
276265554,42
276265560,60
276265574,63
276265576,68
276265580,40
276265586,32
276265591,43
276265592,44
276265598,55
276265679,40
276265823,59
276265846,69
276265848,59
276265961,70
276265962,62
276265966,51
276265971,70
276265978,74
276265981,45
276265991,42
276266004,50
276266006,66
276266007,58
276266011,63
276266012,70
276266017,41
276266019,39
276266020,64
276266021,42
276266024,40
276266026,45
276266035,55
276266122,86
276266139,66
276266161,75
276266170,47
276266263,43
276266264,64
276266269,39
276266281,58
276266283,45
276266285,85
276266291,53
276266292,67
276266294,71
276266295,39
276266296,39
276266332,89
276266400,60
276266423,62
276266499,55
276266532,54
276266543,54
276266583,55
276266588,70
276266591,46
276266600,39
276266601,65
276266605,59
276266606,46
276266608,47
276266610,74
276266616,61
276266617,58
276266618,41
276266620,49
276266622,40
276266626,64
276266633,70
276266644,40
276266749,67
276266820,59
276266838,75
276266852,70
276266905,67
276266910,66
276266920,73
276266924,48
276266929,68
276266945,69
276266954,60
276266966,38
276266967,48
276266968,78
276266972,40
276266978,39
276266983,83
276266989,63
276267121,59
276267226,63
276267232,76
276267298,44
276267340,69
276267348,62
276267356,45
276267364,71
276267370,55
276267375,54
276267380,52
276267389,44
276267393,80
276267397,38
276267401,53
276267406,61
276267409,42
276267412,61
276267420,47
276267421,52
276267422,52
276267426,61
276267429,44
276267433,48
276267528,47
276267540,60
276267541,65
276267544,69
276267545,45
276267546,58
276267550,41
276267551,67
276267553,58
276267555,63
276267596,68
276267597,74
276267610,69
276267616,76
276267619,59
276267636,40
276267638,65
276267644,59
276267647,75
276267651,77
276267658,75
276267665,84
276267668,75
276267669,57
276267677,30
276267680,29
276267685,70
276267689,45
276267708,82
276267710,49
276267735,48
276267743,48
276267744,45
276267746,42
276267748,45
276267749,55
276267799,75
276267803,59
276267809,67
276267830,64
276267846,48
276267868,64
276267922,56
276267933,37
276267962,57
276267965,37
276267992,44
276267996,59
276268000,39
276268003,57
276268008,55
276268010,51
276268011,63
276268013,53
276268015,54
276268022,60
276268026,65
276268097,60
276268104,71
276268110,55
276268111,59
276268113,51
276268115,52
276268124,60
276268164,76
276268167,74
276268169,47
276268188,54
276268219,59
276268312,55
276268319,62
276268335,79
276268338,54
276268375,58
276268380,61
276268381,39
276268395,61
276268404,70
276268539,40
276268541,60
276268543,52
276268544,40
276268550,62
276268559,37
276268563,62
276268568,52
276268571,71
276268583,45
276268594,62
276268634,80
276268759,53
276268761,56
276268791,58
276268792,78
276268808,69
276268823,55
276268828,59
276268899,56
276268922,68
276268925,43
276268936,58
276268939,58
276269038,58
276269039,37
276269045,58
276269053,52
276269062,53
276269064,48
276269065,78
276269068,67
276269069,51
276269078,37
276269080,38
276269084,46
276269085,53
276269087,53
276269098,43
276269118,77
276269126,82
276269134,48
276269150,74
276269178,68
276269182,68
276269211,72
276269226,61
276269294,59
276269345,41
276269352,47
276269358,59
276269371,69
276269375,60
276269402,42
276269417,44
276269423,39
276269444,41
276269470,57
276269625,70
276269626,55
276269628,62
276269636,75
276269637,58
276269639,59
276269640,38
276269642,64
276269650,65
276269661,38
276269665,54
276269666,37
276269682,63
276269687,57
276269690,40
276269724,63
276269762,63
276269771,72
276269850,40
276269896,79
276269904,45
276269930,61
276269943,61
276269956,44
276269975,54
276270123,81
276270125,68
276270127,57
276270133,57
276270137,37
276270139,37
276270151,41
276270153,37
276270160,38
276270161,37
276270163,43
276270197,68
276270208,57
276270220,81
276270257,39
276270281,48
276270304,60
276270350,60
276270366,67
276270380,54
276270408,60
276270438,66
276270462,62
276270467,68
276270480,59
276270481,65
276270482,69
276270682,72
276270689,49
276270690,43
276270692,61
276270694,41
276270695,70
276270703,51
276270714,51
276270732,51
276270737,47
276270749,45
276270773,81
276270786,69
276270791,48
276270798,61
276270804,68
276270872,63
276270893,66
276270895,71
276270906,55
276270924,64
276270943,60
276270950,51
276270961,78
276270963,46
276270984,55
276270994,81
276271014,59
276271043,56
276271046,74
276271050,54
276271168,60
276271173,37
276271177,59
276271180,77
276271184,54
276271189,51
276271191,62
276271192,66
276271199,82
276271204,60
276271222,63
276271228,57
276271250,57
276271261,56
276271262,46
276271298,61
276271358,62
276271390,59
276271395,83
276271516,51
276271559,61
276271569,45
276271572,58
276271574,37
276271581,51
276271588,76
276271591,56
276271592,50
276271594,59
276271595,59
276271598,61
276271600,48
276271603,69
276271604,44
276271605,46
276271609,88
276271611,48
276271646,45
276271649,61
276271653,58
276271668,43
276271705,56
276271716,51
276271737,87
276271748,43
276271753,59
276271781,63
276271792,60
276271814,63
276271815,60
276271864,53
276271869,53
276271884,85
276271889,59
276271895,83
276271965,57
276272071,51
276272072,68
276272075,55
276272093,65
276272103,42
276272115,63
276272125,67
276272127,38
276272208,39
276272211,54
276272223,82
276272243,68
276272280,80
276272290,60
276272294,73
276272306,55
276272307,60
276272327,61
276272328,41
276272341,53
276272359,62
276272399,63
276272403,79
276272433,55
276272434,59
276272440,62
276272441,44
276272443,58
276272449,75
276272515,61
276272518,60
276272521,79
276272525,43
276272537,53
276272542,61
276272544,70
276272551,42
276272553,61
276272559,37
276272593,54
276272633,52
276272646,80
276272736,60
276272784,56
276272790,68
276272817,40
276272822,57
276272841,56
276272842,71
276272850,56
276272854,60
276272891,41
276272894,55
276272904,64
276272907,57
276272908,74
276272987,60
276272988,57
276272993,55
276272995,38
276272996,70
276272998,54
276273001,49
276273005,66
276273007,52
276273010,53
276273013,71
276273014,45
276273016,38
276273017,38
276273024,37
276273034,52
276273041,53
276273042,57
276273043,37
276273050,89
276273056,61
276273065,48
276273067,81
276273084,60
276273102,86
276273130,58
276273153,46
276273156,66
276273158,62
276273222,57
276273240,60
276273248,75
276273313,64
276273321,61
276273328,58
276273408,55
276273411,56
276273412,55
276273414,57
276273430,83
276273431,40
276273433,45
276273434,55
276273435,40
276273438,71
276273440,72
276273443,63
276273444,63
276273449,70
276273455,38
276273459,37
276273477,58
276273483,64
276273489,50
276273503,83
276273507,69
276273518,62
276273554,43
276273584,38
276273591,66
276273617,44
276273643,60
276273649,37
276273661,39
276273671,38
276273676,61
276273693,50
276273694,72
276273708,40
276273728,84
276273780,68
276273803,29
276273804,46
276273805,67
276273807,62
276273808,41
276273809,56
276273819,58
276273856,66
276273858,71
276273861,49
276273863,53
276273864,55
276273866,57
276273867,68
276273872,77
276273882,66
276273891,69
276273893,55
276273894,50
276273904,64
276273913,53
276273927,68
276273939,60
276273945,61
276273962,85
276273984,60
276273994,77
276274002,56
276274087,53
276274092,78
276274115,54
276274150,51
276274168,39
276274175,60
276274182,62
276274185,57
276274188,69
276274192,62
276274194,54
276274201,63
276274206,63
276274207,72
276274242,67
276274254,63
276274262,80
276274280,82
276274286,74
276274292,60
276274293,71
276274299,48
276274302,62
276274303,49
276274304,58
276274311,55
276274321,58
276274347,67
276274352,64
276274355,64
276274356,55
276274366,67
276274415,60
276274422,60
276274499,39
276274544,44
276274548,67
276274581,67
276274586,39
276274588,74
276274590,71
276274593,57
276274594,59
276274595,53
276274596,47
276274600,60
276274604,59
276274606,55
276274610,44
276274612,45
276274617,57
276274618,62
276274621,67
276274626,73
276274632,54
276274635,59
276274645,69
276274646,66
276274647,70
276274648,38
276274665,45
276274668,69
276274714,57
276274717,56
276274719,63
276274720,45
276274723,44
276274731,77
276274748,55
276274775,74
276274787,61
276274792,62
276274801,70
276274810,58
276274846,47
276274856,65
276274888,61
276274904,42
276274952,42
276274955,71
276274960,40
276274961,54
276274963,38
276274966,84
276274970,77
276274971,58
276274974,38
276274978,48
276274980,44
276274981,55
276274982,54
276274985,56
276274993,68
276274999,39
276275013,43
276275015,67
276275028,75
276275034,68
276275037,54
276275048,48
276275052,51
276275065,75
276275066,53
276275067,51
276275073,79
276275074,55
276275084,53
276275100,42
276275124,55
276275139,62
276275173,68
276275192,57
276275195,55
276275253,72
276275271,74
276275311,50
276275312,37
276275315,40
276275345,70
276275349,69
276275357,69
276275359,39
276275363,57
276275364,64
276275365,51
276275376,42
276275388,61
276275409,49
276275413,38
276275415,47
276275416,52
276275419,40
276275420,77
276275431,53
276275433,64
276275436,48
276275439,38
276275442,49
276275481,46
276275499,59
276275503,66
276275517,38
276275562,56
276275590,63
276275628,46
276275629,55
276275630,51
276275635,67
276275641,43
276275653,39
276275654,38
276275687,71
276275689,62
276275691,60
276275692,55
276275695,64
276275696,64
276275701,50
276275702,61
276275706,49
276275707,45
276275717,57
276275725,56
276275732,56
276275741,48
276275746,48
276275749,43
276275751,39
276275760,37
276275762,36
276275771,46
276275774,47
276275779,53
276275782,40
276275786,56
276275792,64
276275797,52
276275798,54
276275799,54
276275801,50
276275830,74
276275857,63
276275930,68
276275969,58
276275988,78
276275990,63
276276019,73
276276025,64
276276034,57
276276048,37
276276070,58
276276076,57
276276083,59
276276085,58
276276088,46
276276090,75
276276095,49
276276097,57
276276112,69
276276126,53
276276128,40
276276129,36
276276134,64
276276135,43
276276138,56
276276158,44
276276164,34
276276209,61
276276211,71
276276228,60
276276259,59
276276305,72
276276349,73
276276385,53
276276387,63
276276389,55
276276392,54
276276395,57
276276401,53
276276404,45
276276407,87
276276412,52
276276413,54
276276424,70
276276432,41
276276459,47
276276460,54
276276461,80
276276462,36
276276467,41
276276470,67
276276471,55
276276472,70
276276473,59
276276479,54
276276482,60
276276485,39
276276486,52
276276489,74
276276493,74
276276498,63
276276499,57
276276504,78
276276552,48
276276577,48
276276601,38
276276619,52
276276636,60
276276640,40
276276668,40
276276683,37
276276717,56
276276722,55
276276724,59
276276728,67
276276734,57
276276735,56
276276736,55
276276744,71
276276748,50
276276750,47
276276757,68
276276758,45
276276761,45
276276765,49
276276783,67
276276784,85
276276788,92
276276796,39
276276798,49
276276827,51
276276830,68
276276833,61
276276862,57
276276864,49
276276872,69
276276926,79
276276929,71
276276958,45
276276983,37
276276990,39
276276993,52
276276995,57
276277017,38
276277043,42
276277059,65
276277069,75
276277072,73
276277074,57
276277081,70
276277083,50
276277084,51
276277085,36
276277091,51
276277096,66
276277103,48
276277104,48
276277105,65
276277109,57
276277116,48
276277130,58
276277132,53
276277149,44
276277174,51
276277176,45
276277177,39
276277178,37
276277181,55
276277185,46
276277190,57
276277217,63
276277260,76
276277292,58
276277304,60
276277324,53
276277342,41
276277368,61
276277369,52
276277370,62
276277371,44
276277384,57
276277438,55
276277442,54
276277443,80
276277449,58
276277450,64
276277451,58
276277466,52
276277471,50
276277473,48
276277475,47
276277478,59
276277489,48
276277490,79
276277495,68
276277498,43
276277500,53
276277504,64
276277506,78
276277510,78
276277511,61
276277519,64
276277524,45
276277525,45
276277542,76
276277543,76
276277548,44
276277549,51
276277595,56
276277615,58
276277620,58
276277626,58
276277683,64
276277689,38
276277690,39
276277692,40
276277722,82
276277757,53
276277802,60
276277803,66
276277807,66
276277827,71
276277835,52
276277853,64
276277862,68
276277864,79
276277868,46
276277873,54
276277880,69
276277885,50
276277889,36
276277892,43
276277896,52
276277900,49
276277902,37
276277910,48
276277911,50
276277913,44
276277915,40
276277916,53
276277920,62
276277921,63
276277922,54
276277923,53
276277925,48
276277929,56
276277931,49
276277934,59
276277939,42
276277941,53
276277943,52
276277944,44
276277946,52
276277949,71
276277964,55
276277968,43
276277972,44
276277975,73
276277984,69
276277992,73
276278004,40
276278010,42
276278014,36
276278021,41
276278023,38
276278024,38
276278025,37
276278026,41
276278027,56
276278052,64
276278084,74
276278086,44
276278090,32
276278101,52
276278103,55
276278108,49
276278126,63
276278127,39
276278128,38
276278134,59
276278144,46
276278145,40
276278150,53
276278160,36
276278161,37
276278162,36
276278163,36
276278164,39
276278169,74
276278175,63
276278177,50
276278178,69
276278179,67
276278186,71
276278188,79
276278193,38
276278197,74
276278198,39
276278206,42
276278208,38
276278211,69
276278213,51
276278221,36
276278227,60
276278229,62
276278231,40
276278232,37
276278235,74
276278241,60
276278243,38
276278252,39
276278257,75
276278265,40
276278270,55
276278274,38
276278288,58
276278305,38
276278356,62
276278368,69
276278369,66
276278375,77
276278387,86
276278390,48
276278399,54
276278413,44
276278419,50
276278436,52
276278437,53
276278439,52
276278441,39
276278446,77
276278449,46
276278463,65
276278464,71
276278466,70
276278471,36
276278474,38
276278484,63
276278491,37
276278493,36
276278497,63
276278504,64
276278506,59
276278509,72
276278516,37
276278521,38
276278537,37
276278541,74
276278552,37
276278555,37
276278558,37
276278562,45
276278564,61
276278569,56
276278570,63
276278571,58
276278572,36
276278573,64
276278576,47
276278580,58
276278585,39
276278588,63
276278595,75
276278611,67
276278618,47
276278620,71
276278622,43
276278623,42
276278629,72
276278632,68
276278633,78
276278634,50
276278646,48
276278679,63
276278681,69
276278682,64
276278685,50
276278686,63
276278688,63
276278691,55
276278693,62
276278708,72
276278710,37
276278714,36
276278720,36
276278725,36
276278728,65
276278729,66
276278731,50
276278736,59
276278738,54
276278741,36
276278746,36
276278749,54
276278762,60
276278771,39
276278772,38
276278781,64
276278791,39
276278796,67
276278797,53
276278804,76
276278809,58
276278812,57
276278816,39
276278818,49
276278820,52
276278868,62
276278878,52
276278891,77
276278893,58
276278896,62
276278897,42
276278902,67
276278904,63
276278908,49
276278918,46
276278928,43
276278930,77
276278943,51
276278947,76
276278950,45
276278952,46
276278956,47
276278959,61
276278963,37
276278965,64
276278966,43
276278972,40
276278975,36
276278978,40
276278981,69
276278986,79
276278995,38
276278997,38
276278998,38
276279001,67
276279006,37
276279007,39
276279020,75
276279022,38
276279025,37
276279039,63
276279051,50
276279054,53
276279055,44
276279057,38
276279058,73
276279063,45
276279082,50
276279090,72
276279099,54
276279116,55
276279149,55
276279150,48
276279155,53
276279166,58
276279172,67
276279173,50
276279178,50
276279182,69
276279190,64
276279193,47
276279196,64
276279197,74
276279198,67
276279199,37
276279200,43
276279205,80
276279221,58
276279230,66
276279231,70
276279233,56
276279241,56
276279244,50
276279253,37
276279254,53
276279261,42
276279274,36
276279275,36
276279278,37
276279298,65
276279300,40
276279302,36
276279304,54
276279309,72
276279311,37
276279320,60
276279321,36
276279323,38
276279324,42
276279336,51
276279348,37
276279361,41
276279362,42
276279370,42
276279385,49
276279387,51
276279391,74
276279400,54
276279411,81
276279439,79
276279442,54
276279451,64
276279454,57
276279457,59
276279459,37
276279460,49
276279465,48
276279466,64
276279469,67
276279470,38
276279473,66
276279479,69
276279485,53
276279488,53
276279490,57
276279492,46
276279493,49
276279494,63
276279497,53
276279515,55
276279520,60
276279523,77
276279526,67
276279534,48
276279540,73
276279541,37
276279560,59
276279562,57
276279565,70
276279568,77
276279579,55
276279580,71
276279582,91
276279583,38
276279586,50
276279587,54
276279588,72
276279589,65
276279592,37
276279595,40
276279596,38
276279597,39
276279598,73
276279600,38
276279603,61
276279611,70
276279612,64
276279615,61
276279623,53
276279643,38
276279646,66
276279650,56
276279661,59
276279684,45
276279686,51
276279687,38
276279700,50
276279707,55
276279713,38
276279715,71
276279716,86
276279720,53
276279722,37
276279723,66
276279724,31
276279733,55
276279738,64
276279740,42
276279742,35
276279745,41
276279750,50
276279752,65
276279754,56
276279757,38
276279759,66
276279760,70
276279762,69
276279763,52
276279769,36
276279782,66
276279786,55
276279796,46
276279797,68
276279804,65
276279823,59
276279862,47
276279873,65
276279874,54
276279875,70
276279880,48
276279897,36
276279903,73
276279907,80
276279912,56
276279916,59
276279921,58
276279922,85
276279936,59
276279938,66
276279942,43
276279948,58
276279950,66
276279952,56
276279971,34
276279983,52
276279987,72
276280014,59
276280016,85
276280018,73
276280023,53
276280034,36
276280036,38
276280040,63
276280042,72
276280044,37
276280048,36
276280053,54
276280060,58
276280093,76
276280102,43
276280104,44
276280106,83
276280111,72
276280147,77
276280150,70
276280152,55
276280154,40
276280165,58
276280170,72
276280174,53
276280176,54
276280177,62
276280182,74
276280185,49
276280207,68
276280215,51
276280225,56
276280226,52
276280232,34
276280235,48
276280236,54
276280237,60
276280239,49
276280240,58
276280243,60
276280244,50
276280256,54
276280263,70
276280293,59
276280295,62
276280297,56
276280298,52
276280300,48
276280301,52
276280307,70
276280308,70
276280312,39
276280314,53
276280316,59
276280321,36
276280322,37
276280325,40
276280327,37
276280330,76
276280331,62
276280354,36
276280363,37
276280374,76
276280375,57
276280380,62
276280387,51
276280397,48
276280407,60
276280471,43
276280479,58
276280490,49
276280493,48
276280498,42
276280505,71
276280507,37
276280509,55
276280514,62
276280519,73
276280527,52
276280528,72
276280530,54
276280534,61
276280537,52
276280538,58
276280547,40
276280550,68
276280558,57
276280562,55
276280564,60
276280566,45
276280576,55
276280578,41
276280585,64
276280590,59
276280594,51
276280595,73
276280596,37
276280597,38
276280599,38
276280604,63
276280610,38
276280618,53
276280620,70
276280626,51
276280628,37
276280629,39
276280633,51
276280634,50
276280652,73
276280678,63
276280680,56
276280684,48
276280708,58
276280712,52
276280713,49
276280727,65
276280728,52
276280733,46
276280737,56
276280743,43
276280744,53
276280769,55
276280780,49
276280783,53
276280785,59
276280787,51
276280788,51
276280793,61
276280795,50
276280798,67
276280801,36
276280804,36
276280805,37
276280806,36
276280811,38
276280813,33
276280816,53
276280823,56
276280824,56
276280836,56
276280840,49
276280841,57
276280852,76
276280858,39
276280860,38
276280863,38
276280864,37
276280869,74
276280883,38
276280887,37
276280888,37
276280897,47
276280900,48
276280901,56
276280906,51
276280909,54
276280911,61
276280927,68
276280939,86
276280940,63
276280942,48
276280946,52
276280979,47
276280981,43
276280988,58
276280993,62
276280996,55
276280997,61
276280998,70
276281000,60
276281010,64
276281012,36
276281016,37
276281019,52
276281025,48
276281033,54
276281037,52
276281048,50
276281049,37
276281056,42
276281061,41
276281065,36
276281068,77
276281075,42
276281077,44
276281081,40
276281096,56
276281098,69
276281100,78
276281105,55
276281111,37
276281121,57
276281127,48
276281128,39
276281130,42
276281131,56
276281144,36
276281149,45
276281151,53
276281156,58
276281157,47
276281169,36
276281170,43
276281174,37
276281183,46
276281210,38
276281211,65
276281217,49
276281223,72
276281226,48
276281239,38
276281241,67
276281245,70
276281256,35
276281282,44
276281286,54
276281290,56
276281291,76
276281294,38
276281304,36
276281315,77
276281317,77
276281321,49
276281326,67
276281336,46
276281337,46
276281340,54
276281343,56
276281389,72
276281411,65
276281428,60
276281440,51
276281447,48
276281448,72
276281452,43
276281456,58
276281459,76
276281467,72
276281476,55
276281478,68
276281485,49
276281489,42
276281501,68
276281508,70
276281515,37
276281520,65
276281522,57
276281531,73
276281533,52
276281535,40
276281545,62
276281550,50
276281555,76
276281579,82
276281583,77
276281605,45
276281608,51
276281610,50
276281631,52
276281634,62
276281635,49
276281637,77
276281639,65
276281641,54
276281642,63
276281643,82
276281644,74
276281646,44
276281655,77
276281658,47
276281660,75
276281665,41
276350583,76
276358148,52
276534918,37
276562117,51
276582150,43
276716781,49
276895967,56
276949389,40
276952392,49
276958701,50
276994404,50
277008994,56
277028538,61
277031463,56
277032126,57
277034823,55
277040476,60
277043696,66
277046891,77
277049734,56
277051924,67
277055778,80
277077440,49
277171846,63
277179420,70
277186126,49
277188472,37
277194897,68
277208038,61
277218140,30
277220576,59
277221574,67
277221607,31
277229819,25
277243346,68
277253015,55
277253910,53
277256062,60
277256166,57
277257448,42
277257783,53
277257845,41
277258268,76
277258292,41
277258644,53
277258657,74
277258777,44
277259215,50
277259451,62
277259819,61
277260009,46
277260463,60
277261011,75
277261568,55
277262010,56
277262155,60
277262432,51
277262559,57
277263671,68
277264156,59
277264326,51
277264443,40
277264872,54
277265022,60
277265168,59
277265545,55
277265584,57
277265585,59
277266013,62
277266210,69
277266318,55
277266573,41
277266580,57
277266710,50
277266810,46
277266854,78
277266959,48
277266989,59
277267019,37
277267080,39
277267194,57
277267202,82
277267368,59
277267583,40
277267715,61
277267915,43
277268061,53
277268196,58
277268220,61
277268227,46
277268236,41
277268420,37
277268819,56
277268874,77
277269139,57
277269376,37
277269641,42
277269656,55
277269730,82
277269880,55
277269916,37
277270042,50
277270121,35
277270521,39
277270710,36
277270883,36
277270897,45
277270907,86
277271061,41
277271105,49
277271120,36
277271122,40
277271155,36
277271214,43
277271294,47
277271299,48
277271358,37
277271359,41
277271362,47
277271392,36
277271415,58
277271619,57
277271815,49
277271921,51
277271926,51
277271986,51
277272144,50
277272156,55
277272201,36
277272228,44
277272337,36
277272391,36
277272397,58
277272400,52
277272428,36
277272430,59
277272437,36
277272574,37
277595806,76
277660327,75
277669043,74
277669585,21
277996703,42
278263931,55
278269777,53
278328905,48
278328906,26
278328907,65
278328908,56
278596281,37
278602500,36
278602572,37
278625036,64
278652447,63
278652820,41
278658720,50
278660821,62
278661898,37
278663738,36
278663740,36
278664510,37
278664741,37
278667590,76
278667619,37
278669779,35
278669912,48
278670011,38
278670356,35
278670461,35
278670475,45
278671367,64
278671513,38
278672908,56
278672920,58
278673035,61
278673987,35
278674003,38
278674004,58
278674069,37
278674652,36
278674684,37
278674937,43
278675685,43
278675750,59
278676175,56
278676932,35
278676933,35
278676934,36
278676940,37
278676942,36
278676962,39
278676971,35
278676972,35
278676974,35
278676975,35
278676976,36
278676979,36
278676980,35
278676983,35
278676986,35
278676991,36
278676995,35
278676998,35
278677102,40
278677980,37
278678787,36
278679567,53
278680095,40
278682029,39
278682245,41
278683240,37
278683480,35
278684951,59
278685479,39
278686360,39
278687016,37
278688091,42
278688645,33
278689339,51
278691228,37
278691405,36
278691407,35
278691409,45
278691597,62
278691739,59
278692741,51
278692896,46
278692983,41
278693573,57
278694801,36
278695782,38
278696293,38
278697535,46
278697723,60
278699188,39
278699277,37
278700114,38
278700135,35
278700211,60
278700897,56
278701316,44
278701663,62
278701966,54
278702271,37
278702354,40
278704989,48
278705089,64
278705184,37
278707234,42
278709168,63
278709580,41
278709970,31
278710570,44
278711384,37
278711812,67
278712248,49
278712979,37
278713343,45
278713557,37
278713866,41
278714525,53
278714869,38
278714963,41
278716154,40
278716329,59
278717370,41
278718065,38
278718150,38
278720452,53
278720455,36
278720738,38
278721577,35
278722580,65
278722837,53
278724320,42
278726778,58
278726981,71
278727599,63
278727772,52
278729950,44
278729986,61
278730674,39
278731243,37
278732175,50
278734011,32
278734275,48
278734578,52
278734950,62
278735204,35
278735443,65
278735528,36
278735585,37
278735633,40
278735648,55
278735935,40
278737702,34
278737972,36
278738127,37
278738764,36
278739241,47
278739354,50
278739405,50
278739407,53
278740416,34
278741664,35
278742549,37
278743464,41
278745307,35
278745669,53
278745678,44
278745948,35
278746902,36
278747901,55
278749795,38
278750074,62
278750235,34
278750372,36
278750887,35
278751072,62
278751801,31
278752317,54
278752995,36
278753288,55
278753366,35
278753612,63
278753702,34
278753708,39
278753935,40
278753953,50
278754368,35
278754428,55
278754578,34
278755225,40
278755495,57
278755523,50
278755864,59
278755878,35
278755925,31
278756392,63
278756608,37
278757154,42
278757297,48
278757886,71
278758484,42
278758551,33
278758752,39
278758801,29
278759636,37
278760547,37
278761380,38
278761405,40
278761482,53
278762053,40
278762055,63
278762304,39
278763058,64
278763063,38
278763514,61
278764501,42
278764579,69
278764868,60
278764928,36
278764937,49
278764976,65
278765368,46
278765387,41
278765393,49
278765465,49
278765869,36
278766062,36
278766659,61
278766836,38
278767318,50
278767492,39
278767510,35
278768072,35
278768217,37
278768286,49
278768369,37
278768776,50
278768838,40
278769981,32
278769992,62
278772373,62
278776486,29
278776609,35
278777946,72
278778143,34
278778166,55
278778367,38
278778751,45
278781441,46
278782589,40
278783435,42
278783506,67
278784265,33
278784533,61
278785421,67
278785763,81
278785781,60
278786225,50
278788455,33
278789532,63
278790718,65
278792531,54
278792605,87
278796010,45
278798438,51
278850302,26
278860640,25
278872526,24
278875807,26
278878016,24
278888085,24
278900103,68
278902076,51
278902180,69
278904487,31
278906489,27
278906517,77
278907817,30
278907988,32
278908711,36
278909062,33
278909620,67
278909682,32
278910508,39
278911929,80
278913165,37
278913696,40
278913726,48
278913845,36
278913858,58
278914808,45
278915069,32
278915072,59
278915106,32
278915737,32
278915785,56
278915866,48
278916472,54
278917074,40
278917092,31
278917148,57
278917358,32
278917696,42
278917843,44
278918023,30
278918348,44
278918480,30
278918580,61
278919161,32
278919177,62
278919376,33
278919515,67
278920349,55
278920501,29
278921319,52
278921818,37
278922518,58
278922526,27
278922534,59
278923087,64
278923382,33
278923390,33
278923905,40
278925190,26
278926471,37
278927621,37
278928113,35
278928739,42
278928917,31
278929826,56
278930705,45
278931332,31
278931749,55
278931867,48
278931873,59
278932037,34
278932602,49
278933987,35
278934213,39
278935456,52
278935472,81
278936055,93
278936056,48
278936107,37
278936163,32
278936494,53
278936496,38
278936898,32
278936934,26
278937064,32
278937089,38
278937146,41
278938124,93
278938131,29
278938138,51
278938141,49
278938144,33
278938147,62
278938149,34
278938565,55
278938712,40
278938714,30
278939193,51
278939194,27
278939280,43
278939867,39
278939907,24
278940803,29
278941410,50
278941436,27
278942674,24
278944341,48
278944435,59
278944436,72
278944630,40
278945795,57
278946460,47
278947131,71
278947272,65
278947390,51
278947718,41
278947919,47
278947921,60
278947926,75
278947957,37
278947964,48
278948481,40
278948484,40
278948489,58
278948741,42
278949326,30
278949730,26
278950003,62
278950010,37
278950422,39
278950732,34
278951289,62
278951290,55
278951886,25
278951973,22
278952154,63
278952162,49
278952166,64
278952167,48
278952304,65
278952325,63
278952333,47
278952335,76
278952347,34
278952369,71
278953234,57
278953236,86
278953238,44
278953374,29
278953754,39
278953932,44
278954615,64
278954620,66
278954622,49
278954636,57
278954638,68
278955608,58
278956016,23
278956187,54
278956191,39
278956935,29
278957260,26
278957645,30
278957995,31
278958245,53
278958247,54
278958426,42
278958476,58
278958931,36
278959539,26
278959682,36
278959683,38
278959684,48
278960140,40
278960142,47
278960143,68
278960433,28
278960530,50
278960539,74
278960712,61
278960763,38
278960937,42
278960940,46
278960941,44
278960942,50
278960948,51
278961316,51
278961576,63
278961880,31
278961889,48
278961894,43
278961919,51
278963534,36
278963727,22
278964044,27
278964455,40
278964517,63
278964547,65
278964940,30
278965148,40
278965168,48
278965933,38
278967169,53
278967663,58
278967686,20
278968383,21
278969040,25
278969131,20
278970450,24
278970685,65
278972920,44
278973790,61
278978866,56
278981076,60
278981265,21
278981480,72
278984372,53
278984526,58
278984548,70
278986194,65
278986897,79
278987415,46
278989009,51
278989174,80
278989177,44
278989248,38
278989286,38
278989534,42
278989723,81
278989725,60
278989726,39
278989756,49
278989813,63
278989853,57
278989974,43
278990205,81
278990315,64
278990332,37
278990348,58
278990352,39
278990598,42
278990655,43
278990781,45
278990786,41
278991044,43
278991047,47
278991101,37
278991103,56
278991125,70
278991453,60
278991464,57
278991465,59
278991577,50
278991807,51
278991976,53
278992014,78
278992151,42
278992231,37
278992265,53
278992325,54
278992457,49
278992921,77
278992930,38
278993017,56
278993152,66
278993165,62
278993193,45
278993315,61
278993394,54
278993425,51
278993426,45
278993632,40
278993793,41
278993803,42
278993822,58
278994134,45
278994329,41
278994485,49
278994507,42
278994511,45
278994695,63
278994797,54
278994810,37
278994844,64
278994861,40
278994886,41
278994977,38
278995038,49
278995229,47
278995262,64
278995609,53
278995631,53
278995645,69
278995660,62
278995670,49
278995695,39
278995830,71
278995898,67
278996347,37
278996377,36
278996392,52
278996409,37
278996446,69
278996560,72
278996594,37
278996709,47
278996801,60
278996805,49
278996812,59
278996860,36
278996868,38
278996998,52
278997001,36
278997002,37
278997005,37
278997016,65
278997018,49
278997117,41
278997123,86
278997216,36
278997308,54
278997317,47
278997362,61
278997365,53
278997377,78
278997384,37
278997416,43
278997432,40
278997567,56
278997577,37
278997617,37
278997626,68
278997632,56
278997797,39
278997871,37
278998007,47
278998298,38
278998373,42
278998395,44
278998444,50
278998506,53
278998512,73
278998586,36
278998616,55
278998753,48
278998754,76
278998774,39
278998807,49
278998810,50
278999106,47
278999207,50
279299183,68
279350169,68
279356811,26
279673215,22
280018745,48
281019473,21
281019476,25
281019478,25
281019481,20
281019482,19
281019483,26
281019485,21
281019491,70
281019493,59
281019494,35
281019497,21
281019504,28
281019505,31
281019507,24
281019510,25
281019511,41
281019513,24
281019514,29
281019516,29
281019518,25
281019519,20
281019520,28
281019521,22
281019522,20
281019523,19
281019524,56
281019525,29
281019526,40
281019528,33
281019529,28
281019531,21
281019532,23
281019535,20
281019536,34
281019537,39
281019538,35
281019539,37
281019541,20
281019542,19
281019543,22
281019546,20
281019548,19
281019550,29
281019551,44
281019557,30
281019558,35
281019562,37
281019563,21
281019568,24
281019570,20
281019572,30
281019573,56
281019574,75
281019576,24
281019579,23
281019580,74
281019583,56
281019585,19
281019587,23
281019589,40
281019590,52
281019595,24
281019599,24
281019600,29
281019604,19
281019607,23
281019609,55
281019611,42
281019612,20
281019613,22
281019614,18
281019615,20
281019619,22
281019620,31
281019626,23
281019627,19
281019630,20
281019633,19
281019642,30
281019646,27
281019650,92
281019652,42
281019653,33
281019654,24
281019656,36
281019657,43
281019660,19
281019661,33
281019664,40
281019665,21
281019666,26
281019669,25
281019673,24
281019678,41
281019679,35
281019681,50
281019683,35
281019685,56
281019687,34
281019688,24
281019690,23
281019692,43
281019693,35
281019694,23
281019695,20
281019696,23
281019699,20
281019703,59
281019706,38
281019712,19
281019715,23
281019716,25
281019718,20
281019723,23
281019724,23
281019725,20
281019726,37
281019727,33
281019728,29
281019733,20
281019735,35
281019736,57
281019738,28
281019739,34
281019741,82
281019742,56
281019749,23
281019750,29
281019751,21
281019755,45
281019759,22
281019762,52
281019765,30
281019767,19
281019775,26
281019778,45
281019780,55
281019782,34
281019784,19
281019785,37
281019786,30
281019788,19
281019791,26
281019793,19
281019794,38
281019795,49
281019796,53
281019797,21
281019799,50
281019800,48
281019806,26
281019808,32
281019809,35
281019819,32
281019824,21
281019825,24
281019827,47
281019830,24
281019831,23
281019832,26
281019833,37
281019839,25
281019840,35
281019841,30
281019842,21
281019843,48
281019846,27
281019847,45
281019849,35
281019853,21
281019854,19
281019858,34
281019859,50
281019865,33
281019868,36
281019874,35
281019875,31
281019880,35
281019886,20
281019888,24
281019889,25
281019891,33
281019893,19
281019897,48
281019899,23
281019902,34
281019903,23
281019907,58
281019908,40
281019912,29
281019914,23
281019915,22
281019916,60
281019918,19
281019921,20
281019925,19
281019926,28
281019928,51
281019929,33
281019930,28
281019932,32
281019933,41
281019936,20
281019937,20
281019938,28
281019944,81
281019946,22
281019948,20
281019949,19
281019950,43
281019951,29
281019952,19
281019956,22
281019957,67
281019960,83
281019961,23
281019962,22
281019963,29
281019964,19
281019965,22
281019967,20
281019968,21
281019971,25
281019973,45
281019974,32
281019975,44
281019977,61
281019979,27
281019980,25
281019981,20
281019984,20
281019987,22
281019989,22
281019994,43
281019995,23
281019996,24
281019999,30
281020002,26
281020005,44
281020006,21
281020007,33
281020010,51
281020014,18
281020015,67
281020017,21
281020018,33
281020019,22
281020020,19
281020021,33
281020022,19
281020025,19
281020026,58
281020027,27
281020031,31
281020033,33
281020034,29
281020035,19
281020037,25
281020040,26
281020046,19
281020047,22
281020049,26
281020050,40
281020052,18
281020053,20
281020055,59
281020057,42
281020061,22
281020063,60
281020067,30
281020068,46
281020070,50
281020072,27
281020074,34
281020075,27
281020078,30
281020079,21
281020080,30
281020081,42
281020086,40
281020088,20
281020090,32
281020092,32
281020093,21
281020094,27
281020095,48
281020096,31
281020097,39
281020098,28
281020099,50
281020101,20
281020103,20
281020106,30
281020107,21
281020109,24
281020111,45
281020113,20
281020114,21
281020115,19
281020116,19
281020118,19
281020120,26
281020122,37
281020123,22
281020125,36
281020126,20
281020129,28
281020131,30
281020135,22
281020138,23
281020144,25
281020146,23
281020147,18
281020149,31
281020150,28
281020151,28
281020152,29
281020155,20
281020161,38
281020162,24
281020165,50
281020168,35
281020170,38
281020173,24
281020174,36
281020175,82
281020176,21
281020178,65
281020179,20
281020180,22
281020181,19
281020182,46
281020184,30
281020187,27
281020193,43
281020195,19
281020197,49
281020200,23
281020203,21
281020204,25
281020205,18
281020209,54
281020210,44
281020212,45
281020214,24
281020215,26
281020217,56
281020220,35
281020222,53
281020223,56
281020224,52
281020226,19
281020228,38
281020230,39
281020233,42
281020236,40
281020237,38
281020238,28
281020241,37
281020242,24
281020245,23
281020246,22
281020248,20
281020251,28
281020256,30
281020258,31
281020264,22
281020265,22
281020267,32
281020269,53
281020270,88
281020271,27
281020278,23
281020284,20
281020285,58
281020286,62
281020288,33
281020290,33
281020292,22
281020295,38
281020296,24
281020299,22
281020300,38
281020306,27
281020309,33
281020310,36
281020318,33
281020328,23
281020330,30
281020331,23
281020332,59
281020336,91
281020338,23
281020341,20
281020342,27
281020343,24
281020344,23
281020345,18
281020346,25
281020353,31
281020354,27
281020361,31
281020365,18
281020367,21
281020368,30
281020369,31
281020370,70
281020374,66
281020375,42
281020376,59
281020377,22
281020378,22
281020383,29
281020386,25
281020393,43
281020394,31
281020397,62
281020398,28
281020399,30
281020400,33
281020401,20
281020402,31
281020403,52
281020405,43
281020406,47
281020407,68
281020411,32
281020413,37
281020414,22
281020415,34
281020416,18
281020417,18
281020421,20
281020422,62
281020424,25
281020425,25
281020427,40
281020428,31
281020429,26
281020430,34
281020431,28
281020435,39
281020440,27
281020443,20
281020445,18
281020446,37
281020447,33
281020448,20
281020449,33
281020452,20
281020454,51
281020457,41
281020463,36
281020468,20
281020470,19
281020471,19
281020473,22
281020476,22
281020479,21
281020480,20
281020482,25
281020485,19
281020488,19
281020490,19
281020492,25
281020494,42
281020497,21
281020498,20
281020502,23
281020509,26
281020515,24
281020520,23
281020521,21
281020524,26
281020525,22
281020529,21
281020532,20
281020533,21
281020537,25
281020538,23
281020540,23
281020541,34
281020543,23
281020544,22
281020546,35
281020547,21
281020548,20
281020549,19
281020550,50
281020554,38
281020556,22
281020557,29
281020558,23
281020559,26
281020561,21
281020563,19
281020566,37
281020568,40
281020573,21
281020574,25
281020576,19
281020577,66
281020580,76
281020582,20
281020584,56
281020586,19
281020592,21
281020593,20
281020594,38
281020595,33
281020596,24
281020598,32
281020600,20
281020603,30
281020604,46
281020606,23
281020607,21
281020608,26
281020610,30
281020611,32
281020612,30
281020613,23
281020614,24
281020615,31
281020616,18
281020617,22
281020622,19
281020626,39
281020628,44
281020629,54
281020633,24
281020635,28
281020636,26
281020637,22
281020639,22
281020641,31
281020642,41
281020644,32
281020646,29
281020648,32
281020652,56
281020654,21
281020656,23
281020658,46
281020660,30
281020663,31
281020668,20
281020671,34
281020674,27
281020675,27
281020676,35
281020677,25
281020679,33
281020681,25
281020682,24
281020689,33
281020691,25
281020696,18
281020697,25
281020700,33
281020707,33
281020709,45
281020710,19
281020711,21
281020713,25
281020716,29
281020717,19
281020718,19
281020720,25
281020721,37
281020722,34
281020723,32
281020724,50
281020727,22
281020728,28
281020729,26
281020730,20
281020731,19
281020736,24
281020738,30
281020739,21
281020745,33
281020747,35
281020751,45
281020752,44
281020753,28
281020755,19
281020756,21
281020757,19
281020758,20
281020759,55
281020763,39
281020765,54
281020766,48
281020767,39
281020768,31
281020770,24
281020776,27
281020777,30
281020778,27
281020781,35
281020783,29
281020784,22
281020785,26
281020788,38
281020789,47
281020790,21
281020791,47
281020792,27
281020799,20
281020800,56
281020805,19
281020806,22
281020808,24
281020810,21
281020814,36
281020817,36
281020818,37
281020819,53
281020821,57
281020822,48
281020823,29
281020824,30
281020826,33
281020828,29
281020829,53
281020832,23
281020839,26
281020840,29
281020843,39
281020844,37
281020846,24
281020847,37
281020848,18
281020851,32
281020853,31
281020854,29
281020857,33
281020862,48
281020863,21
281020866,28
281020868,20
281020869,21
281020870,31
281020874,27
281020875,38
281020877,27
281020878,25
281020880,62
281020884,52
281020889,19
281020891,18
281020897,34
281020899,19
281020900,28
281020901,22
281020902,29
281020905,22
281020906,19
281020908,21
281020909,20
281020910,29
281020912,20
281020915,61
281020917,22
281020918,54
281020920,43
281020921,32
281020922,53
281020924,25
281020928,35
281020930,32
281020931,74
281020932,19
281020933,53
281020936,50
281020937,47
281020938,30
281020941,27
281020944,26
281020945,21
281020946,18
281020947,19
281020948,19
281020951,26
281020955,33
281020958,55
281020961,29
281020962,29
281020964,34
281020965,29
281020967,32
281020970,33
281020972,22
281020974,34
281020975,43
281020978,21
281020983,32
281020984,40
281020987,19
281020989,25
281020991,25
281020993,20
281020994,29
281021000,35
281021002,18
281021005,36
281021009,58
281021010,24
281021011,19
281021013,20
281021015,54
281021017,35
281021020,54
281021021,21
281021025,55
281021029,48
281021032,76
281021039,37
281021042,40
281021043,62
281021047,38
281021048,23
281021050,20
281021052,22
281021058,23
281021059,35
281021061,19
281336500,44
281540759,50
281663067,28
281663466,23
281670660,60
281681424,69
282015047,80
282089675,65
282101537,83
282109937,60
282116143,66
282245209,83
282263144,60
282263148,57
282263151,36
282269754,56
282282269,65
282307652,44
282314312,60
282314351,64
282314362,59
282319680,42
282319696,47
282319744,70
282319750,74
282323021,68
282324123,71
282328962,66
282329325,56
282330219,58
282330226,43
282330237,44
282331884,51
282331969,46
282332171,55
282335172,62
282335173,50
282335400,62
282335406,57
282335444,45
282337437,52
282337672,81
282339220,59
282339650,65
282339653,59
282339655,56
282339761,58
282339763,74
282339764,60
282339833,54
282339948,64
282340035,50
282340207,56
282340241,58
282340247,59
282340440,48
282340442,69
282340449,74
282340686,52
282340709,53
282342170,45
282342267,53
282342276,43
282342376,59
282342542,45
282342602,56
282344220,91
282344418,47
282344424,48
282344770,49
282344968,73
282345142,47
282345149,50
282345165,52
282345874,54
282351063,67
282351509,41
282351965,73
282358101,53
282358106,52
282359201,60
282360944,58
282361056,54
282364092,66
282364820,51
282369131,57
282369379,34
282370212,65
282370546,56
282373191,42
282373224,69
282374370,63
282374865,45
282375701,49
282376498,41
282385707,38
282387921,73
282388715,63
282392813,42
282398107,55
282401779,36
282404096,38
282405057,32
282406578,67
282407127,80
282411490,50
282412301,37
282413259,33
282413635,36
282418694,65
282419232,49
282421766,88
282421834,43
282424452,72
282424885,54
282424887,61
282425019,81
282426419,65
282426908,65
282427714,67
282430869,40
282432322,35
282434751,49
282434932,61
282436761,36
282437852,29
282442311,63
282443843,55
282446510,61
282447422,69
282447828,33
282448303,64
282449053,52
282449295,46
282452763,69
282454797,52
282455941,73
282456051,75
282456958,67
282461068,47
282462760,66
282477133,67
282489845,75
282489846,36
282501733,55
282501890,50
282501980,39
282510464,35
282525610,58
282539649,26
282542776,68
282543528,27
282545909,22
282548296,43
282553628,56
282559131,49
282559146,33
282559182,42
282565162,55
282574204,39
282574225,50
282574966,65
282577096,37
282578955,75
282580771,45
282581137,63
282581369,64
282588998,74
282589115,72
282595989,52
282597361,60
282600046,59
282600608,60
282601620,65
282602299,39
282603351,59
282603353,39
282603355,82
282603630,58
282603913,69
282603920,62
282603922,62
282603927,56
282603933,40
282604515,68
282605387,54
282606243,35
282607467,33
282609871,48
282616427,45
282616855,98
282617628,62
282617630,70
282617890,65
282618183,59
282618188,71
282618190,82
282618216,61
282618810,74
282618812,71
282618814,64
282618818,59
282619597,65
282619599,38
282619720,65
282619722,60
282619723,76
282620043,55
282620800,29
282620801,48
282623237,65
282623241,37
282623244,45
282624344,53
282624349,74
282624357,70
282624547,58
282624782,57
282624846,53
282624851,72
282624855,81
282625253,53
282625289,56
282625290,82
282625292,51
282625293,69
282625294,46
282625295,77
282625863,61
282625864,67
282625868,55
282625876,65
282625878,66
282625890,59
282625900,73
282625903,70
282625908,78
282625911,72
282625914,50
282625915,63
282625919,72
282625921,47
282626555,65
282626742,39
282627109,64
282627303,53
282627439,57
282627446,82
282627807,47
282628323,62
282628328,56
282628459,38
282628717,57
282628801,63
282628827,55
282629194,41
282629291,62
282629423,53
282629424,37
282629524,44
282629530,57
282629543,43
282630539,62
282630713,46
282631116,59
282631758,68
282632115,56
282632116,27
282633400,61
282633533,67
282634086,72
282639600,53
282640009,55
282641466,31
282641765,53
282641915,55
282642319,69
282645177,61
282645458,45
282646057,54
282647975,56
282648908,55
282651131,45
282651520,56
282651543,37
282653957,52
282654114,59
282655485,60
282655580,57
282656138,28
282659548,61
282659713,72
282659902,59
282661237,49
282661260,53
282662558,78
282662948,49
282664213,83
282665100,59
282666970,70
282666986,55
282667068,59
282667116,79
282667563,75
282667747,55
282667863,56
282668225,59
282668231,45
282668255,57
282668321,85
282668509,50
282668896,67
282669958,59
282670089,66
282670833,81
282670994,39
282671096,50
282671162,42
282671179,41
282671257,70
282671314,52
282671411,56
282671476,69
282671763,67
282672031,55
282672044,68
282672127,50
282672545,55
282672696,52
282673041,77
282673255,53
282673284,63
282673333,51
282673495,41
282673518,41
282673526,43
282674164,56
282674182,73
282674185,87
282674240,74
282674349,67
282674453,52
282674589,39
282674602,36
282674639,38
282674753,44
282674822,62
282675095,43
282675099,59
282675464,53
282675481,55
282675515,64
282675561,76
282675717,64
282675769,65
282675946,46
282676237,57
282676320,42
282676337,58
282676363,38
282676514,74
282676554,45
282676589,50
282676743,53
282676752,76
282676765,64
282677086,44
282909317,59
282943899,28
282998807,45
283324394,45
283324395,34
283594878,45
283673745,56
283936312,43
283988099,31
283988101,49
284322277,49
284981172,64
285643722,76
285956256,50
286303799,29
286628041,66
286958887,52
287285712,82
287287935,56
287298174,53
287592653,34
288610621,45
288617481,51
288725064,69
288953113,39
288954186,54
289252778,34
289252779,40
290370959,55
290611183,50
290910153,88
290935837,33
291269567,66
291272041,45
291598450,27
292609383,65
292609384,35
292609385,45
292609387,53
292609388,49
292609389,68
292609390,36
292609391,44
292609394,59
292609396,50
292609401,78
292609404,25
292609405,78
292609406,90
292609408,30
292609409,64
292609411,63
292609412,63
292609413,69
292609414,83
292609416,53
292609421,62
292609424,39
292609425,61
292609426,70
292609428,22
292609430,27
292609434,55
292609437,87
292609438,46
292609439,43
292609440,54
292609443,66
292609446,76
292609448,72
292609451,28
292609453,47
292609455,78
292609456,26
292609457,32
292609458,72
292609460,39
292609461,79
292609462,75
292609465,22
292609466,62
292609469,82
292609470,40
292609473,56
292609477,68
292609478,24
292609490,89
292609496,35
292609502,28
292609504,58
292609506,67
292609508,79
292609511,24
292609512,42
292609514,38
292609516,82
292609519,79
292940700,78
293385075,42
293570133,39
293592403,58
295207213,49
295523262,37
295526930,42
295572674,48
295907883,20
295913525,38
295914080,68
295914097,32
295914252,52
295916389,38
295924539,39
295924892,36
295925751,37
295928838,34
295934720,48
295937786,35
295937823,35
295937827,36
295938800,47
295940691,37
295942047,37
295942048,39
295942050,36
295942558,38
295947310,34
295947443,37
295947444,37
295949965,37
295953574,49
295954503,51
295957607,37
295958643,37
295958664,36
295960547,36
295961596,39
295962408,39
295966180,36
295969163,39
295971109,36
295974413,39
295976448,68
295977349,38
295987495,38
296005151,36
296005845,39
296018619,28
296035897,36
296096592,26
296136527,39
296136615,38
296143328,37
296150038,39
296150040,39
296150075,73
296150089,36
296152511,48
296156129,58
296159502,37
296159521,38
296159602,37
296159645,40
296159697,36
296159701,37
296159704,36
296159708,38
296159709,36
296159719,37
296159738,38
296168340,38
296175849,37
296200529,40
296202925,24
296209103,25
296209722,64
296238220,47
296241298,37
296241628,37
296242057,42
296243000,38
296243681,38
296243692,38
296243791,37
296245407,65
296245862,37
296245875,36
296245879,38
296245890,38
296246230,41
296246232,37
296246234,36
296246382,38
296246590,83
296246948,37
296246951,36
296246964,36
296246987,39
296247223,38
296247542,36
296247561,38
296247611,37
296247889,36
296247892,36
296247895,35
296247897,39
296247900,39
296247902,36
296248265,38
296248269,36
296248281,38
296248353,48
296248372,37
296248609,36
296248624,36
296249797,58
296249803,37
296249822,36
296249823,38
296250281,38
296250290,37
296250301,38
296250307,37
296250339,38
296250416,53
296250484,38
296250485,38
296250552,48
296250610,61
296250784,70
296250835,39
296250989,38
296251125,37
296251127,37
296251132,38
296251145,38
296251354,37
296251575,64
296251807,38
296251815,38
296251817,38
296251836,37
296252504,38
296252540,40
296252554,37
296252708,37
296252709,37
296252713,38
296252736,37
296252738,38
296252772,37
296252947,36
296252968,36
296252980,38
296253040,37
296253077,37
296253089,36
296253125,36
296253139,37
296253190,60
296253323,36
296253379,36
296253407,38
296253427,37
296253476,35
296253511,36
296253541,46
296253597,36
296253641,36
296253642,36
296253644,38
296253922,37
296253951,36
296253952,36
296253976,36
296253982,40
296253998,37
296254047,37
296254068,36
296577354,39
296580420,66
296583987,59
296589343,38
296597547,69
296608096,38
296815074,73
296878208,44
296878218,45
296958389,36
297149463,44
297932245,50
298752503,51
299100820,76
299569666,66
299804938,65
299862168,55
299889319,59
300688907,24
300933331,41
301488396,18
302248372,42
302279224,73
302886298,49
303076006,24
303093936,74
303381145,43
303907210,31
303970387,74
304184106,18
304238318,46
304451248,48
304451272,36
304874640,36
304878715,54
304886180,22
305007897,38
305274064,82
305535582,31
305535589,32
306070270,55
306606211,23
306606228,19
306827963,32
306856976,23
306886372,53
306888555,29
306888556,47
306888578,19
306888844,24
307152436,55
307152437,38
307152479,35
307153093,32
307162591,53
307383931,25
307419628,22
308145852,56
308420676,36
308497063,33
308497065,22
308498163,31
308501272,39
309037321,50
309058622,58
309293156,77
309476947,51
309541341,26
309584684,23
309584691,29
309585530,22
309585531,52
309585532,22
309849499,78
310387714,29
310667323,25
310909611,43
310933005,50
310934779,66
310934840,67
310944589,46
311460578,35
311469762,61
311733936,41
312268450,61
312360791,52
312567772,51
312568259,23
312578553,38
312832854,34
314416596,28
314449314,33
314459110,30
314461455,21
314461456,25
314461457,22
314466252,24
314466254,18
314466256,29
314466275,52
314466276,26
314466277,25
314572572,29
314678118,34
314705842,24
315003126,18
315006948,53
315007390,42
315007846,49
315179177,18
315179217,18
315248638,53
315273732,51
315277199,22
315277550,23
315277551,46
315277552,25
315277605,23
315277606,49
315277725,22
315541457,55
316353857,21
316353873,51
316631743,24
316896929,50
316958278,55
317178424,18
317186657,18
317186658,21
317186659,19
317186660,18
317186661,19
317186662,23
317186663,19
317186664,18
317186665,18
317186666,18
317186667,19
317186668,19
317186669,18
317186670,21
317186671,18
317186672,18
317186673,21
317186674,21
317186675,18
317186676,19
317186677,18
317186678,22
317186679,19
317186680,19
317186681,18
317186682,18
317186683,19
317186684,19
317186685,18
317186686,20
317186687,21
317186688,19
317186689,18
317186690,18
317186691,21
317186692,21
317186693,20
317186694,18
317186695,19
317186696,19
317186697,18
317186698,20
317186699,18
317186700,23
317186701,18
317186702,19
317186703,22
317186704,18
317186705,20
317186706,19
317186707,18
317186708,19
317186709,18
317985183,20
317989845,22
317989847,31
318256308,32
318259305,44
318262084,49
318549614,43
318778931,38
318797939,79
318801355,30
318827578,33
318830034,53
318845596,36
318868999,60
318874021,53
318986087,36
319004616,36
319007000,36
319007550,30
319008989,38
319016962,56
319025138,39
319039895,35
319041597,25
319044023,48
319044862,36
319046309,49
319050519,53
319051930,25
319052934,35
319054751,38
319056868,40
319060218,44
319061425,24
319066191,36
319066192,36
319066194,65
319066203,45
319066638,91
319066639,63
319066657,39
319066658,35
319066659,40
319066669,44
319066927,47
319068611,35
319070734,28
319441537,27
319441538,23
319441539,33
319441540,25
319441541,32
319441542,48
319441543,33
319441544,20
319441545,20
319441546,39
319441547,27
319441548,24
319441549,22
319441550,23
319441551,36
319441552,24
319441553,27
319441554,32
319441555,36
319441556,29
319441557,32
319441558,26
319441559,28
319441560,29
319441561,20
319441562,26
319441563,29
319441564,21
319441565,32
319441566,23
319441567,22
319441568,28
319441569,32
319441570,25
319441571,29
319441572,20
319441573,50
319441574,40
319441575,36
319441576,31
319441577,25
319441578,34
319441579,28
319441580,31
319441581,38
319441582,20
319441583,41
319441584,42
319441585,27
319441586,37
319441587,42
319441588,30
319441589,23
319441590,24
319441591,27
319441592,25
319441593,31
319441594,29
319441595,21
319441596,39
319441597,24
319441598,23
319441599,27
319441600,40
319441601,40
319441602,33
319441603,21
319441604,23
319441605,29
319441606,28
319441607,30
319441608,29
319441609,63
319441610,19
319441611,25
319441612,26
319441613,24
319441614,30
319441615,34
319441616,26
319441617,23
319441618,22
319441619,20
319441620,21
319441621,27
319441622,21
319441623,22
319441624,52
319441625,61
319441626,24
319441627,33
319441628,46
319441629,31
319441630,21
319441631,28
319441632,40
319441633,28
319441634,29
319441635,27
319441636,21
319441637,41
319441638,31
319441639,33
319441640,22
319441641,23
319441642,32
319441643,27
319441644,29
319441645,40
319441646,40
319441647,29
319441648,23
319441649,24
319441650,38
319441651,38
319441652,29
319441653,36
319441654,29
319441655,35
319441656,22
319441657,23
319441658,47
319441659,31
319441660,40
319441661,24
319441662,37
319441663,25
319441664,24
319441665,23
319441666,21
319441667,23
319441668,23
319441669,28
319441670,26
319441671,25
319441672,27
319441673,28
319441674,23
319441675,26
319441676,50
319441677,43
319441678,33
319441679,31
319441680,23
319441681,29
319441682,22
319441683,23
319441684,32
319441685,23
319441686,22
319441687,28
319441688,62
319441689,30
319441690,51
319441691,34
319441692,25
319441693,27
319441694,20
319441695,29
319441696,21
319441697,32
319441698,38
319441699,30
319441700,24
319441701,30
319441702,28
319441703,42
319441704,31
319441705,43
319441706,53
319441707,41
319441708,43
319441709,30
319441710,37
319441711,24
319441712,33
319441713,41
319441714,21
319441715,31
319441716,42
319441717,56
319441718,41
319441719,41
319441720,45
319441721,23
319441722,27
319441723,27
319441724,48
319441725,25
319441726,26
319441727,27
319441728,24
319441729,29
319441730,25
319441731,25
319441732,24
319441733,28
319441734,22
319441735,34
319441736,31
319441737,25
319441738,22
319441739,26
319441740,29
319441741,20
319441742,23
319441743,38
319441744,29
319441745,26
319441746,36
319441747,52
319441748,42
319441749,53
319441750,30
319441751,25
319441752,58
319441753,25
319441754,25
319441755,23
319441756,40
319441757,19
319441758,38
319441759,23
319441760,49
319441761,25
319441762,26
319441763,29
319441764,27
319441765,22
319441766,55
319441767,24
319441768,34
319441769,62
319441770,53
319441771,28
319441772,29
319441773,28
319441774,24
319441775,24
319441776,55
319441777,36
319441778,20
319441779,28
319441780,57
319441781,24
319441782,21
319441783,56
319441784,26
319441785,22
319441786,64
319441787,29
319441788,28
319441789,21
319441790,31
319441791,22
319441792,53
319441793,25
319441794,22
319441795,26
319441796,33
319441797,29
319441798,27
319441799,43
319441800,32
319441801,37
319441802,46
319441803,36
319441804,31
319441805,23
319441806,25
319441807,59
319441808,20
319441809,35
319441810,26
319441811,33
319441812,38
319441813,30
319441814,25
319441815,36
319441816,27
319441817,20
319441818,21
319441819,31
319441820,24
319441821,22
319441822,35
319441823,22
319441824,31
319441825,26
319441826,32
319441827,23
319441828,27
319441829,43
319441830,44
319441831,56
319441832,35
319441833,48
319441834,51
319441835,37
319441836,24
319441837,33
319441838,25
319441839,25
319441841,34
319441842,31
319441843,37
319441844,27
319441845,28
319441846,21
319441847,30
319441848,37
319441849,26
319441850,30
319441851,25
319441852,36
319441853,27
319441854,21
319441855,31
319441856,57
319441857,56
319441858,32
319441859,23
319441860,35
319441861,22
319441862,22
319441863,22
319441864,23
319441865,21
319441866,34
319441867,28
319441868,33
319441869,25
319441870,30
319441871,37
319441872,27
319441873,24
319441874,29
319441875,39
319441876,23
319441877,22
319441878,23
319441879,30
319441880,31
319441881,20
319441882,24
319441883,27
319441884,23
319441885,26
319441886,23
319441887,39
319441888,34
319441889,30
319441890,31
319441891,24
319441892,28
319441893,22
319441894,23
319441895,21
319441896,22
319441897,25
319441898,19
319441899,25
319441900,20
319441901,22
319441902,78
319441903,50
319441904,21
319441905,23
319441906,77
319441907,45
319441908,27
319441909,63
319441910,23
319441911,32
319441912,32
319441913,33
319441914,47
319441915,48
319441916,41
319441917,24
319441918,32
319441919,31
319441920,38
319441921,25
319441922,50
319441923,50
319441924,43
319441925,23
319441926,46
319441927,19
319441928,25
319441929,24
319441930,23
319441931,23
319441932,44
319441933,38
319441934,48
319441935,66
319441936,46
319441937,43
319441938,48
319441939,38
319441940,48
319441941,26
319441942,24
319441943,38
319441944,43
319441945,40
319441946,36
319441947,46
319441948,34
319441949,30
319441950,24
319441951,20
319441952,60
319441953,20
319441954,61
319441955,32
319441956,49
319441957,25
319441958,47
319441959,41
319441960,36
319441961,26
319441962,38
319441963,61
319441964,29
319441965,56
319441966,26
319441967,57
319441968,27
319441969,38
319441970,28
319441971,23
319441972,29
319441973,33
319441974,28
319441975,25
319441976,24
319441977,20
319441978,32
319441979,25
319441980,24
319441981,27
319441982,49
319441983,42
319441984,30
319441985,23
319441986,26
319441987,39
319441988,25
319441989,25
319441990,26
319441991,34
319441992,22
319441993,33
319441994,35
319441995,30
319441996,30
319441997,30
319441998,24
319441999,37
319442000,19
319442001,26
319442002,23
319442003,25
319442004,21
319442005,58
319442006,55
319442007,27
319442008,33
319442009,33
319442010,43
319442011,20
319442012,24
319442013,35
319442014,33
319442015,23
319442016,23
319442017,24
319442018,22
319442019,29
319442020,41
319442021,48
319442022,20
319442023,19
319442024,32
319442025,27
319442026,18
319442027,25
319442028,52
319442029,22
319442030,35
319442031,31
319442032,29
319442033,21
319442034,23
319442035,23
319442036,40
319442037,47
319442038,57
319442039,29
319442040,47
319442041,38
319442042,40
319442043,64
319442044,27
319442045,29
319442046,26
319442047,41
319442048,39
319442049,35
319442050,24
319442051,25
319442052,22
319442053,56
319442054,34
319442055,23
319442056,31
319442057,41
319442058,25
319442059,25
319442060,27
319442061,24
319442062,21
319442063,37
319442064,22
319442065,29
319442066,30
319442067,35
319442068,30
319442069,36
319442070,23
319442071,35
319442072,26
319442073,36
319442074,23
319442075,24
319442076,33
319442077,24
319442078,55
319442079,27
319442080,39
319442081,27
319442082,31
319442083,21
319442084,42
319442085,20
319442086,26
319442087,67
319442088,57
319442089,28
319442090,35
319442091,70
319442092,38
319442093,22
319442094,32
319442095,21
319442096,31
319442097,30
319442098,21
319442099,28
319442100,27
319442101,37
319442102,28
319442103,25
319442104,28
319442105,25
319442106,22
319442107,26
319442108,20
319442109,23
319442110,29
319442111,27
319442112,22
319442113,22
319442114,26
319442115,26
319442116,25
319442117,23
319442118,22
319442119,21
319442120,32
319442121,55
319442122,38
319442123,39
319442124,43
319442125,32
319442126,26
319442127,33
319442128,29
319442129,26
319442130,34
319442131,34
319442132,63
319442133,37
319442134,47
319442135,43
319442136,27
319442137,34
319442138,27
319442139,35
319442140,69
319442141,49
319442142,23
319442143,23
319442144,27
319442145,21
319442146,41
319442147,28
319442148,49
319442149,25
319442150,45
319442151,43
319442152,29
319442153,22
319442154,24
319442155,21
319442156,28
319442157,28
319442158,28
319442159,27
319442160,26
319442161,48
319442162,32
319442163,19
319442164,19
319442165,35
319442166,21
319442167,31
319442168,32
319442169,54
319442170,33
319442171,32
319442172,60
319442173,47
319442174,33
319442175,28
319442176,37
319442177,43
319442178,23
319442179,33
319442180,22
319442182,41
319442183,24
319442184,25
319442185,34
319442186,23
319442187,35
319442188,18
319442189,45
319442190,20
319442191,49
319442192,26
319442193,28
319442194,25
319442195,25
319442196,18
319442197,22
319442198,21
319442199,38
319442200,28
319442201,37
319442202,22
319442203,31
319442204,34
319442205,27
319442206,35
319442207,21
319442208,25
319442209,31
319442210,19
319442211,53
319442212,31
319442213,22
319442214,31
319442215,34
319442216,23
319442217,27
319442218,36
319442219,22
319442220,26
319442221,42
319442222,34
319442223,32
319442224,49
319442225,26
319442226,21
319442227,23
319442228,20
319442229,25
319442230,32
319442231,42
319442232,23
319442233,31
319442234,24
319442235,36
319442236,22
319442237,22
319442238,24
319442239,31
319442240,59
319442241,49
319442242,39
319442243,37
319442244,26
319442245,20
319442246,24
319442247,19
319442248,41
319442249,50
319442250,54
319442251,25
319442252,45
319442253,21
319442254,35
319442255,26
319442256,74
319442257,42
319442258,25
319442259,37
319442260,22
319442261,39
319442262,33
319442263,22
319442264,24
319442265,28
319442266,27
319442267,25
319442268,41
319442269,29
319442270,22
319442271,21
319442272,32
319442273,29
319442274,32
319442275,24
319442276,25
319442277,27
319442278,44
319442279,32
319442280,22
319442281,34
319442282,38
319442283,29
319442284,38
319442285,32
319442286,24
319442287,39
319442288,24
319442289,55
319442290,58
319442291,24
319442292,35
319442293,35
319442294,38
319442295,34
319442296,36
319442297,26
319442298,28
319442299,37
319442300,36
319442301,35
319442302,34
319442303,31
319442304,30
319442305,26
319442306,36
319442307,39
319442308,31
319442309,35
319442310,38
319442311,41
319442312,33
319442313,42
319442314,27
319442315,47
319442316,25
319442317,39
319442318,22
319442319,29
319442320,25
319442321,23
319442322,35
319442323,21
319442324,24
319442325,27
319442326,35
319442327,65
319442328,33
319442329,28
319442330,48
319442331,32
319442332,30
319442333,22
319442334,53
319442335,30
319442336,39
319442337,22
319442338,36
319442339,54
319442340,25
319442341,24
319442342,39
319442343,21
319442344,36
319442345,29
319442346,21
319442347,26
319442348,24
319442349,27
319442350,33
319442351,28
319442352,31
319442353,37
319442354,59
319442355,29
319442356,37
319442357,24
319442358,27
319442359,37
319442360,21
319442361,39
319442362,49
319442363,24
319442364,26
319442365,29
319442366,20
319442367,71
319442368,32
319442369,20
319442370,32
319442371,28
319442372,45
319442373,52
319442374,33
319442375,46
319442376,27
319442377,24
319442378,34
319442379,33
319442380,42
319442381,24
319442382,23
319442383,22
319442384,32
319442385,27
319442386,33
319442387,23
319442388,25
319712728,42
320253365,24
320253366,26
320253367,22
320253368,23
320253369,22
320253370,22
320253371,24
320253372,22
320327761,64
320505369,67
320505370,25
320505371,22
320505372,23
320505383,59
320505384,41
320766704,45
320775897,18
320775926,66
320775932,77
320775933,67
320775944,30
320794065,25
321024308,54
321055990,45
321056003,56
321056024,21
321056029,21
321056030,31
321056033,52
321064387,24
321590027,50
321590028,22
322633402,26
322650476,65
322668332,25
322668348,77
322668351,82
322941543,36
322948330,41
322948359,41
322948370,18
322956965,23
323208433,20
323208435,19
323208951,75
323448336,44
323485520,62
323485523,27
324008030,40
324349744,25
324349747,25
324463707,55
324533166,48
324804974,54
324834769,53
324836055,21
324836469,63
324836472,53
324836474,61
324836914,51
324849886,28
325088775,71
325097787,65
325111125,36
325114926,34
325142803,37
325390797,31
325913709,22
326190818,28
326222593,60
326261683,44
326457757,48
326457761,22
326457765,25
326457790,22
326457801,44
326458327,19
326458329,28
326656085,68
326661202,27
326733195,21
326733210,57
326733214,24
326733215,22
326733216,49
326733235,22
326733242,26
326733263,21
326733264,22
326738577,23
326740403,29
327010154,31
327029832,53
327029834,48
327030380,54
327030442,22
327030474,42
327045187,26
327045188,25
327045189,24
327272848,71
327280801,61
327282884,25
327317932,54
327317993,47
327318656,50
327318682,54
327609121,18
328148631,49
328148658,18
328156759,42
328204476,21
329487114,39
329516111,34
329521297,21
329745080,41
329792020,67
329792028,40
329802013,48
329808637,29
329808645,39
330065372,48
330090195,26
330333010,48
330362052,67
330363843,25
330376703,54
330379311,31
330379313,21
330379314,23
330379323,66
330379326,47
330379328,76
330379564,62
330380037,19
330380042,19
330380484,63
330380485,77
330380489,56
330380490,43
330494074,25
330666525,35
330668894,37
330669680,56
330962562,37
331232186,34
331535403,34
331787435,25
331805703,59
331805706,24
331805719,23
331807104,47
332097013,41
332097062,58
332097063,19
332100496,28
332100501,65
332108306,59
332375623,44
332375628,22
332376687,45
332667326,35
332668193,24
332937590,61
332958216,22
333539458,49
333565215,72
334133665,48
334146511,22
334146532,52
334146551,26
334158726,57
334435698,40
334721156,55
335003836,35
335003867,34
335003869,52
335345291,18
336281387,47
336431833,47
336434169,22
336791533,56
337003330,23
337468849,22
337468850,22
337468879,25
337468962,33
337566390,22
337578643,28
337582950,39
337835047,65
337861303,41
337865971,25
337865972,48
338172348,59
338733723,50
338738392,32
338738503,21
338739009,40
338963862,49
339022808,18
339022998,43
339023912,19
339280235,59
339309933,48
339309979,38
339310543,65
339312928,57
339602001,39
339885145,68
339894236,46
339895982,38
339996526,66
339996528,52
340149311,38
340458846,33
340497076,40
340679684,60
340722450,53
340729103,60
340749245,22
340757701,64
340757720,23
340757723,31
340757724,20
340757725,23
340760735,54
340766112,23
341040112,34
341042940,70
341043981,63
341045352,19
341108406,75
341296354,61
341324972,52
341324974,18
341325530,33
341325564,72
341326425,22
341328932,24
341343718,18
341543058,44
341581279,42
341602734,21
341617930,43
341619413,59
341619430,66
341620293,30
341883567,36
341912133,31
341912165,83
341921504,30
342609508,18
342725374,48
342746560,21
342775049,77
342776042,18
342777258,21
342777285,18
342777286,20
343037438,49
343064586,26
343066062,18
343066063,18
343070447,50
343070561,82
343078506,20
343078674,30
343284351,53
343344704,18
343344705,19
343344706,19
343344757,23
343351216,18
343351816,21
343352423,29
343365237,23
343610402,58
343636093,19
343636197,23
343637109,24
343640101,53
343643691,63
343923057,64
343923915,30
343939858,39
344063394,38
344194589,34
344206763,26
344207420,42
344209758,42
344228435,21
344228436,21
344228437,24
344228438,20
344228439,29
344515642,41
344515643,23
344515644,19
344515645,39
344515646,24
344515647,34
344515648,42
344515649,43
344564021,41
344749213,31
344790933,43
344803061,46
345048581,27
345073568,22
345080809,57
345081893,19
345081894,17
345082461,36
345085460,55
345085782,18
345085783,18
345085784,20
345085785,74
345090733,40
345141152,46
345367168,23
345367169,20
345370586,34
345371950,25
345645376,77
345654730,34
345654748,21
345654749,18
345654750,18
345654751,18
345759330,25
345777572,42
345785262,43
345808286,35
345808313,29
345808321,24
345900799,23
345933031,31
345934656,50
345935274,33
345936659,51
345936750,56
345936751,18
345936752,44
345937394,26
345937395,43
345937495,18
345937499,19
345937528,37
345938156,18
345938157,18
345938159,32
346229730,28
346230234,67
346230367,43
346471801,56
346493388,48
346516574,44
346526721,39
346526722,27
346526723,55
346658372,56
346658374,26
346658404,22
346658619,59
346795418,43
346799019,41
346799221,63
346804811,22
347077363,48
347078382,18
347080973,18
347335431,31
347338646,85
347341878,32
347361710,35
347366474,31
347366476,19
347366478,24
347366514,22
347366517,18
347370985,41
347375473,35
347645006,71
347656199,49
347656200,31
347656201,29
347656202,41
347964183,33
348170596,41
348217580,18
348217581,19
348217582,21
348217583,18
348217584,20
348217585,23
348217586,19
348217587,17
348217588,18
348217589,21
348217590,19
348217591,21
348217592,20
348217593,18
348217594,19
348217595,19
348217596,18
348217597,22
348217598,18
348217599,20
348217600,21
348217601,19
348217602,18
348217603,18
348217604,18
348217605,23
348217606,18
348217607,17
348217608,21
348217609,19
348217610,22
348217611,22
348217612,18
348217613,18
348217614,19
348217615,19
348217616,19
348217617,23
348217618,21
348217619,20
348217620,22
348217621,20
348217622,19
348217623,19
348217624,20
348217625,19
348217626,20
348217627,18
348217628,18
348217629,19
348217630,21
348217631,18
348217632,18
348217633,19
348217634,18
348217635,21
348217636,18
348217637,19
348217638,18
348217639,20
348217640,19
348217641,20
348217642,20
348217643,18
348217644,23
348217645,17
348217646,18
348217647,17
348217648,18
348217649,18
348217650,18
348217651,20
348217652,23
348217653,18
348217654,17
348217655,23
348217656,20
348217657,18
348217658,20
348217659,18
348217660,19
348217661,20
348217662,18
348217663,18
348217664,20
348217665,18
348217666,19
348217667,23
348217668,18
348629578,62
349187091,35
349471712,30
349475010,24
349723313,41
349746523,19
349746525,57
349746527,19
349746653,69
349746703,54
349746736,74
349746763,45
349749416,53
349750850,19
349750851,21
350032939,24
350040699,23
350040700,40
350040701,18
350040702,35
350040703,22
350040704,21
350046450,33
350312856,67
350312918,31
350312919,22
350312920,21
350317217,30
350328376,33
350610658,31
350882844,44
350891984,34
351160763,31
351160764,18
351160765,45
351434440,28
351440896,28
351441246,18
351441279,78
351441316,72
351441343,18
351451857,51
351454868,26
351681166,59
351719564,18
351719565,34
351719567,52
351722396,58
351984358,46
351997470,67
352008433,81
352017898,28
352569580,43
352569641,49
353128444,46
353135108,28
353137175,72
353137594,19
353137597,19
353411344,72
353411345,21
353411346,18
353415202,29
353415724,69
353417363,37
353424622,49
353426355,31
353580039,69
353649964,72
353694854,23
353694855,18
353708474,26
353971839,66
353971862,66
353990807,23
354232776,45
354253339,58
354254055,37
354273706,30
354273707,42
354273708,74
354295720,40
354397764,53
354546884,38
354557402,35
354826031,61
354839784,41
354839785,25
354839786,33
355110854,18
355110896,22
355122252,61
355128373,54
355239172,56
355292149,62
355374212,45
355374265,44
355374457,48
355374480,56
355374505,44
355375991,82
355378269,46
355378347,68
355381525,42
355383730,71
355384763,55
355386510,52
355386669,37
355387594,53
355387948,73
355388077,37
355388360,51
355388365,55
355388733,69
355390393,60
355391263,50
355394257,54
355395231,53
355395494,73
355395521,51
355397084,39
355398729,41
355399886,39
355400059,41
355400121,57
355400149,38
355401589,56
355401619,50
355401773,40
355401837,36
355403152,36
355403155,38
355403163,38
355403568,46
355404452,72
355404571,19
