FanID,Board,Role,StartDate,EndDate,Current
747711,Seminole Boosters Board of Directors,At-Large,1989-01-01T00:00:00.000000000,1991-12-31T00:00:00.000000000,false
745863,Seminole Boosters Board of Directors,At-Large,1999-01-01T00:00:00.000000000,2001-12-31T00:00:00.000000000,false
745863,Seminole Boosters Board of Directors,At-Large,2002-01-01T00:00:00.000000000,2004-12-31T00:00:00.000000000,false
771094,Seminole Boosters Board of Directors,At-Large,2023-07-01T00:00:00.000000000,,true
594209,Seminole Boosters Board of Directors,Ex-Officio,2019-01-30T00:00:00.000000000,2020-02-18T00:00:00.000000000,false
448967,Seminole Boosters Board of Directors,Ex-Officio,2020-02-18T00:00:00.000000000,2021-06-30T00:00:00.000000000,false
72283277,Seminole Boosters Board of Directors,Ex-Officio,2021-07-01T00:00:00.000000000,2022-06-30T00:00:00.000000000,false
276213786,Seminole Boosters Board of Directors,,,,true
561275,Seminole Boosters Board of Directors,At-Large,2019-07-01T00:00:00.000000000,2025-06-30T00:00:00.000000000,false
413324,Seminole Boosters Board of Directors,Ex-Officio,2022-07-01T00:00:00.000000000,2022-12-30T00:00:00.000000000,false
276238864,Seminole Boosters Board of Directors,Ex-Officio,2023-01-01T00:00:00.000000000,2023-12-31T00:00:00.000000000,false
593225,Seminole Boosters Board of Directors,Ex-Officio,2022-01-03T00:00:00.000000000,,true
685554,Seminole Boosters Board of Directors,Ex-Officio - University President/Designee,2021-09-09T00:00:00.000000000,,true
292609465,Seminole Boosters Board of Directors,,,,false
102458,Seminole Boosters Board of Directors,At-Large,1995-01-01T00:00:00.000000000,1997-12-31T00:00:00.000000000,false
102458,Seminole Boosters Board of Directors,At-Large,1998-01-01T00:00:00.000000000,2000-12-31T00:00:00.000000000,false
462802,Seminole Boosters Board of Directors,At-Large,1982-01-01T00:00:00.000000000,1984-12-31T00:00:00.000000000,false
462802,Seminole Boosters Board of Directors,At-Large,1985-01-01T00:00:00.000000000,1986-12-31T00:00:00.000000000,false
106458246,Seminole Boosters Board of Directors,Ex-Officio,2002-01-01T00:00:00.000000000,2002-12-31T00:00:00.000000000,false
106458499,Seminole Boosters Board of Directors,Ex-Officio,1985-01-01T00:00:00.000000000,1991-12-31T00:00:00.000000000,false
560266,Seminole Boosters Board of Directors,Ex-Officio,2016-07-01T00:00:00.000000000,2020-06-30T00:00:00.000000000,false
133536,Seminole Boosters Board of Directors,At-Large,1993-01-01T00:00:00.000000000,1995-12-31T00:00:00.000000000,false
133536,Seminole Boosters Board of Directors,At-Large,1996-01-01T00:00:00.000000000,1998-12-31T00:00:00.000000000,false
54564,Seminole Boosters Board of Directors,At-Large,1983-01-01T00:00:00.000000000,1983-12-31T00:00:00.000000000,true
54564,Seminole Boosters Board of Directors,Chair-Elect,1986-01-01T00:00:00.000000000,1986-12-31T00:00:00.000000000,true
54564,Seminole Boosters Board of Directors,Ex-Officio,1984-01-01T00:00:00.000000000,1985-12-31T00:00:00.000000000,true
54564,Seminole Boosters Board of Directors,Past Chairman,1988-01-01T00:00:00.000000000,,true
762950,Seminole Boosters Board of Directors,Ex-Officio,2018-07-01T00:00:00.000000000,2022-01-25T00:00:00.000000000,false
212221,Seminole Boosters Board of Directors,At-Large,1984-01-01T00:00:00.000000000,1986-12-31T00:00:00.000000000,false
212221,Seminole Boosters Board of Directors,At-Large,1987-01-01T00:00:00.000000000,1988-12-31T00:00:00.000000000,false
483076,Seminole Boosters Board of Directors,Ex-Officio,1992-01-01T00:00:00.000000000,2002-12-31T00:00:00.000000000,false
172065960,Seminole Boosters Board of Directors,At-Large,1981-01-01T00:00:00.000000000,1984-12-31T00:00:00.000000000,false
172065960,Seminole Boosters Board of Directors,At-Large,2012-07-01T00:00:00.000000000,2018-06-30T00:00:00.000000000,false
752157,Seminole Boosters Board of Directors,At-Large,2017-07-01T00:00:00.000000000,2020-02-01T00:00:00.000000000,true
752157,Seminole Boosters Board of Directors,Ex-Officio,2020-02-01T00:00:00.000000000,,true
578846,Seminole Boosters Board of Directors,At-Large,1994-01-01T00:00:00.000000000,2005-12-31T00:00:00.000000000,false
145100,Seminole Boosters Board of Directors,Ex-Officio,2000-01-01T00:00:00.000000000,2000-12-31T00:00:00.000000000,false
161800,Seminole Boosters Board of Directors,At-Large,1994-01-01T00:00:00.000000000,1995-12-31T00:00:00.000000000,false
275992001,Seminole Boosters Board of Directors,At-Large,1978-01-01T00:00:00.000000000,1980-12-31T00:00:00.000000000,false
754973,Seminole Boosters Board of Directors,Ex-Officio,2008-07-01T00:00:00.000000000,2010-07-01T00:00:00.000000000,false
686372,Seminole Boosters Board of Directors,At-Large,1999-01-01T00:00:00.000000000,2001-12-31T00:00:00.000000000,false
686372,Seminole Boosters Board of Directors,At-Large,2002-01-01T00:00:00.000000000,2002-12-31T00:00:00.000000000,false
106458451,Seminole Boosters Board of Directors,At-Large,1982-01-01T00:00:00.000000000,1984-12-31T00:00:00.000000000,false
106458451,Seminole Boosters Board of Directors,At-Large,1985-01-01T00:00:00.000000000,1986-12-31T00:00:00.000000000,false
543228,Seminole Boosters Board of Directors,Past Chairman,1972-01-01T00:00:00.000000000,2017-07-18T00:00:00.000000000,false
54782,Seminole Boosters Board of Directors,At-Large,2001-01-01T00:00:00.000000000,2003-12-31T00:00:00.000000000,false
54782,Seminole Boosters Board of Directors,At-Large,2018-07-01T00:00:00.000000000,2024-06-30T00:00:00.000000000,false
274495734,Seminole Boosters Board of Directors,At-Large,1998-01-01T00:00:00.000000000,2000-12-31T00:00:00.000000000,false
274495734,Seminole Boosters Board of Directors,Ex-Officio,2001-01-01T00:00:00.000000000,2014-06-30T00:00:00.000000000,false
281020483,Seminole Boosters Board of Directors,At-Large,2010-07-01T00:00:00.000000000,2013-06-30T00:00:00.000000000,false
281020483,Seminole Boosters Board of Directors,At-Large,2013-07-01T00:00:00.000000000,2016-06-30T00:00:00.000000000,false
95980,Seminole Boosters Board of Directors,At-Large,1993-01-01T00:00:00.000000000,1993-12-31T00:00:00.000000000,false
170030,Seminole Boosters Board of Directors,At-Large,1985-01-01T00:00:00.000000000,1987-12-31T00:00:00.000000000,false
170030,Seminole Boosters Board of Directors,At-Large,1988-01-01T00:00:00.000000000,1989-12-31T00:00:00.000000000,false
578848,Seminole Boosters Board of Directors,Ex-Officio,1980-01-01T00:00:00.000000000,2018-06-29T00:00:00.000000000,false
754590,Seminole Boosters Board of Directors,At-Large,1979-01-01T00:00:00.000000000,1983-12-31T00:00:00.000000000,false
754590,Seminole Boosters Board of Directors,At-Large,1984-01-01T00:00:00.000000000,1988-12-31T00:00:00.000000000,false
158264,Seminole Boosters Board of Directors,At-Large,1987-01-01T00:00:00.000000000,1990-12-31T00:00:00.000000000,false
158264,Seminole Boosters Board of Directors,At-Large,1991-01-01T00:00:00.000000000,1993-12-31T00:00:00.000000000,false
2364,Seminole Boosters Board of Directors,At-Large,1983-01-01T00:00:00.000000000,1985-12-31T00:00:00.000000000,false
2364,Seminole Boosters Board of Directors,At-Large,1986-01-01T00:00:00.000000000,1988-12-31T00:00:00.000000000,false
305278959,Seminole Boosters Board of Directors,At-Large,2000-01-01T00:00:00.000000000,2002-12-31T00:00:00.000000000,false
641981,Seminole Boosters Board of Directors,At-Large,2004-01-01T00:00:00.000000000,2007-06-30T00:00:00.000000000,false
641981,Seminole Boosters Board of Directors,At-Large,2007-07-01T00:00:00.000000000,2010-06-30T00:00:00.000000000,false
12555,Seminole Boosters Board of Directors,At-Large,1999-01-01T00:00:00.000000000,2000-12-31T00:00:00.000000000,false
12555,Seminole Boosters Board of Directors,At-Large,2002-01-01T00:00:00.000000000,2003-12-31T00:00:00.000000000,false
666000,Seminole Boosters Board of Directors,Ex-Officio,1992-01-01T00:00:00.000000000,1992-12-31T00:00:00.000000000,false
122315,Seminole Boosters Board of Directors,At-Large,1993-01-01T00:00:00.000000000,1995-12-31T00:00:00.000000000,true
122315,Seminole Boosters Board of Directors,At-Large,1996-01-01T00:00:00.000000000,1998-12-31T00:00:00.000000000,true
122315,Seminole Boosters Board of Directors,At-Large,1999-01-01T00:00:00.000000000,2000-12-31T00:00:00.000000000,true
122315,Seminole Boosters Board of Directors,At-Large,2004-01-01T00:00:00.000000000,2005-12-31T00:00:00.000000000,true
122315,Seminole Boosters Board of Directors,Ex-Officio,2006-01-01T00:00:00.000000000,2007-06-30T00:00:00.000000000,true
122315,Seminole Boosters Board of Directors,Past Chairman,2009-07-01T00:00:00.000000000,,true
106458403,Seminole Boosters Board of Directors,At-Large,1986-01-01T00:00:00.000000000,1988-12-31T00:00:00.000000000,false
106458403,Seminole Boosters Board of Directors,At-Large,1989-01-01T00:00:00.000000000,1991-12-31T00:00:00.000000000,false
191889,Seminole Boosters Board of Directors,At-Large,1999-01-01T00:00:00.000000000,2000-12-31T00:00:00.000000000,true
191889,Seminole Boosters Board of Directors,Chair-Elect,2001-01-01T00:00:00.000000000,2001-12-31T00:00:00.000000000,true
191889,Seminole Boosters Board of Directors,Past Chairman,2003-01-01T00:00:00.000000000,,true
767645,Seminole Boosters Board of Directors,At-Large,1985-01-01T00:00:00.000000000,1986-12-31T00:00:00.000000000,false
582845,Seminole Boosters Board of Directors,At-Large,1978-01-01T00:00:00.000000000,1982-12-31T00:00:00.000000000,false
578850,Seminole Boosters Board of Directors,At-Large,1996-01-01T00:00:00.000000000,1998-12-31T00:00:00.000000000,false
578850,Seminole Boosters Board of Directors,At-Large,1999-01-01T00:00:00.000000000,2001-12-31T00:00:00.000000000,false
578850,Seminole Boosters Board of Directors,Chair-Elect,2002-01-01T00:00:00.000000000,2002-12-31T00:00:00.000000000,false
578850,Seminole Boosters Board of Directors,Ex-Officio,2004-01-01T00:00:00.000000000,2008-06-30T00:00:00.000000000,false
597732,Seminole Boosters Board of Directors,At-Large,1997-01-01T00:00:00.000000000,1999-12-31T00:00:00.000000000,false
597732,Seminole Boosters Board of Directors,At-Large,2000-01-01T00:00:00.000000000,2002-12-31T00:00:00.000000000,false
673210,Seminole Boosters Board of Directors,At-Large,1978-01-01T00:00:00.000000000,1982-12-31T00:00:00.000000000,false
776622,Seminole Boosters Board of Directors,At-Large,1984-01-01T00:00:00.000000000,1986-12-31T00:00:00.000000000,false
776622,Seminole Boosters Board of Directors,At-Large,1987-01-01T00:00:00.000000000,1989-12-31T00:00:00.000000000,false
213323,Seminole Boosters Board of Directors,At-Large,1998-01-01T00:00:00.000000000,2000-12-31T00:00:00.000000000,false
213323,Seminole Boosters Board of Directors,At-Large,2001-01-01T00:00:00.000000000,2003-12-31T00:00:00.000000000,false
778931,Seminole Boosters Board of Directors,At-Large,1978-01-01T00:00:00.000000000,1984-12-31T00:00:00.000000000,true
778931,Seminole Boosters Board of Directors,Chair-Elect,1985-01-01T00:00:00.000000000,1985-12-31T00:00:00.000000000,true
778931,Seminole Boosters Board of Directors,Past Chairman,1987-01-01T00:00:00.000000000,,true
124123785,Seminole Boosters Board of Directors,Ex-Officio,2004-01-01T00:00:00.000000000,2004-12-31T00:00:00.000000000,false
124123785,Seminole Boosters Board of Directors,Ex-Officio,2005-01-01T00:00:00.000000000,2005-12-31T00:00:00.000000000,false
26814,Seminole Boosters Board of Directors,At-Large,1995-01-01T00:00:00.000000000,1997-12-31T00:00:00.000000000,false
63885,Seminole Boosters Board of Directors,At-Large,1985-01-01T00:00:00.000000000,1986-12-31T00:00:00.000000000,false
556565,Seminole Boosters Board of Directors,At-Large,1978-01-01T00:00:00.000000000,1986-12-31T00:00:00.000000000,false
556565,Seminole Boosters Board of Directors,Ex-Officio,1988-01-01T00:00:00.000000000,1988-12-31T00:00:00.000000000,false
556565,Seminole Boosters Board of Directors,Ex-Officio,1989-01-01T00:00:00.000000000,1995-12-31T00:00:00.000000000,false
42939,Seminole Boosters Board of Directors,At-Large,1994-01-01T00:00:00.000000000,1996-01-01T00:00:00.000000000,false
42939,Seminole Boosters Board of Directors,At-Large,1997-01-01T00:00:00.000000000,1999-12-31T00:00:00.000000000,false
141931,Seminole Boosters Board of Directors,At-Large,1980-01-01T00:00:00.000000000,1984-12-31T00:00:00.000000000,false
106458706,Seminole Boosters Board of Directors,Past Chairman,1969-12-31T00:00:00.000000000,2020-06-30T00:00:00.000000000,false
274425604,Seminole Boosters Board of Directors,At-Large,1978-01-01T00:00:00.000000000,1986-12-31T00:00:00.000000000,false
274425604,Seminole Boosters Board of Directors,At-Large,1989-01-01T00:00:00.000000000,1991-12-31T00:00:00.000000000,false
274425604,Seminole Boosters Board of Directors,At-Large,1993-01-01T00:00:00.000000000,1994-12-31T00:00:00.000000000,false
274425604,Seminole Boosters Board of Directors,Ex-Officio,1992-01-01T00:00:00.000000000,1992-12-31T00:00:00.000000000,false
488280,Seminole Boosters Board of Directors,At-Large,1982-01-01T00:00:00.000000000,1984-12-31T00:00:00.000000000,false
488280,Seminole Boosters Board of Directors,At-Large,1985-01-01T00:00:00.000000000,1986-12-31T00:00:00.000000000,false
2321559,Seminole Boosters Board of Directors,At-Large,2002-01-01T00:00:00.000000000,2004-12-31T00:00:00.000000000,false
274422924,Seminole Boosters Board of Directors,At-Large,1978-01-01T00:00:00.000000000,1983-12-31T00:00:00.000000000,false
467953,Seminole Boosters Board of Directors,At-Large,1990-01-01T00:00:00.000000000,1992-01-01T00:00:00.000000000,false
467953,Seminole Boosters Board of Directors,At-Large,1993-01-01T00:00:00.000000000,1993-12-31T00:00:00.000000000,false
467953,Seminole Boosters Board of Directors,Chair-Elect,1994-01-01T00:00:00.000000000,1994-12-31T00:00:00.000000000,false
467953,Seminole Boosters Board of Directors,Past Chairman,1997-01-01T00:00:00.000000000,2015-11-18T00:00:00.000000000,false
292609432,Seminole Boosters Board of Directors,At-Large,1978-01-01T00:00:00.000000000,1978-12-31T00:00:00.000000000,true
292609432,Seminole Boosters Board of Directors,Chair-Elect,1980-01-01T00:00:00.000000000,1980-12-31T00:00:00.000000000,true
292609432,Seminole Boosters Board of Directors,Past Chairman,1982-01-01T00:00:00.000000000,,true
292609432,Seminole Boosters Board of Directors,Treasurer,1979-01-01T00:00:00.000000000,1979-12-31T00:00:00.000000000,true
106458622,Seminole Boosters Board of Directors,At-Large,1984-01-01T00:00:00.000000000,1986-12-31T00:00:00.000000000,false
106458622,Seminole Boosters Board of Directors,At-Large,1987-01-01T00:00:00.000000000,1989-12-31T00:00:00.000000000,false
23457,Seminole Boosters Board of Directors,At-Large,1981-01-01T00:00:00.000000000,1985-12-31T00:00:00.000000000,true
23457,Seminole Boosters Board of Directors,Chair-Elect,1987-01-01T00:00:00.000000000,1987-12-31T00:00:00.000000000,true
23457,Seminole Boosters Board of Directors,Ex-Officio,1986-01-01T00:00:00.000000000,1986-12-31T00:00:00.000000000,true
23457,Seminole Boosters Board of Directors,Past Chairman,1989-01-01T00:00:00.000000000,,true
465121,Seminole Boosters Board of Directors,At-Large,2017-07-01T00:00:00.000000000,2023-06-30T00:00:00.000000000,false
696149,Seminole Boosters Board of Directors,At-Large,1990-01-01T00:00:00.000000000,1992-12-31T00:00:00.000000000,false
696149,Seminole Boosters Board of Directors,At-Large,1993-01-01T00:00:00.000000000,1995-12-31T00:00:00.000000000,false
520381,Seminole Boosters Board of Directors,At-Large,1988-01-01T00:00:00.000000000,1990-12-31T00:00:00.000000000,false
520381,Seminole Boosters Board of Directors,At-Large,1991-01-01T00:00:00.000000000,1993-12-31T00:00:00.000000000,false
520381,Seminole Boosters Board of Directors,Ex-Officio,2006-01-01T00:00:00.000000000,2007-06-30T00:00:00.000000000,false
477212,Seminole Boosters Board of Directors,At-Large,2010-07-01T00:00:00.000000000,2013-06-30T00:00:00.000000000,false
477212,Seminole Boosters Board of Directors,At-Large,2013-07-01T00:00:00.000000000,2016-06-30T00:00:00.000000000,false
17569,Seminole Boosters Board of Directors,At-Large,1983-01-01T00:00:00.000000000,1985-12-31T00:00:00.000000000,false
106458555,Seminole Boosters Board of Directors,At-Large,1988-01-01T00:00:00.000000000,1990-12-31T00:00:00.000000000,false
106458555,Seminole Boosters Board of Directors,At-Large,1991-01-01T00:00:00.000000000,1993-12-31T00:00:00.000000000,false
556567,Seminole Boosters Board of Directors,Ex-Officio,2000-01-01T00:00:00.000000000,2000-12-31T00:00:00.000000000,false
744221,Seminole Boosters Board of Directors,At-Large,1999-01-01T00:00:00.000000000,2001-12-31T00:00:00.000000000,false
744221,Seminole Boosters Board of Directors,At-Large,2002-01-01T00:00:00.000000000,2003-12-31T00:00:00.000000000,false
186741,Seminole Boosters Board of Directors,At-Large,1994-01-01T00:00:00.000000000,1994-12-31T00:00:00.000000000,false
19036,Seminole Boosters Board of Directors,At-Large,1981-01-01T00:00:00.000000000,1984-12-31T00:00:00.000000000,false
19036,Seminole Boosters Board of Directors,At-Large,1986-01-01T00:00:00.000000000,1988-12-31T00:00:00.000000000,false
19036,Seminole Boosters Board of Directors,At-Large,1989-01-01T00:00:00.000000000,1991-12-31T00:00:00.000000000,false
274544059,Seminole Boosters Board of Directors,At-Large,1988-01-01T00:00:00.000000000,1990-12-31T00:00:00.000000000,false
91352,Seminole Boosters Board of Directors,Ex-Officio,2007-07-01T00:00:00.000000000,2008-06-30T00:00:00.000000000,false
97948,Seminole Boosters Board of Directors,Ex-Officio,1992-01-01T00:00:00.000000000,1993-12-31T00:00:00.000000000,false
240605,Seminole Boosters Board of Directors,At-Large,1991-01-01T00:00:00.000000000,1992-12-31T00:00:00.000000000,true
240605,Seminole Boosters Board of Directors,Chair-Elect,1994-01-01T00:00:00.000000000,1994-12-31T00:00:00.000000000,true
240605,Seminole Boosters Board of Directors,Ex-Officio,1993-01-01T00:00:00.000000000,1993-12-31T00:00:00.000000000,true
240605,Seminole Boosters Board of Directors,Ex-Officio,1996-01-01T00:00:00.000000000,,true
783206,Seminole Boosters Board of Directors,At-Large,1984-01-01T00:00:00.000000000,1986-01-01T00:00:00.000000000,false
783206,Seminole Boosters Board of Directors,At-Large,1987-01-01T00:00:00.000000000,1989-12-31T00:00:00.000000000,false
239084,Seminole Boosters Board of Directors,Ex-Officio,1989-01-01T00:00:00.000000000,1994-12-31T00:00:00.000000000,false
239084,Seminole Boosters Board of Directors,Ex-Officio,1998-01-01T00:00:00.000000000,1998-12-31T00:00:00.000000000,false
751883,Seminole Boosters Board of Directors,At-Large,1978-01-01T00:00:00.000000000,1980-12-31T00:00:00.000000000,false
751883,Seminole Boosters Board of Directors,At-Large,1987-01-01T00:00:00.000000000,1989-12-31T00:00:00.000000000,false
712101,Seminole Boosters Board of Directors,At-Large,1983-01-01T00:00:00.000000000,1985-12-31T00:00:00.000000000,false
512286,Seminole Boosters Board of Directors,Ex-Officio,1981-01-01T00:00:00.000000000,1984-12-31T00:00:00.000000000,false
512286,Seminole Boosters Board of Directors,Past Chairman,1986-01-01T00:00:00.000000000,2019-01-30T00:00:00.000000000,false
106458620,Seminole Boosters Board of Directors,At-Large,1985-01-01T00:00:00.000000000,1987-12-31T00:00:00.000000000,false
106458620,Seminole Boosters Board of Directors,At-Large,1988-01-01T00:00:00.000000000,1990-12-31T00:00:00.000000000,false
93547,Seminole Boosters Board of Directors,At-Large,1997-01-01T00:00:00.000000000,1998-12-31T00:00:00.000000000,false
1797,Seminole Boosters Board of Directors,At-Large,1994-01-01T00:00:00.000000000,1996-12-31T00:00:00.000000000,false
1797,Seminole Boosters Board of Directors,At-Large,1997-01-01T00:00:00.000000000,1999-04-20T00:00:00.000000000,false
106458615,Seminole Boosters Board of Directors,At-Large,1984-01-01T00:00:00.000000000,1986-12-31T00:00:00.000000000,false
768426,Seminole Boosters Board of Directors,Ex-Officio,2014-07-01T00:00:00.000000000,2017-06-30T00:00:00.000000000,false
61515,Seminole Boosters Board of Directors,At-Large,1981-01-01T00:00:00.000000000,1984-12-31T00:00:00.000000000,false
61515,Seminole Boosters Board of Directors,At-Large,2010-07-01T00:00:00.000000000,2013-06-30T00:00:00.000000000,false
61515,Seminole Boosters Board of Directors,At-Large,2013-07-01T00:00:00.000000000,2016-06-30T00:00:00.000000000,false
20120,Seminole Boosters Board of Directors,At-Large,1978-01-01T00:00:00.000000000,1981-12-31T00:00:00.000000000,false
292609435,Seminole Boosters Board of Directors,Ex-Officio,2001-01-01T00:00:00.000000000,2003-12-31T00:00:00.000000000,false
704026,Seminole Boosters Board of Directors,At-Large,1992-01-01T00:00:00.000000000,1994-12-31T00:00:00.000000000,false
704026,Seminole Boosters Board of Directors,At-Large,1995-01-01T00:00:00.000000000,1997-12-31T00:00:00.000000000,false
742703,Seminole Boosters Board of Directors,Ex-Officio,2003-01-01T00:00:00.000000000,2004-12-31T00:00:00.000000000,false
275935052,Seminole Boosters Board of Directors,At-Large,1989-01-01T00:00:00.000000000,1991-12-31T00:00:00.000000000,false
275935052,Seminole Boosters Board of Directors,At-Large,1992-01-01T00:00:00.000000000,1994-12-31T00:00:00.000000000,false
254073,Seminole Boosters Board of Directors,At-Large,1985-01-01T00:00:00.000000000,1987-12-31T00:00:00.000000000,false
254073,Seminole Boosters Board of Directors,At-Large,1988-01-01T00:00:00.000000000,1990-12-31T00:00:00.000000000,false
240595,Seminole Boosters Board of Directors,Ex-Officio,1974-01-01T00:00:00.000000000,,true
584715,Seminole Boosters Board of Directors,At-Large,1984-01-01T00:00:00.000000000,1986-12-31T00:00:00.000000000,false
584715,Seminole Boosters Board of Directors,At-Large,2007-07-01T00:00:00.000000000,2010-06-30T00:00:00.000000000,false
584715,Seminole Boosters Board of Directors,Chair-Elect,2012-07-01T00:00:00.000000000,2013-06-30T00:00:00.000000000,false
584715,Seminole Boosters Board of Directors,Past Chairman,2013-07-01T00:00:00.000000000,2015-12-12T00:00:00.000000000,false
90885,Seminole Boosters Board of Directors,At-Large,1986-01-01T00:00:00.000000000,1987-12-31T00:00:00.000000000,false
435238,Seminole Boosters Board of Directors,At-Large,1994-01-01T00:00:00.000000000,1996-12-31T00:00:00.000000000,true
435238,Seminole Boosters Board of Directors,At-Large,1997-01-01T00:00:00.000000000,1999-12-31T00:00:00.000000000,true
435238,Seminole Boosters Board of Directors,Ex-Officio,1999-01-01T00:00:00.000000000,1999-12-31T00:00:00.000000000,true
435238,Seminole Boosters Board of Directors,Ex-Officio,2002-01-01T00:00:00.000000000,,true
764170,Seminole Boosters Board of Directors,At-Large,1999-01-01T00:00:00.000000000,2001-12-31T00:00:00.000000000,false
764170,Seminole Boosters Board of Directors,At-Large,2002-01-01T00:00:00.000000000,2004-12-31T00:00:00.000000000,false
764170,Seminole Boosters Board of Directors,Ex-Officio,2013-07-01T00:00:00.000000000,2014-06-30T00:00:00.000000000,false
274518789,Seminole Boosters Board of Directors,At-Large,2016-07-01T00:00:00.000000000,2022-06-30T00:00:00.000000000,false
276002334,Seminole Boosters Board of Directors,At-Large,2003-01-01T00:00:00.000000000,2005-12-31T00:00:00.000000000,false
107859,Seminole Boosters Board of Directors,Ex-Officio,2010-07-01T00:00:00.000000000,2011-06-30T00:00:00.000000000,false
274543652,Seminole Boosters Board of Directors,At-Large,1994-01-01T00:00:00.000000000,1996-12-31T00:00:00.000000000,false
274543652,Seminole Boosters Board of Directors,At-Large,1997-01-01T00:00:00.000000000,1999-07-09T00:00:00.000000000,false
688974,Seminole Boosters Board of Directors,At-Large,1989-01-01T00:00:00.000000000,1990-12-31T00:00:00.000000000,false
688974,Seminole Boosters Board of Directors,At-Large,2006-01-01T00:00:00.000000000,2007-06-30T00:00:00.000000000,false
732967,Seminole Boosters Board of Directors,At-Large,1995-01-01T00:00:00.000000000,1997-12-31T00:00:00.000000000,false
732967,Seminole Boosters Board of Directors,At-Large,1998-01-01T00:00:00.000000000,2000-12-31T00:00:00.000000000,false
578840,Seminole Boosters Board of Directors,At-Large,1981-01-01T00:00:00.000000000,1981-12-31T00:00:00.000000000,false
578840,Seminole Boosters Board of Directors,At-Large,1984-01-01T00:00:00.000000000,1984-12-31T00:00:00.000000000,false
578840,Seminole Boosters Board of Directors,At-Large,1986-01-01T00:00:00.000000000,1992-12-31T00:00:00.000000000,false
578840,Seminole Boosters Board of Directors,At-Large,1994-01-01T00:00:00.000000000,1996-12-31T00:00:00.000000000,false
578840,Seminole Boosters Board of Directors,At-Large,1997-01-01T00:00:00.000000000,1998-12-31T00:00:00.000000000,false
578840,Seminole Boosters Board of Directors,Ex-Officio,1982-01-01T00:00:00.000000000,1983-12-31T00:00:00.000000000,false
578840,Seminole Boosters Board of Directors,Ex-Officio,1985-01-01T00:00:00.000000000,1985-12-31T00:00:00.000000000,false
164028,Seminole Boosters Board of Directors,At-Large,2013-07-01T00:00:00.000000000,2016-06-30T00:00:00.000000000,false
164028,Seminole Boosters Board of Directors,At-Large,2016-07-01T00:00:00.000000000,2018-06-30T00:00:00.000000000,false
164028,Seminole Boosters Board of Directors,Secretary,2018-07-01T00:00:00.000000000,2019-06-30T00:00:00.000000000,false
132778,Seminole Boosters Board of Directors,At-Large,2004-01-01T00:00:00.000000000,2007-06-30T00:00:00.000000000,false
132778,Seminole Boosters Board of Directors,At-Large,2007-07-01T00:00:00.000000000,2008-06-30T00:00:00.000000000,false
728607,Seminole Boosters Board of Directors,At-Large,2014-07-01T00:00:00.000000000,2016-06-30T00:00:00.000000000,true
728607,Seminole Boosters Board of Directors,Chair,2019-07-01T00:00:00.000000000,2021-06-30T00:00:00.000000000,true
728607,Seminole Boosters Board of Directors,Emeritus,2024-07-01T00:00:00.000000000,,true
728607,Seminole Boosters Board of Directors,Immediate Past Chair,2021-07-01T00:00:00.000000000,2021-11-04T00:00:00.000000000,true
728607,Seminole Boosters Board of Directors,Past Chair,2021-11-04T00:00:00.000000000,2023-06-30T00:00:00.000000000,true
728607,Seminole Boosters Board of Directors,Treasurer,2016-07-01T00:00:00.000000000,2018-06-30T00:00:00.000000000,true
728607,Seminole Boosters Board of Directors,Vice Chair,2018-07-01T00:00:00.000000000,2019-06-30T00:00:00.000000000,true
109264,Seminole Boosters Board of Directors,At-Large,2017-07-01T00:00:00.000000000,2023-06-30T00:00:00.000000000,false
723785,Seminole Boosters Board of Directors,At-Large,2020-07-01T00:00:00.000000000,,true
474597,Seminole Boosters Board of Directors,At-Large,2003-01-01T00:00:00.000000000,2005-12-31T00:00:00.000000000,false
474597,Seminole Boosters Board of Directors,At-Large,2006-01-01T00:00:00.000000000,2008-06-30T00:00:00.000000000,false
474597,Seminole Boosters Board of Directors,Ex-Officio,2001-01-01T00:00:00.000000000,2001-12-31T00:00:00.000000000,false
274540352,Seminole Boosters Board of Directors,Ex-Officio,2008-07-01T00:00:00.000000000,2009-06-30T00:00:00.000000000,false
772972,Seminole Boosters Board of Directors,At-Large,2018-07-01T00:00:00.000000000,2022-06-23T00:00:00.000000000,false
116351,Seminole Boosters Board of Directors,Ex-Officio,1997-01-01T00:00:00.000000000,1997-12-31T00:00:00.000000000,false
137972,Seminole Boosters Board of Directors,At-Large,1988-01-01T00:00:00.000000000,1990-12-31T00:00:00.000000000,false
137972,Seminole Boosters Board of Directors,At-Large,1991-01-01T00:00:00.000000000,1993-12-31T00:00:00.000000000,false
132592,Seminole Boosters Board of Directors,At-Large,1978-01-01T00:00:00.000000000,1979-12-31T00:00:00.000000000,false
132592,Seminole Boosters Board of Directors,At-Large,1982-01-01T00:00:00.000000000,1982-12-31T00:00:00.000000000,false
132592,Seminole Boosters Board of Directors,Ex-Officio,1980-01-01T00:00:00.000000000,1981-12-31T00:00:00.000000000,false
45309,Seminole Boosters Board of Directors,At-Large,2004-01-01T00:00:00.000000000,2007-06-30T00:00:00.000000000,false
45309,Seminole Boosters Board of Directors,At-Large,2007-07-01T00:00:00.000000000,2010-06-30T00:00:00.000000000,false
39374,Seminole Boosters Board of Directors,At-Large,2007-01-01T00:00:00.000000000,2008-06-30T00:00:00.000000000,true
39374,Seminole Boosters Board of Directors,Past Chairman,2012-07-01T00:00:00.000000000,,true
60194,Seminole Boosters Board of Directors,At-Large,1993-01-01T00:00:00.000000000,1995-12-31T00:00:00.000000000,true
60194,Seminole Boosters Board of Directors,At-Large,1996-01-01T00:00:00.000000000,1998-12-31T00:00:00.000000000,true
60194,Seminole Boosters Board of Directors,Chair-Elect,1999-01-01T00:00:00.000000000,1999-12-31T00:00:00.000000000,true
60194,Seminole Boosters Board of Directors,Ex-Officio,2001-01-01T00:00:00.000000000,,true
282427714,Seminole Boosters Board of Directors,At-Large,2018-07-01T00:00:00.000000000,2024-06-30T00:00:00.000000000,false
292609448,Seminole Boosters Board of Directors,Ex-Officio,2008-07-01T00:00:00.000000000,2010-06-30T00:00:00.000000000,false
26667,Seminole Boosters Board of Directors,At-Large,2020-02-12T00:00:00.000000000,2023-06-30T00:00:00.000000000,false
26667,Seminole Boosters Board of Directors,Secretary,2021-07-01T00:00:00.000000000,2023-06-30T00:00:00.000000000,false
85931,Seminole Boosters Board of Directors,"Ex-Officio - Chair, Alumni Association",2017-07-01T00:00:00.000000000,2018-06-30T00:00:00.000000000,false
94873,Seminole Boosters Board of Directors,At-Large,1990-01-01T00:00:00.000000000,1991-12-31T00:00:00.000000000,false
94873,Seminole Boosters Board of Directors,At-Large,2012-07-01T00:00:00.000000000,2018-06-30T00:00:00.000000000,false
762635,Seminole Boosters Board of Directors,At-Large,2006-01-01T00:00:00.000000000,2012-06-30T00:00:00.000000000,false
762635,Seminole Boosters Board of Directors,At-Large,2017-07-01T00:00:00.000000000,2023-06-30T00:00:00.000000000,false
167647,Seminole Boosters Board of Directors,At-Large,2010-07-01T00:00:00.000000000,2012-06-30T00:00:00.000000000,false
167647,Seminole Boosters Board of Directors,At-Large,2012-07-01T00:00:00.000000000,2015-06-30T00:00:00.000000000,false
727917,Seminole Boosters Board of Directors,At-Large,2008-07-01T00:00:00.000000000,2011-06-30T00:00:00.000000000,false
727917,Seminole Boosters Board of Directors,At-Large,2011-07-01T00:00:00.000000000,2014-06-30T00:00:00.000000000,false
675240,Seminole Boosters Board of Directors,At-Large,2019-07-01T00:00:00.000000000,2025-06-30T00:00:00.000000000,false
512289,Seminole Boosters Board of Directors,At-Large,2018-07-01T00:00:00.000000000,2025-06-30T00:00:00.000000000,false
440814,Seminole Boosters Board of Directors,At-Large,2012-07-01T00:00:00.000000000,2018-06-30T00:00:00.000000000,false
154792,Seminole Boosters Board of Directors,At-Large,1990-01-01T00:00:00.000000000,1992-12-31T00:00:00.000000000,false
154792,Seminole Boosters Board of Directors,At-Large,1993-01-01T00:00:00.000000000,1995-12-31T00:00:00.000000000,false
765536,Seminole Boosters Board of Directors,At-Large,2018-07-01T00:00:00.000000000,2021-06-30T00:00:00.000000000,false
677185,Seminole Boosters Board of Directors,At-Large,2004-01-01T00:00:00.000000000,2004-12-31T00:00:00.000000000,false
677185,Seminole Boosters Board of Directors,At-Large,2006-01-01T00:00:00.000000000,2011-06-30T00:00:00.000000000,false
677185,Seminole Boosters Board of Directors,Ex-Officio,2005-01-01T00:00:00.000000000,2005-12-31T00:00:00.000000000,false
733523,Seminole Boosters Board of Directors,University President/Designee,2020-07-22T00:00:00.000000000,2021-08-15T00:00:00.000000000,false
122746,Seminole Boosters Board of Directors,At-Large,1994-01-01T00:00:00.000000000,1996-12-31T00:00:00.000000000,false
122746,Seminole Boosters Board of Directors,Ex-Officio,1997-01-01T00:00:00.000000000,1998-12-31T00:00:00.000000000,false
715263,Seminole Boosters Board of Directors,Ex-Officio,2010-06-30T00:00:00.000000000,2012-06-30T00:00:00.000000000,false
486738,Seminole Boosters Board of Directors,At-Large,1992-01-01T00:00:00.000000000,1994-12-31T00:00:00.000000000,false
234862,Seminole Boosters Board of Directors,At-Large,1978-01-01T00:00:00.000000000,1985-12-31T00:00:00.000000000,false
234862,Seminole Boosters Board of Directors,At-Large,1989-01-01T00:00:00.000000000,1991-12-31T00:00:00.000000000,false
729615,Seminole Boosters Board of Directors,At-Large,2004-01-01T00:00:00.000000000,2007-06-30T00:00:00.000000000,false
729615,Seminole Boosters Board of Directors,At-Large,2007-07-01T00:00:00.000000000,2010-06-30T00:00:00.000000000,false
148249,Seminole Boosters Board of Directors,At-Large,2013-07-01T00:00:00.000000000,2015-06-30T00:00:00.000000000,false
684355,Seminole Boosters Board of Directors,At-Large,1983-01-01T00:00:00.000000000,1985-12-31T00:00:00.000000000,false
684355,Seminole Boosters Board of Directors,At-Large,1986-01-01T00:00:00.000000000,1988-12-31T00:00:00.000000000,false
276280550,Seminole Boosters Board of Directors,Ex-Officio,2016-07-01T00:00:00.000000000,2017-06-30T00:00:00.000000000,false
181462,Seminole Boosters Board of Directors,At-Large,1988-01-01T00:00:00.000000000,1990-12-31T00:00:00.000000000,true
181462,Seminole Boosters Board of Directors,At-Large,1991-01-01T00:00:00.000000000,1992-12-31T00:00:00.000000000,true
181462,Seminole Boosters Board of Directors,Chair-Elect,1993-01-01T00:00:00.000000000,1993-12-31T00:00:00.000000000,true
181462,Seminole Boosters Board of Directors,Ex-Officio,1995-01-01T00:00:00.000000000,,true
202323,Seminole Boosters Board of Directors,Ex-Officio,2021-07-01T00:00:00.000000000,2023-06-30T00:00:00.000000000,false
41209,Seminole Boosters Board of Directors,At-Large,1984-01-01T00:00:00.000000000,1986-12-31T00:00:00.000000000,false
41209,Seminole Boosters Board of Directors,At-Large,1987-01-01T00:00:00.000000000,1989-12-31T00:00:00.000000000,false
41209,Seminole Boosters Board of Directors,At-Large,1992-01-01T00:00:00.000000000,1994-12-31T00:00:00.000000000,false
41209,Seminole Boosters Board of Directors,At-Large,1995-01-01T00:00:00.000000000,1997-12-31T00:00:00.000000000,false
41209,Seminole Boosters Board of Directors,At-Large,2004-01-01T00:00:00.000000000,2008-06-30T00:00:00.000000000,false
41209,Seminole Boosters Board of Directors,At-Large,2008-07-01T00:00:00.000000000,2010-06-30T00:00:00.000000000,false
715652,Seminole Boosters Board of Directors,At-Large,2001-01-01T00:00:00.000000000,2003-12-31T00:00:00.000000000,false
715652,Seminole Boosters Board of Directors,"Ex-Officio - Chair/Designee, University BOT",2015-07-01T00:00:00.000000000,2021-09-09T00:00:00.000000000,false
704249,Seminole Boosters Board of Directors,At-Large,1996-01-01T00:00:00.000000000,1998-12-31T00:00:00.000000000,false
704249,Seminole Boosters Board of Directors,At-Large,1999-01-01T00:00:00.000000000,2000-12-31T00:00:00.000000000,false
178729,Seminole Boosters Board of Directors,At-Large,2013-07-01T00:00:00.000000000,2016-06-30T00:00:00.000000000,true
178729,Seminole Boosters Board of Directors,Chair,2018-07-01T00:00:00.000000000,2019-06-30T00:00:00.000000000,true
178729,Seminole Boosters Board of Directors,Emeritus,2024-07-01T00:00:00.000000000,,true
178729,Seminole Boosters Board of Directors,Immediate Past Chair,2019-07-01T00:00:00.000000000,2021-06-30T00:00:00.000000000,true
178729,Seminole Boosters Board of Directors,Past Chair,2021-07-01T00:00:00.000000000,,true
178729,Seminole Boosters Board of Directors,Secretary/Treasurer,2016-07-01T00:00:00.000000000,2017-06-30T00:00:00.000000000,true
178729,Seminole Boosters Board of Directors,Vice Chair,2017-07-01T00:00:00.000000000,2018-06-30T00:00:00.000000000,true
244527,Seminole Boosters Board of Directors,At-Large,1992-01-01T00:00:00.000000000,1994-12-31T00:00:00.000000000,false
244527,Seminole Boosters Board of Directors,At-Large,1995-01-01T00:00:00.000000000,1997-12-31T00:00:00.000000000,false
244527,Seminole Boosters Board of Directors,At-Large,2000-01-01T00:00:00.000000000,2002-12-31T00:00:00.000000000,false
244527,Seminole Boosters Board of Directors,At-Large,2003-01-01T00:00:00.000000000,2005-12-31T00:00:00.000000000,false
556804,Seminole Boosters Board of Directors,At-Large,1988-01-01T00:00:00.000000000,1990-12-31T00:00:00.000000000,false
749492,Seminole Boosters Board of Directors,At-Large,1979-01-01T00:00:00.000000000,1980-12-31T00:00:00.000000000,true
749492,Seminole Boosters Board of Directors,At-Large,1982-01-01T00:00:00.000000000,1984-12-31T00:00:00.000000000,true
749492,Seminole Boosters Board of Directors,At-Large,1985-01-01T00:00:00.000000000,1986-12-31T00:00:00.000000000,true
749492,Seminole Boosters Board of Directors,At-Large,1989-01-01T00:00:00.000000000,1989-12-31T00:00:00.000000000,true
749492,Seminole Boosters Board of Directors,Ex-Officio,1978-01-01T00:00:00.000000000,1978-12-31T00:00:00.000000000,true
749492,Seminole Boosters Board of Directors,Ex-Officio,1990-01-01T00:00:00.000000000,1990-12-31T00:00:00.000000000,true
749492,Seminole Boosters Board of Directors,Ex-Officio,1994-01-01T00:00:00.000000000,,true
578857,Seminole Boosters Board of Directors,At-Large,1985-01-01T00:00:00.000000000,1987-12-31T00:00:00.000000000,false
578857,Seminole Boosters Board of Directors,Ex-Officio,1988-01-01T00:00:00.000000000,1990-12-31T00:00:00.000000000,false
578857,Seminole Boosters Board of Directors,Ex-Officio,1993-01-01T00:00:00.000000000,,false
781372,Seminole Boosters Board of Directors,Ex-Officio,1995-01-01T00:00:00.000000000,1997-12-31T00:00:00.000000000,false
776668,Seminole Boosters Board of Directors,At-Large,1991-01-01T00:00:00.000000000,1993-12-31T00:00:00.000000000,false
650312,Seminole Boosters Board of Directors,At-Large,1991-01-01T00:00:00.000000000,1993-12-31T00:00:00.000000000,true
650312,Seminole Boosters Board of Directors,Ex-Officio,1994-01-01T00:00:00.000000000,1994-12-31T00:00:00.000000000,true
650312,Seminole Boosters Board of Directors,Ex-Officio,1995-01-01T00:00:00.000000000,1995-12-31T00:00:00.000000000,true
650312,Seminole Boosters Board of Directors,Past Chairman,1998-01-01T00:00:00.000000000,,true
753442,Seminole Boosters Board of Directors,At-Large,1995-01-01T00:00:00.000000000,1996-12-31T00:00:00.000000000,false
753442,Seminole Boosters Board of Directors,Ex-Officio,1998-01-01T00:00:00.000000000,2008-06-30T00:00:00.000000000,false
702067,Seminole Boosters Board of Directors,At-Large,2021-07-01T00:00:00.000000000,2024-09-01T00:00:00.000000000,false
717340,Seminole Boosters Board of Directors,At-Large,2008-07-01T00:00:00.000000000,2014-06-30T00:00:00.000000000,false
667055,Seminole Boosters Board of Directors,Ex-Officio,2012-07-01T00:00:00.000000000,2014-06-30T00:00:00.000000000,false
572506,Seminole Boosters Board of Directors,At-Large,1997-01-01T00:00:00.000000000,1999-12-31T00:00:00.000000000,false
572506,Seminole Boosters Board of Directors,At-Large,2000-01-01T00:00:00.000000000,2002-12-31T00:00:00.000000000,false
777590,Seminole Boosters Board of Directors,At-Large,2004-01-01T00:00:00.000000000,2008-06-30T00:00:00.000000000,false
282671263,Seminole Boosters Board of Directors,Ex-Officio,1999-01-01T00:00:00.000000000,2000-12-31T00:00:00.000000000,false
106458206,Seminole Boosters Board of Directors,At-Large,1986-01-01T00:00:00.000000000,1988-12-31T00:00:00.000000000,false
106458206,Seminole Boosters Board of Directors,At-Large,1989-01-01T00:00:00.000000000,1989-12-31T00:00:00.000000000,false
276022413,Seminole Boosters Board of Directors,At-Large,2022-07-01T00:00:00.000000000,,true
129083,Seminole Boosters Board of Directors,At-Large,1988-01-01T00:00:00.000000000,1990-12-30T00:00:00.000000000,false
129083,Seminole Boosters Board of Directors,At-Large,1991-01-01T00:00:00.000000000,1991-12-31T00:00:00.000000000,false
716170,Seminole Boosters Board of Directors,Ex-Officio,2004-01-01T00:00:00.000000000,2005-12-31T00:00:00.000000000,false
123264,Seminole Boosters Board of Directors,At-Large,2016-07-01T00:00:00.000000000,2022-06-30T00:00:00.000000000,false
153200,Seminole Boosters Board of Directors,Ex-Officio,1992-01-01T00:00:00.000000000,2014-06-30T00:00:00.000000000,false
776553,Seminole Boosters Board of Directors,At-Large,1978-01-01T00:00:00.000000000,1980-12-31T00:00:00.000000000,true
776553,Seminole Boosters Board of Directors,At-Large,1982-01-01T00:00:00.000000000,1982-12-31T00:00:00.000000000,true
776553,Seminole Boosters Board of Directors,Chair-Elect,1983-01-01T00:00:00.000000000,1983-12-31T00:00:00.000000000,true
776553,Seminole Boosters Board of Directors,Ex-Officio,1981-01-01T00:00:00.000000000,1981-12-31T00:00:00.000000000,true
776553,Seminole Boosters Board of Directors,Past Chairman,1985-01-01T00:00:00.000000000,,true
104723,Seminole Boosters Board of Directors,At-Large,1989-01-01T00:00:00.000000000,1990-12-31T00:00:00.000000000,false
104723,Seminole Boosters Board of Directors,At-Large,1992-01-01T00:00:00.000000000,1994-12-31T00:00:00.000000000,false
737963,Seminole Boosters Board of Directors,At-Large,2002-01-01T00:00:00.000000000,2004-12-31T00:00:00.000000000,false
783225,Seminole Boosters Board of Directors,At-Large,2002-01-01T00:00:00.000000000,2004-12-31T00:00:00.000000000,false
783225,Seminole Boosters Board of Directors,At-Large,2005-01-01T00:00:00.000000000,2005-12-31T00:00:00.000000000,false
748993,Seminole Boosters Board of Directors,Ex-Officio,2011-01-01T00:00:00.000000000,2021-06-30T00:00:00.000000000,false
570642,Seminole Boosters Board of Directors,At-Large,1999-01-01T00:00:00.000000000,2001-12-31T00:00:00.000000000,false
570642,Seminole Boosters Board of Directors,At-Large,2002-01-01T00:00:00.000000000,2004-12-31T00:00:00.000000000,false
512126,Seminole Boosters Board of Directors,At-Large,1987-01-01T00:00:00.000000000,1988-12-31T00:00:00.000000000,false
512126,Seminole Boosters Board of Directors,Chair-Elect,1990-01-01T00:00:00.000000000,1990-12-31T00:00:00.000000000,false
512126,Seminole Boosters Board of Directors,Ex-Officio,1989-01-01T00:00:00.000000000,1989-12-31T00:00:00.000000000,false
512126,Seminole Boosters Board of Directors,Past Chairman,1992-01-01T00:00:00.000000000,2019-07-25T00:00:00.000000000,false
731362,Seminole Boosters Board of Directors,At-Large,2004-01-01T00:00:00.000000000,2007-06-30T00:00:00.000000000,false
731362,Seminole Boosters Board of Directors,At-Large,2007-07-01T00:00:00.000000000,2010-06-30T00:00:00.000000000,false
731362,Seminole Boosters Board of Directors,At-Large,2015-07-01T00:00:00.000000000,2018-06-30T00:00:00.000000000,false
731362,Seminole Boosters Board of Directors,At-Large,2018-07-01T00:00:00.000000000,2021-06-30T00:00:00.000000000,false
65507,Seminole Boosters Board of Directors,At-Large,2006-01-01T00:00:00.000000000,2012-06-30T00:00:00.000000000,false
65507,Seminole Boosters Board of Directors,Ex-Officio,2003-01-01T00:00:00.000000000,2004-12-31T00:00:00.000000000,false
766710,Seminole Boosters Board of Directors,At-Large,1990-01-01T00:00:00.000000000,1992-12-31T00:00:00.000000000,false
766710,Seminole Boosters Board of Directors,At-Large,1993-01-01T00:00:00.000000000,1995-12-31T00:00:00.000000000,false
28727,Seminole Boosters Board of Directors,At-Large,1985-01-01T00:00:00.000000000,1987-12-31T00:00:00.000000000,false
28727,Seminole Boosters Board of Directors,At-Large,1988-01-01T00:00:00.000000000,1990-12-31T00:00:00.000000000,false
692808,Seminole Boosters Board of Directors,Ex-Officio,2012-07-01T00:00:00.000000000,2013-06-30T00:00:00.000000000,false
712435,Seminole Boosters Board of Directors,Ex-Officio,1979-01-01T00:00:00.000000000,2017-08-03T00:00:00.000000000,false
711730,Seminole Boosters Board of Directors,"Ex-Officio - Chair/Designee, University BOT",2021-09-09T00:00:00.000000000,,true
568321,Seminole Boosters Board of Directors,At-Large,1985-01-01T00:00:00.000000000,1987-12-31T00:00:00.000000000,false
568321,Seminole Boosters Board of Directors,At-Large,1988-01-01T00:00:00.000000000,1988-12-31T00:00:00.000000000,false
568321,Seminole Boosters Board of Directors,Chair-Elect,1989-01-01T00:00:00.000000000,1989-12-31T00:00:00.000000000,false
155199,Seminole Boosters Board of Directors,At-Large,1998-01-01T00:00:00.000000000,1998-12-31T00:00:00.000000000,false
716623,Seminole Boosters Board of Directors,"Ex-Officio - Chair, Alumni Association",2019-07-01T00:00:00.000000000,2020-06-30T00:00:00.000000000,false
689544,Seminole Boosters Board of Directors,At-Large,1998-01-01T00:00:00.000000000,2000-12-31T00:00:00.000000000,false
689544,Seminole Boosters Board of Directors,At-Large,2001-01-01T00:00:00.000000000,2003-12-31T00:00:00.000000000,false
718535,Seminole Boosters Board of Directors,At-Large,2018-07-01T00:00:00.000000000,,true
718535,Seminole Boosters Board of Directors,Chair,2022-07-02T00:00:00.000000000,2024-06-30T00:00:00.000000000,true
718535,Seminole Boosters Board of Directors,Secretary,2019-07-01T00:00:00.000000000,2020-06-30T00:00:00.000000000,true
718535,Seminole Boosters Board of Directors,Treasurer,2020-07-01T00:00:00.000000000,2021-06-30T00:00:00.000000000,true
718535,Seminole Boosters Board of Directors,Vice Chair,2021-07-01T00:00:00.000000000,,true
478965,Seminole Boosters Board of Directors,Ex-Officio,1985-01-01T00:00:00.000000000,2003-12-31T00:00:00.000000000,false
73141,Seminole Boosters Board of Directors,Ex-Officio,1989-01-01T00:00:00.000000000,1994-12-31T00:00:00.000000000,false
726695,Seminole Boosters Board of Directors,At-Large,2025-07-01T00:00:00.000000000,,true
572892,Seminole Boosters Board of Directors,At-Large,1999-01-01T00:00:00.000000000,2001-12-31T00:00:00.000000000,false
572892,Seminole Boosters Board of Directors,At-Large,2002-01-01T00:00:00.000000000,2004-12-31T00:00:00.000000000,false
464982,Seminole Boosters Board of Directors,At-Large,2002-01-01T00:00:00.000000000,2004-12-31T00:00:00.000000000,false
464982,Seminole Boosters Board of Directors,At-Large,2005-01-01T00:00:00.000000000,2008-06-30T00:00:00.000000000,false
108466,Seminole Boosters Board of Directors,Ex-Officio,1981-01-01T00:00:00.000000000,1988-12-31T00:00:00.000000000,false
122861,Seminole Boosters Board of Directors,At-Large,2001-01-01T00:00:00.000000000,2003-12-31T00:00:00.000000000,true
122861,Seminole Boosters Board of Directors,At-Large,2004-01-01T00:00:00.000000000,2004-12-31T00:00:00.000000000,true
122861,Seminole Boosters Board of Directors,At-Large,2008-07-01T00:00:00.000000000,,true
122861,Seminole Boosters Board of Directors,Chair-Elect,2006-01-01T00:00:00.000000000,2007-06-30T00:00:00.000000000,true
122861,Seminole Boosters Board of Directors,Ex-Officio,2005-01-01T00:00:00.000000000,2005-12-31T00:00:00.000000000,true
172065924,Seminole Boosters Board of Directors,At-Large,1999-01-01T00:00:00.000000000,1999-12-31T00:00:00.000000000,false
733430,Seminole Boosters Board of Directors,At-Large,2020-07-01T00:00:00.000000000,,true
147692733,Seminole Boosters Board of Directors,At-Large,2007-07-01T00:00:00.000000000,2010-06-30T00:00:00.000000000,false
147692733,Seminole Boosters Board of Directors,At-Large,2010-07-01T00:00:00.000000000,2013-06-30T00:00:00.000000000,false
147692733,Seminole Boosters Board of Directors,At-Large,2023-07-01T00:00:00.000000000,2025-06-30T00:00:00.000000000,false
469502,Seminole Boosters Board of Directors,At-Large,1996-01-01T00:00:00.000000000,1998-12-31T00:00:00.000000000,false
469502,Seminole Boosters Board of Directors,At-Large,1999-01-01T00:00:00.000000000,2000-12-31T00:00:00.000000000,false
469502,Seminole Boosters Board of Directors,At-Large,2010-06-30T00:00:00.000000000,2013-06-30T00:00:00.000000000,false
469502,Seminole Boosters Board of Directors,At-Large,2013-07-01T00:00:00.000000000,2016-06-30T00:00:00.000000000,false
703155,Seminole Boosters Board of Directors,At-Large,1995-01-01T00:00:00.000000000,1997-12-31T00:00:00.000000000,false
703155,Seminole Boosters Board of Directors,At-Large,1998-01-01T00:00:00.000000000,2000-12-31T00:00:00.000000000,false
693392,Seminole Boosters Board of Directors,At-Large,1999-01-01T00:00:00.000000000,2001-12-31T00:00:00.000000000,false
693392,Seminole Boosters Board of Directors,At-Large,2002-01-01T00:00:00.000000000,2003-12-31T00:00:00.000000000,false
248287,Seminole Boosters Board of Directors,At-Large,2009-07-01T00:00:00.000000000,2012-06-30T00:00:00.000000000,true
248287,Seminole Boosters Board of Directors,At-Large,2012-07-01T00:00:00.000000000,2015-06-30T00:00:00.000000000,true
248287,Seminole Boosters Board of Directors,At-Large,2018-07-01T00:00:00.000000000,2024-06-30T00:00:00.000000000,true
248287,Seminole Boosters Board of Directors,At-Large,2025-07-01T00:00:00.000000000,,true
98212,Seminole Boosters Board of Directors,At-Large,1995-01-01T00:00:00.000000000,1997-12-31T00:00:00.000000000,false
98212,Seminole Boosters Board of Directors,At-Large,1998-01-01T00:00:00.000000000,2000-12-31T00:00:00.000000000,false
762834,Seminole Boosters Board of Directors,At-Large,2004-01-01T00:00:00.000000000,2005-12-31T00:00:00.000000000,false
762834,Seminole Boosters Board of Directors,At-Large,2012-07-01T00:00:00.000000000,2018-06-30T00:00:00.000000000,false
762834,Seminole Boosters Board of Directors,Ex-Officio,2006-01-01T00:00:00.000000000,2010-06-30T00:00:00.000000000,false
36890,Seminole Boosters Board of Directors,At-Large,2015-07-01T00:00:00.000000000,2018-06-30T00:00:00.000000000,false
36890,Seminole Boosters Board of Directors,At-Large,2018-07-01T00:00:00.000000000,2020-06-30T00:00:00.000000000,false
275950375,Seminole Boosters Board of Directors,At-Large,2011-07-01T00:00:00.000000000,2014-06-30T00:00:00.000000000,false
274543714,Seminole Boosters Board of Directors,At-Large,2022-07-01T00:00:00.000000000,,true
274424854,Seminole Boosters Board of Directors,At-Large,2025-07-01T00:00:00.000000000,,true
120983,Seminole Boosters Board of Directors,At-Large,2001-01-01T00:00:00.000000000,2003-12-31T00:00:00.000000000,false
120983,Seminole Boosters Board of Directors,At-Large,2004-01-01T00:00:00.000000000,2007-06-30T00:00:00.000000000,false
216678,Seminole Boosters Board of Directors,At-Large,1984-01-01T00:00:00.000000000,1985-12-31T00:00:00.000000000,true
216678,Seminole Boosters Board of Directors,Past Chairman,1990-01-01T00:00:00.000000000,,true
758566,Seminole Boosters Board of Directors,At-Large,1996-01-01T00:00:00.000000000,1998-12-31T00:00:00.000000000,false
116512,Seminole Boosters Board of Directors,At-Large,1990-01-01T00:00:00.000000000,1992-12-31T00:00:00.000000000,false
116512,Seminole Boosters Board of Directors,At-Large,1993-01-01T00:00:00.000000000,1995-12-31T00:00:00.000000000,false
64899,Seminole Boosters Board of Directors,At-Large,1983-01-01T00:00:00.000000000,1985-12-31T00:00:00.000000000,false
146683,Seminole Boosters Board of Directors,At-Large,1999-01-01T00:00:00.000000000,1999-12-31T00:00:00.000000000,false
696094,Seminole Boosters Board of Directors,At-Large,1996-01-01T00:00:00.000000000,1997-12-31T00:00:00.000000000,false
235236,Seminole Boosters Board of Directors,At-Large,2003-01-01T00:00:00.000000000,2005-12-31T00:00:00.000000000,false
235236,Seminole Boosters Board of Directors,At-Large,2006-01-01T00:00:00.000000000,2008-06-30T00:00:00.000000000,false
24365,Seminole Boosters Board of Directors,At-Large,2019-07-01T00:00:00.000000000,2025-06-30T00:00:00.000000000,false
740812,Seminole Boosters Board of Directors,Ex-Officio,2002-01-01T00:00:00.000000000,2013-06-06T00:00:00.000000000,false
276049792,Seminole Boosters Board of Directors,At-Large,2011-07-01T00:00:00.000000000,2017-06-30T00:00:00.000000000,false
633824,Seminole Boosters Board of Directors,At-Large,1985-01-01T00:00:00.000000000,1987-12-31T00:00:00.000000000,false
633824,Seminole Boosters Board of Directors,At-Large,1988-01-01T00:00:00.000000000,1990-12-31T00:00:00.000000000,false
58757,Seminole Boosters Board of Directors,At-Large,2008-07-01T00:00:00.000000000,2011-06-30T00:00:00.000000000,false
582843,Seminole Boosters Board of Directors,At-Large,2010-06-30T00:00:00.000000000,2013-05-29T00:00:00.000000000,false
482780,Seminole Boosters Board of Directors,At-Large,2015-07-01T00:00:00.000000000,2018-06-30T00:00:00.000000000,true
482780,Seminole Boosters Board of Directors,At-Large,2018-07-01T00:00:00.000000000,2021-11-04T00:00:00.000000000,true
482780,Seminole Boosters Board of Directors,At-Large,2024-07-01T00:00:00.000000000,,true
482780,Seminole Boosters Board of Directors,Treasurer,2019-07-01T00:00:00.000000000,2020-06-30T00:00:00.000000000,true
274544075,Seminole Boosters Board of Directors,At-Large,1995-01-01T00:00:00.000000000,1997-12-31T00:00:00.000000000,false
274544075,Seminole Boosters Board of Directors,At-Large,1998-01-01T00:00:00.000000000,2000-12-31T00:00:00.000000000,false
748457,Seminole Boosters Board of Directors,At-Large,1987-01-01T00:00:00.000000000,1989-12-31T00:00:00.000000000,false
748457,Seminole Boosters Board of Directors,At-Large,1990-01-01T00:00:00.000000000,1992-12-31T00:00:00.000000000,false
562183,Seminole Boosters Board of Directors,Ex-Officio,2023-07-01T00:00:00.000000000,2025-03-03T00:00:00.000000000,false
233321,Seminole Boosters Board of Directors,At-Large,2004-01-01T00:00:00.000000000,2007-06-30T00:00:00.000000000,true
233321,Seminole Boosters Board of Directors,Past Chairman,2012-07-01T00:00:00.000000000,,true
716048,Seminole Boosters Board of Directors,At-Large,1981-01-01T00:00:00.000000000,1982-12-31T00:00:00.000000000,false
716048,Seminole Boosters Board of Directors,At-Large,1984-01-01T00:00:00.000000000,1984-12-31T00:00:00.000000000,false
716048,Seminole Boosters Board of Directors,Ex-Officio,1983-01-01T00:00:00.000000000,1983-12-31T00:00:00.000000000,false
261383,Seminole Boosters Board of Directors,At-Large,2006-01-01T00:00:00.000000000,2009-06-30T00:00:00.000000000,false
261383,Seminole Boosters Board of Directors,At-Large,2009-07-01T00:00:00.000000000,2012-06-30T00:00:00.000000000,false
199549,Seminole Boosters Board of Directors,At-Large,2010-07-01T00:00:00.000000000,2013-06-30T00:00:00.000000000,true
199549,Seminole Boosters Board of Directors,At-Large,2013-07-01T00:00:00.000000000,2016-06-30T00:00:00.000000000,true
199549,Seminole Boosters Board of Directors,At-Large,2022-07-01T00:00:00.000000000,,true
623309,Seminole Boosters Board of Directors,At-Large,1998-01-01T00:00:00.000000000,2000-12-31T00:00:00.000000000,false
623309,Seminole Boosters Board of Directors,At-Large,2001-01-01T00:00:00.000000000,2003-12-31T00:00:00.000000000,false
623309,Seminole Boosters Board of Directors,Ex-Officio,2013-12-05T00:00:00.000000000,2015-06-30T00:00:00.000000000,false
756200,Seminole Boosters Board of Directors,Ex-Officio,2014-07-01T00:00:00.000000000,2015-06-30T00:00:00.000000000,false
232474,Seminole Boosters Board of Directors,At-Large,2010-07-01T00:00:00.000000000,2016-06-30T00:00:00.000000000,false
232474,Seminole Boosters Board of Directors,At-Large,2018-07-01T00:00:00.000000000,2024-06-30T00:00:00.000000000,false
232474,Seminole Boosters Board of Directors,Executive Com.,2014-07-01T00:00:00.000000000,2016-06-30T00:00:00.000000000,false
2321505,Seminole Boosters Board of Directors,At-Large,2005-01-01T00:00:00.000000000,2008-06-30T00:00:00.000000000,false
2321505,Seminole Boosters Board of Directors,At-Large,2008-07-01T00:00:00.000000000,2011-06-30T00:00:00.000000000,false
640239,Seminole Boosters Board of Directors,At-Large,2006-01-01T00:00:00.000000000,2012-06-30T00:00:00.000000000,false
640239,Seminole Boosters Board of Directors,At-Large,2015-07-01T00:00:00.000000000,2018-06-30T00:00:00.000000000,false
640239,Seminole Boosters Board of Directors,At-Large,2018-07-01T00:00:00.000000000,2019-06-30T00:00:00.000000000,false
758600,Seminole Boosters Board of Directors,At-Large,2007-07-01T00:00:00.000000000,2008-06-30T00:00:00.000000000,true
758600,Seminole Boosters Board of Directors,At-Large,2017-07-01T00:00:00.000000000,2023-06-30T00:00:00.000000000,true
758600,Seminole Boosters Board of Directors,Chair,2024-07-01T00:00:00.000000000,,true
758600,Seminole Boosters Board of Directors,Vice Chair,2023-07-01T00:00:00.000000000,2024-06-30T00:00:00.000000000,true
741677,Seminole Boosters Board of Directors,At-Large,2003-01-01T00:00:00.000000000,2004-12-31T00:00:00.000000000,false
44204,Seminole Boosters Board of Directors,At-Large,1986-01-01T00:00:00.000000000,1988-12-31T00:00:00.000000000,false
41783,Seminole Boosters Board of Directors,Ex-Officio,1996-01-01T00:00:00.000000000,1996-12-31T00:00:00.000000000,false
479344,Seminole Boosters Board of Directors,At-Large,1997-01-01T00:00:00.000000000,1999-12-31T00:00:00.000000000,false
479344,Seminole Boosters Board of Directors,At-Large,2000-01-01T00:00:00.000000000,2002-12-31T00:00:00.000000000,false
292609434,Seminole Boosters Board of Directors,At-Large,1990-01-01T00:00:00.000000000,1992-12-31T00:00:00.000000000,false
292609434,Seminole Boosters Board of Directors,At-Large,1993-01-01T00:00:00.000000000,1995-12-31T00:00:00.000000000,false
292609434,Seminole Boosters Board of Directors,At-Large,2002-01-01T00:00:00.000000000,2004-12-31T00:00:00.000000000,false
292609434,Seminole Boosters Board of Directors,At-Large,2005-01-01T00:00:00.000000000,2005-12-31T00:00:00.000000000,false
729526,Seminole Boosters Board of Directors,At-Large,2005-01-01T00:00:00.000000000,2008-06-30T00:00:00.000000000,false
729526,Seminole Boosters Board of Directors,At-Large,2008-07-01T00:00:00.000000000,2011-06-30T00:00:00.000000000,false
180226,Seminole Boosters Board of Directors,At-Large,1987-01-01T00:00:00.000000000,1989-12-31T00:00:00.000000000,false
180226,Seminole Boosters Board of Directors,At-Large,1990-01-01T00:00:00.000000000,1992-12-31T00:00:00.000000000,false
85162,Seminole Boosters Board of Directors,At-Large,2003-01-01T00:00:00.000000000,2003-12-31T00:00:00.000000000,true
85162,Seminole Boosters Board of Directors,Ex-Officio,2004-01-01T00:00:00.000000000,2004-12-31T00:00:00.000000000,true
85162,Seminole Boosters Board of Directors,Past Chairman,2008-07-01T00:00:00.000000000,,true
668015,Seminole Boosters Board of Directors,At-Large,1990-01-01T00:00:00.000000000,1992-12-31T00:00:00.000000000,false
45906,Seminole Boosters Board of Directors,At-Large,2003-01-01T00:00:00.000000000,2005-12-31T00:00:00.000000000,false
45906,Seminole Boosters Board of Directors,At-Large,2006-01-01T00:00:00.000000000,,false
733410,Seminole Boosters Board of Directors,At-Large,2005-01-01T00:00:00.000000000,2007-06-30T00:00:00.000000000,false
99641,Seminole Boosters Board of Directors,At-Large,1990-01-01T00:00:00.000000000,1992-12-31T00:00:00.000000000,false
99641,Seminole Boosters Board of Directors,At-Large,1993-01-01T00:00:00.000000000,1993-12-31T00:00:00.000000000,false
765376,Seminole Boosters Board of Directors,At-Large,1998-01-01T00:00:00.000000000,2000-12-31T00:00:00.000000000,false
765376,Seminole Boosters Board of Directors,At-Large,2001-01-01T00:00:00.000000000,2003-12-31T00:00:00.000000000,false
106458497,Seminole Boosters Board of Directors,At-Large,1979-01-01T00:00:00.000000000,1979-12-31T00:00:00.000000000,false
106458497,Seminole Boosters Board of Directors,At-Large,1981-01-01T00:00:00.000000000,1981-12-31T00:00:00.000000000,false
106458497,Seminole Boosters Board of Directors,Past Chairman,1984-01-01T00:00:00.000000000,2020-01-24T00:00:00.000000000,false
740616,Seminole Boosters Board of Directors,At-Large,1978-01-01T00:00:00.000000000,1986-12-31T00:00:00.000000000,false
26361,Seminole Boosters Board of Directors,At-Large,2014-07-01T00:00:00.000000000,2020-06-30T00:00:00.000000000,false
76478,Seminole Boosters Board of Directors,At-Large,1994-01-01T00:00:00.000000000,1995-12-31T00:00:00.000000000,false
76478,Seminole Boosters Board of Directors,Ex-Officio,1996-01-01T00:00:00.000000000,2002-12-31T00:00:00.000000000,false
574831,Seminole Boosters Board of Directors,At-Large,2023-07-01T00:00:00.000000000,,true
768457,Seminole Boosters Board of Directors,At-Large,2004-01-01T00:00:00.000000000,2008-06-30T00:00:00.000000000,false
768457,Seminole Boosters Board of Directors,At-Large,2008-07-01T00:00:00.000000000,2010-06-30T00:00:00.000000000,false
2498,Seminole Boosters Board of Directors,At-Large,1993-01-01T00:00:00.000000000,1995-12-31T00:00:00.000000000,false
477327,Seminole Boosters Board of Directors,At-Large,2011-07-01T00:00:00.000000000,2017-06-30T00:00:00.000000000,false
257444,Seminole Boosters Board of Directors,At-Large,2007-07-01T00:00:00.000000000,2010-06-30T00:00:00.000000000,false
257444,Seminole Boosters Board of Directors,At-Large,2010-07-01T00:00:00.000000000,2013-06-30T00:00:00.000000000,false
744096,Seminole Boosters Board of Directors,"Ex-Officio - Chair, Alumni Association",2015-07-01T00:00:00.000000000,2016-06-30T00:00:00.000000000,false
292609406,Seminole Boosters Board of Directors,At-Large,1988-01-01T00:00:00.000000000,1990-12-31T00:00:00.000000000,false
292609406,Seminole Boosters Board of Directors,At-Large,1991-01-01T00:00:00.000000000,1993-12-31T00:00:00.000000000,false
702249,Seminole Boosters Board of Directors,At-Large,2024-07-01T00:00:00.000000000,,true
203370,Seminole Boosters Board of Directors,At-Large,1992-01-01T00:00:00.000000000,1994-12-31T00:00:00.000000000,false
203370,Seminole Boosters Board of Directors,At-Large,1995-01-01T00:00:00.000000000,1997-12-31T00:00:00.000000000,false
693832,Seminole Boosters Board of Directors,At-Large,2015-07-01T00:00:00.000000000,2017-06-30T00:00:00.000000000,false
693832,Seminole Boosters Board of Directors,At-Large,2018-07-01T00:00:00.000000000,2022-06-30T00:00:00.000000000,false
693832,Seminole Boosters Board of Directors,Secretary,2017-07-01T00:00:00.000000000,2018-06-30T00:00:00.000000000,false
91657,Seminole Boosters Board of Directors,At-Large,1989-01-01T00:00:00.000000000,1991-01-01T00:00:00.000000000,false
91657,Seminole Boosters Board of Directors,At-Large,2000-01-01T00:00:00.000000000,2003-12-31T00:00:00.000000000,false
760151,Seminole Boosters Board of Directors,At-Large,2016-07-01T00:00:00.000000000,2022-06-30T00:00:00.000000000,false
240551,Seminole Boosters Board of Directors,At-Large,1996-01-01T00:00:00.000000000,1998-12-31T00:00:00.000000000,false
717310,Seminole Boosters Board of Directors,At-Large,1988-01-01T00:00:00.000000000,1990-12-31T00:00:00.000000000,false
717310,Seminole Boosters Board of Directors,At-Large,1995-01-01T00:00:00.000000000,1997-12-31T00:00:00.000000000,false
717310,Seminole Boosters Board of Directors,At-Large,1998-01-01T00:00:00.000000000,2000-12-31T00:00:00.000000000,false
717310,Seminole Boosters Board of Directors,At-Large,2015-07-01T00:00:00.000000000,2018-06-30T00:00:00.000000000,false
717310,Seminole Boosters Board of Directors,At-Large,2018-07-01T00:00:00.000000000,2022-06-30T00:00:00.000000000,false
717310,Seminole Boosters Board of Directors,Ex-Officio,1991-01-01T00:00:00.000000000,1991-12-31T00:00:00.000000000,false
717310,Seminole Boosters Board of Directors,Ex-Officio,1992-01-01T00:00:00.000000000,1992-12-31T00:00:00.000000000,false
717310,Seminole Boosters Board of Directors,Ex-Officio,1993-01-01T00:00:00.000000000,1993-12-31T00:00:00.000000000,false
23331,Seminole Boosters Board of Directors,At-Large,2014-07-01T00:00:00.000000000,2019-06-30T00:00:00.000000000,false
708194,Seminole Boosters Board of Directors,At-Large,2017-07-01T00:00:00.000000000,2023-06-30T00:00:00.000000000,false
83944,Seminole Boosters Board of Directors,At-Large,1985-01-01T00:00:00.000000000,1987-12-31T00:00:00.000000000,false
83944,Seminole Boosters Board of Directors,At-Large,1988-01-01T00:00:00.000000000,1990-12-31T00:00:00.000000000,false
194888,Seminole Boosters Board of Directors,At-Large,1991-01-01T00:00:00.000000000,1993-12-31T00:00:00.000000000,false
194888,Seminole Boosters Board of Directors,At-Large,1994-01-01T00:00:00.000000000,1997-12-31T00:00:00.000000000,false
699554,Seminole Boosters Board of Directors,Ex-Officio,2012-07-01T00:00:00.000000000,2015-06-30T00:00:00.000000000,false
631838,Seminole Boosters Board of Directors,At-Large,2012-07-01T00:00:00.000000000,2015-06-30T00:00:00.000000000,false
274539723,Seminole Boosters Board of Directors,At-Large,2019-07-01T00:00:00.000000000,2019-12-02T00:00:00.000000000,false
2321917,Seminole Boosters Board of Directors,At-Large,1981-01-01T00:00:00.000000000,1987-12-31T00:00:00.000000000,false
2321917,Seminole Boosters Board of Directors,Ex-Officio,1979-01-01T00:00:00.000000000,1980-12-31T00:00:00.000000000,false
515472,Seminole Boosters Board of Directors,At-Large,2019-07-01T00:00:00.000000000,2025-06-30T00:00:00.000000000,false
754585,Seminole Boosters Board of Directors,At-Large,2019-07-01T00:00:00.000000000,,true
714012,Seminole Boosters Board of Directors,At-Large,1978-01-01T00:00:00.000000000,1980-12-31T00:00:00.000000000,false
714012,Seminole Boosters Board of Directors,Past Chairman,1983-01-01T00:00:00.000000000,2021-09-09T00:00:00.000000000,false
155028,Seminole Boosters Board of Directors,At-Large,2017-07-01T00:00:00.000000000,2023-06-30T00:00:00.000000000,false
584328,Seminole Boosters Board of Directors,Ex-Officio,2014-07-01T00:00:00.000000000,2016-06-30T00:00:00.000000000,false
722043,Seminole Boosters Board of Directors,Ex-Officio,2022-07-01T00:00:00.000000000,,true
218339,Seminole Boosters Board of Directors,"Ex-Officio - Chair, Alumni Association",2021-07-01T00:00:00.000000000,2022-06-30T00:00:00.000000000,false
458655,Seminole Boosters Board of Directors,At-Large,1994-01-01T00:00:00.000000000,1996-12-31T00:00:00.000000000,false
458655,Seminole Boosters Board of Directors,Chair-Elect,1998-01-01T00:00:00.000000000,1998-12-31T00:00:00.000000000,false
458655,Seminole Boosters Board of Directors,Ex-Officio,1996-01-01T00:00:00.000000000,1997-12-31T00:00:00.000000000,false
458655,Seminole Boosters Board of Directors,Ex-Officio,2008-01-01T00:00:00.000000000,2011-06-30T00:00:00.000000000,false
641948,Seminole Boosters Board of Directors,At-Large,1993-01-01T00:00:00.000000000,1995-12-31T00:00:00.000000000,false
641948,Seminole Boosters Board of Directors,At-Large,1996-01-01T00:00:00.000000000,1998-12-31T00:00:00.000000000,false
641948,Seminole Boosters Board of Directors,At-Large,2005-01-01T00:00:00.000000000,2008-06-30T00:00:00.000000000,false
641948,Seminole Boosters Board of Directors,At-Large,2008-07-01T00:00:00.000000000,2011-06-30T00:00:00.000000000,false
458549,Seminole Boosters Board of Directors,At-Large,1978-01-01T00:00:00.000000000,1978-12-31T00:00:00.000000000,false
458549,Seminole Boosters Board of Directors,At-Large,1998-01-01T00:00:00.000000000,2000-12-31T00:00:00.000000000,false
458549,Seminole Boosters Board of Directors,At-Large,2001-01-01T00:00:00.000000000,2003-12-31T00:00:00.000000000,false
458549,Seminole Boosters Board of Directors,Ex-Officio,1979-01-01T00:00:00.000000000,1979-12-31T00:00:00.000000000,false
45561,Seminole Boosters Board of Directors,At-Large,1993-01-01T00:00:00.000000000,1995-12-31T00:00:00.000000000,false
45561,Seminole Boosters Board of Directors,At-Large,1996-01-01T00:00:00.000000000,1998-12-31T00:00:00.000000000,false
203191,Seminole Boosters Board of Directors,At-Large,1978-01-01T00:00:00.000000000,1983-12-31T00:00:00.000000000,false
203191,Seminole Boosters Board of Directors,At-Large,1987-01-01T00:00:00.000000000,1991-12-31T00:00:00.000000000,false
134086,Seminole Boosters Board of Directors,At-Large,2012-07-01T00:00:00.000000000,2015-06-30T00:00:00.000000000,false
775529,Seminole Boosters Board of Directors,At-Large,2019-07-01T00:00:00.000000000,2025-06-30T00:00:00.000000000,false
276050839,Seminole Boosters Board of Directors,At-Large,2016-07-01T00:00:00.000000000,2022-06-30T00:00:00.000000000,false
694736,Seminole Boosters Board of Directors,At-Large,2023-07-01T00:00:00.000000000,,true
740914,Seminole Boosters Board of Directors,"Ex-Officio - Chair, Alumni Association",2020-07-01T00:00:00.000000000,2021-06-30T00:00:00.000000000,false
770865,Seminole Boosters Board of Directors,At-Large,2017-07-01T00:00:00.000000000,2023-06-30T00:00:00.000000000,false
693648,Seminole Boosters Board of Directors,At-Large,1981-01-01T00:00:00.000000000,1984-12-31T00:00:00.000000000,false
693648,Seminole Boosters Board of Directors,At-Large,1987-01-01T00:00:00.000000000,1989-12-31T00:00:00.000000000,false
693648,Seminole Boosters Board of Directors,At-Large,1990-01-01T00:00:00.000000000,1992-12-31T00:00:00.000000000,false
276254788,Seminole Boosters Board of Directors,At-Large,2024-09-13T00:00:00.000000000,,true
733565,Seminole Boosters Board of Directors,Ex-Officio,2011-07-01T00:00:00.000000000,2017-06-30T00:00:00.000000000,false
292609440,Seminole Boosters Board of Directors,At-Large,2025-07-01T00:00:00.000000000,,true
770682,Seminole Boosters Board of Directors,At-Large,2014-07-01T00:00:00.000000000,2015-06-30T00:00:00.000000000,false
132327,Seminole Boosters Board of Directors,At-Large,2023-07-01T00:00:00.000000000,,true
769384,Seminole Boosters Board of Directors,At-Large,2004-01-01T00:00:00.000000000,2007-06-30T00:00:00.000000000,false
769384,Seminole Boosters Board of Directors,At-Large,2007-07-01T00:00:00.000000000,2010-06-30T00:00:00.000000000,false
223734,Seminole Boosters Board of Directors,Ex-Officio,2021-07-01T00:00:00.000000000,,true
274440153,Seminole Boosters Board of Directors,At-Large,2025-07-01T00:00:00.000000000,,true
755445,Seminole Boosters Board of Directors,At-Large,2000-01-01T00:00:00.000000000,2002-12-31T00:00:00.000000000,false
755445,Seminole Boosters Board of Directors,At-Large,2003-01-01T00:00:00.000000000,2005-12-31T00:00:00.000000000,false
274543915,Seminole Boosters Board of Directors,At-Large,2024-07-01T00:00:00.000000000,,true
772346,Seminole Boosters Board of Directors,At-Large,2013-07-01T00:00:00.000000000,2016-06-30T00:00:00.000000000,false
772346,Seminole Boosters Board of Directors,At-Large,2016-07-01T00:00:00.000000000,2019-06-30T00:00:00.000000000,false
763307,Seminole Boosters Board of Directors,At-Large,2012-07-01T00:00:00.000000000,2018-06-30T00:00:00.000000000,true
763307,Seminole Boosters Board of Directors,At-Large,2024-07-01T00:00:00.000000000,,true
769537,Seminole Boosters Board of Directors,At-Large,2010-06-30T00:00:00.000000000,2013-06-30T00:00:00.000000000,false
769537,Seminole Boosters Board of Directors,At-Large,2013-07-01T00:00:00.000000000,2015-06-30T00:00:00.000000000,false
75023,Seminole Boosters Board of Directors,At-Large,2001-01-01T00:00:00.000000000,2003-12-31T00:00:00.000000000,false
75023,Seminole Boosters Board of Directors,At-Large,2006-01-01T00:00:00.000000000,2007-06-30T00:00:00.000000000,false
75023,Seminole Boosters Board of Directors,Ex-Officio,2004-01-01T00:00:00.000000000,2005-12-31T00:00:00.000000000,false
712471,Seminole Boosters Board of Directors,At-Large,1999-01-01T00:00:00.000000000,2001-12-31T00:00:00.000000000,false
712471,Seminole Boosters Board of Directors,At-Large,2002-01-01T00:00:00.000000000,2004-12-31T00:00:00.000000000,false
106458162,Seminole Boosters Board of Directors,At-Large,2011-07-01T00:00:00.000000000,2019-01-30T00:00:00.000000000,false
276275139,Seminole Boosters Board of Directors,At-Large,1999-01-01T00:00:00.000000000,2001-12-31T00:00:00.000000000,false
276275139,Seminole Boosters Board of Directors,At-Large,2002-01-01T00:00:00.000000000,2004-12-31T00:00:00.000000000,false
752376,Seminole Boosters Board of Directors,At-Large,2018-07-01T00:00:00.000000000,2024-06-30T00:00:00.000000000,false
184869,Seminole Boosters Board of Directors,At-Large,1984-01-01T00:00:00.000000000,1986-12-31T00:00:00.000000000,false
743117,Seminole Boosters Board of Directors,At-Large,2021-07-01T00:00:00.000000000,,true
201458,Seminole Boosters Board of Directors,"Ex-Officio - Chair, Alumni Association",2023-07-01T00:00:00.000000000,2024-06-30T00:00:00.000000000,false
292609413,Seminole Boosters Board of Directors,At-Large,2003-01-01T00:00:00.000000000,2005-12-31T00:00:00.000000000,false
292609413,Seminole Boosters Board of Directors,At-Large,2006-01-01T00:00:00.000000000,2009-06-30T00:00:00.000000000,false
601965,Seminole Boosters Board of Directors,At-Large,2024-07-01T00:00:00.000000000,,true
106458230,Seminole Boosters Board of Directors,At-Large,1991-01-01T00:00:00.000000000,1993-12-31T00:00:00.000000000,false
292609477,Seminole Boosters Board of Directors,Ex-Officio,2020-07-01T00:00:00.000000000,2022-06-30T00:00:00.000000000,false
19898,Seminole Boosters Board of Directors,Ex-Officio,2011-07-01T00:00:00.000000000,2012-06-30T00:00:00.000000000,false
83607511,Seminole Boosters Board of Directors,,,,true
763190,Seminole Boosters Board of Directors,At-Large,2012-07-01T00:00:00.000000000,2018-06-30T00:00:00.000000000,false
153073,Seminole Boosters Board of Directors,At-Large,2010-07-01T00:00:00.000000000,2013-06-30T00:00:00.000000000,true
153073,Seminole Boosters Board of Directors,Chairman,2016-07-01T00:00:00.000000000,2017-06-30T00:00:00.000000000,true
153073,Seminole Boosters Board of Directors,Immediate Past Chair,2017-07-01T00:00:00.000000000,2018-06-30T00:00:00.000000000,true
153073,Seminole Boosters Board of Directors,Past Chair,2018-07-01T00:00:00.000000000,,true
153073,Seminole Boosters Board of Directors,Treasurer,2013-07-01T00:00:00.000000000,2015-06-30T00:00:00.000000000,true
153073,Seminole Boosters Board of Directors,Vice Chairman,2015-07-01T00:00:00.000000000,2016-06-30T00:00:00.000000000,true
574624,Seminole Boosters Board of Directors,At-Large,2020-07-01T00:00:00.000000000,,true
292609412,Seminole Boosters Board of Directors,At-Large,2024-07-01T00:00:00.000000000,,true
741921,Seminole Boosters Board of Directors,At-Large,2020-07-01T00:00:00.000000000,,true
438975,Seminole Boosters Board of Directors,At-Large,2005-01-01T00:00:00.000000000,2008-06-30T00:00:00.000000000,false
438975,Seminole Boosters Board of Directors,At-Large,2008-07-01T00:00:00.000000000,2011-06-30T00:00:00.000000000,false
113570531,Seminole Boosters Board of Directors,Ex-Officio,2006-01-01T00:00:00.000000000,2011-06-23T00:00:00.000000000,false
139268,Seminole Boosters Board of Directors,At-Large,1989-01-01T00:00:00.000000000,1991-12-31T00:00:00.000000000,false
30711928,Seminole Boosters Board of Directors,At-Large,2023-07-01T00:00:00.000000000,,true
744291,Seminole Boosters Board of Directors,At-Large,2010-07-01T00:00:00.000000000,2013-06-30T00:00:00.000000000,true
744291,Seminole Boosters Board of Directors,At-Large,2013-07-01T00:00:00.000000000,2014-06-30T00:00:00.000000000,true
744291,Seminole Boosters Board of Directors,At-Large,2023-07-01T00:00:00.000000000,,true
744291,Seminole Boosters Board of Directors,Ex-Officio,2014-07-01T00:00:00.000000000,2020-01-01T00:00:00.000000000,true
597924,Seminole Boosters Board of Directors,At-Large,1995-01-01T00:00:00.000000000,1997-12-31T00:00:00.000000000,false
597924,Seminole Boosters Board of Directors,At-Large,1998-01-01T00:00:00.000000000,2000-12-31T00:00:00.000000000,false
226749,Seminole Boosters Board of Directors,At-Large,1983-01-01T00:00:00.000000000,1985-12-31T00:00:00.000000000,false
226749,Seminole Boosters Board of Directors,At-Large,1986-01-01T00:00:00.000000000,1986-12-31T00:00:00.000000000,false
226749,Seminole Boosters Board of Directors,At-Large,1988-01-01T00:00:00.000000000,1992-12-31T00:00:00.000000000,false
226749,Seminole Boosters Board of Directors,At-Large,1993-01-01T00:00:00.000000000,1995-12-31T00:00:00.000000000,false
226749,Seminole Boosters Board of Directors,Ex-Officio,1987-01-01T00:00:00.000000000,1987-12-31T00:00:00.000000000,false
570814,Seminole Boosters Board of Directors,At-Large,2000-01-01T00:00:00.000000000,2002-12-31T00:00:00.000000000,true
570814,Seminole Boosters Board of Directors,Ex-Officio,2003-01-01T00:00:00.000000000,2003-12-31T00:00:00.000000000,true
570814,Seminole Boosters Board of Directors,Ex-Officio,2006-01-01T00:00:00.000000000,,true
704338,Seminole Boosters Board of Directors,At-Large,1999-01-01T00:00:00.000000000,2001-12-31T00:00:00.000000000,false
704338,Seminole Boosters Board of Directors,At-Large,2002-01-01T00:00:00.000000000,2004-12-31T00:00:00.000000000,false
60915,Seminole Boosters Board of Directors,At-Large,1987-01-01T00:00:00.000000000,1987-01-01T00:00:00.000000000,false
275989385,Seminole Boosters Board of Directors,At-Large,1992-01-01T00:00:00.000000000,1994-12-31T00:00:00.000000000,false
275989385,Seminole Boosters Board of Directors,At-Large,1995-01-01T00:00:00.000000000,1997-12-31T00:00:00.000000000,false
465423,Seminole Boosters Board of Directors,At-Large,1996-01-01T00:00:00.000000000,1998-12-31T00:00:00.000000000,false
465423,Seminole Boosters Board of Directors,At-Large,1999-01-01T00:00:00.000000000,2000-12-31T00:00:00.000000000,false
715249,Seminole Boosters Board of Directors,At-Large,2011-07-01T00:00:00.000000000,2017-06-30T00:00:00.000000000,false
734901,Seminole Boosters Board of Directors,,,,true
589506,Seminole Boosters Board of Directors,At-Large,2002-01-01T00:00:00.000000000,2003-12-31T00:00:00.000000000,false
276263390,Seminole Boosters Board of Directors,At-Large,2014-07-01T00:00:00.000000000,2017-12-31T00:00:00.000000000,false
292609405,Seminole Boosters Board of Directors,At-Large,2005-01-01T00:00:00.000000000,2008-06-30T00:00:00.000000000,false
292609405,Seminole Boosters Board of Directors,At-Large,2008-07-01T00:00:00.000000000,2011-06-30T00:00:00.000000000,false
109625,Seminole Boosters Board of Directors,At-Large,1985-01-01T00:00:00.000000000,1988-12-31T00:00:00.000000000,false
175696,Seminole Boosters Board of Directors,At-Large,2025-07-01T00:00:00.000000000,,true
752492,Seminole Boosters Board of Directors,At-Large,1984-01-01T00:00:00.000000000,1986-12-31T00:00:00.000000000,false
475132,Seminole Boosters Board of Directors,"Ex-Officio - Chair, Alumni Association",2018-07-01T00:00:00.000000000,2019-06-30T00:00:00.000000000,false
276276095,Seminole Boosters Board of Directors,At-Large,2022-07-01T00:00:00.000000000,,true
57092074,Seminole Boosters Board of Directors,At-Large,2017-07-01T00:00:00.000000000,2023-06-30T00:00:00.000000000,false
772543,Seminole Boosters Board of Directors,Ex-Officio,2002-01-01T00:00:00.000000000,2002-01-02T00:00:00.000000000,false
80263,Seminole Boosters Board of Directors,At-Large,2018-07-01T00:00:00.000000000,2024-06-30T00:00:00.000000000,false
106458380,Seminole Boosters Board of Directors,At-Large,1978-01-01T00:00:00.000000000,1978-12-31T00:00:00.000000000,false
106458380,Seminole Boosters Board of Directors,Chair-Elect,1979-01-01T00:00:00.000000000,1979-12-31T00:00:00.000000000,false
106458380,Seminole Boosters Board of Directors,Ex-Officio,1981-01-01T00:00:00.000000000,1985-12-31T00:00:00.000000000,false
474743,Seminole Boosters Board of Directors,At-Large,2010-07-01T00:00:00.000000000,2013-06-30T00:00:00.000000000,false
474743,Seminole Boosters Board of Directors,At-Large,2013-07-01T00:00:00.000000000,2016-06-30T00:00:00.000000000,false
556561,Seminole Boosters Board of Directors,At-Large,2004-01-01T00:00:00.000000000,2007-01-01T00:00:00.000000000,false
556561,Seminole Boosters Board of Directors,At-Large,2007-07-01T00:00:00.000000000,2010-06-30T00:00:00.000000000,false
782567,Seminole Boosters Board of Directors,At-Large,2001-01-01T00:00:00.000000000,2003-12-31T00:00:00.000000000,false
782567,Seminole Boosters Board of Directors,At-Large,2004-01-01T00:00:00.000000000,2007-06-30T00:00:00.000000000,false
782567,Seminole Boosters Board of Directors,At-Large,2009-07-01T00:00:00.000000000,2012-06-30T00:00:00.000000000,false
782567,Seminole Boosters Board of Directors,At-Large,2012-07-01T00:00:00.000000000,2015-06-30T00:00:00.000000000,false
275939925,Seminole Boosters Board of Directors,At-Large,2005-01-01T00:00:00.000000000,2008-06-30T00:00:00.000000000,false
275939925,Seminole Boosters Board of Directors,At-Large,2008-07-01T00:00:00.000000000,2011-06-30T00:00:00.000000000,false
705190,Seminole Boosters Board of Directors,At-Large,2011-07-01T00:00:00.000000000,2017-06-30T00:00:00.000000000,false
574782,Seminole Boosters Board of Directors,At-Large,2003-01-01T00:00:00.000000000,2005-12-31T00:00:00.000000000,false
574782,Seminole Boosters Board of Directors,At-Large,2006-01-01T00:00:00.000000000,2009-05-31T00:00:00.000000000,false
574782,Seminole Boosters Board of Directors,At-Large,2012-07-01T00:00:00.000000000,2018-06-30T00:00:00.000000000,false
142425,Seminole Boosters Board of Directors,Ex-Officio,2008-07-01T00:00:00.000000000,2011-06-30T00:00:00.000000000,false
185882,Seminole Boosters Board of Directors,At-Large,2004-01-01T00:00:00.000000000,2007-06-30T00:00:00.000000000,false
185882,Seminole Boosters Board of Directors,At-Large,2007-07-01T00:00:00.000000000,2010-06-30T00:00:00.000000000,false
185882,Seminole Boosters Board of Directors,At-Large,2015-07-02T00:00:00.000000000,2018-06-30T00:00:00.000000000,false
185882,Seminole Boosters Board of Directors,At-Large,2018-07-01T00:00:00.000000000,2021-06-30T00:00:00.000000000,false
126233,Seminole Boosters Board of Directors,VP for University Relations,2022-05-01T00:00:00.000000000,2022-10-01T00:00:00.000000000,false
6692,Seminole Boosters Board of Directors,At-Large,2025-07-01T00:00:00.000000000,,true
729402,Seminole Boosters Board of Directors,At-Large,2014-07-01T00:00:00.000000000,2017-06-30T00:00:00.000000000,false
63606,Seminole Boosters Board of Directors,At-Large,1978-01-01T00:00:00.000000000,1983-12-31T00:00:00.000000000,false
763945,Seminole Boosters Board of Directors,At-Large,2005-01-01T00:00:00.000000000,2008-06-30T00:00:00.000000000,false
631805,Seminole Boosters Board of Directors,At-Large,2005-01-01T00:00:00.000000000,2008-06-30T00:00:00.000000000,false
631805,Seminole Boosters Board of Directors,At-Large,2008-07-01T00:00:00.000000000,2011-06-30T00:00:00.000000000,false
276279941,Seminole Boosters Board of Directors,At-Large,1980-01-01T00:00:00.000000000,1981-12-31T00:00:00.000000000,false
276279941,Seminole Boosters Board of Directors,At-Large,1983-01-01T00:00:00.000000000,1984-12-31T00:00:00.000000000,false
276279941,Seminole Boosters Board of Directors,Ex-Officio,1982-01-01T00:00:00.000000000,1982-12-31T00:00:00.000000000,false
693603,Seminole Boosters Board of Directors,At-Large,2007-07-01T00:00:00.000000000,2010-06-30T00:00:00.000000000,false
693603,Seminole Boosters Board of Directors,At-Large,2010-07-01T00:00:00.000000000,2013-06-30T00:00:00.000000000,false
762823,Seminole Boosters Board of Directors,At-Large,2012-07-01T00:00:00.000000000,2018-06-30T00:00:00.000000000,false
6175,Seminole Boosters Board of Directors,At-Large,1982-01-01T00:00:00.000000000,1984-12-31T00:00:00.000000000,false
6175,Seminole Boosters Board of Directors,At-Large,1985-01-01T00:00:00.000000000,1986-12-31T00:00:00.000000000,false
6175,Seminole Boosters Board of Directors,At-Large,1989-01-01T00:00:00.000000000,1991-12-31T00:00:00.000000000,false
6175,Seminole Boosters Board of Directors,At-Large,1992-01-01T00:00:00.000000000,1994-12-31T00:00:00.000000000,false
19726,Seminole Boosters Board of Directors,At-Large,1985-01-01T00:00:00.000000000,1987-12-31T00:00:00.000000000,false
19726,Seminole Boosters Board of Directors,At-Large,1988-01-01T00:00:00.000000000,1989-12-31T00:00:00.000000000,false
11071,Seminole Boosters Board of Directors,At-Large,1978-01-01T00:00:00.000000000,1986-12-31T00:00:00.000000000,false
282667863,Seminole Boosters Board of Directors,At-Large,2015-07-01T00:00:00.000000000,2018-06-30T00:00:00.000000000,false
282667863,Seminole Boosters Board of Directors,At-Large,2018-07-01T00:00:00.000000000,2022-06-30T00:00:00.000000000,false
35077,Seminole Boosters Board of Directors,At-Large,2006-01-01T00:00:00.000000000,2009-06-30T00:00:00.000000000,false
35077,Seminole Boosters Board of Directors,At-Large,2009-07-01T00:00:00.000000000,2011-06-30T00:00:00.000000000,false
745651,Seminole Boosters Board of Directors,At-Large,2023-07-01T00:00:00.000000000,,true
114202,Seminole Boosters Board of Directors,At-Large,1987-01-01T00:00:00.000000000,1988-12-31T00:00:00.000000000,false
119224,Seminole Boosters Board of Directors,At-Large,1984-01-01T00:00:00.000000000,1986-12-31T00:00:00.000000000,false
132693,Seminole Boosters Board of Directors,At-Large,1992-01-01T00:00:00.000000000,1994-12-31T00:00:00.000000000,true
132693,Seminole Boosters Board of Directors,At-Large,2000-01-01T00:00:00.000000000,2002-12-31T00:00:00.000000000,true
132693,Seminole Boosters Board of Directors,At-Large,2003-01-01T00:00:00.000000000,2005-12-31T00:00:00.000000000,true
132693,Seminole Boosters Board of Directors,At-Large,2024-07-01T00:00:00.000000000,,true
132693,Seminole Boosters Board of Directors,Ex-Officio,1995-01-01T00:00:00.000000000,1995-12-31T00:00:00.000000000,true
132693,Seminole Boosters Board of Directors,Ex-Officio,1996-01-01T00:00:00.000000000,1997-12-31T00:00:00.000000000,true
724693,Seminole Boosters Board of Directors,At-Large,2022-07-01T00:00:00.000000000,,true
105139,Seminole Boosters Board of Directors,At-Large,1983-01-01T00:00:00.000000000,1984-12-31T00:00:00.000000000,false
742162,Seminole Boosters Board of Directors,At-Large,2008-07-01T00:00:00.000000000,2011-06-30T00:00:00.000000000,false
742162,Seminole Boosters Board of Directors,At-Large,2011-07-01T00:00:00.000000000,2014-06-30T00:00:00.000000000,false
760547,Seminole Boosters Board of Directors,At-Large,2010-07-01T00:00:00.000000000,2013-06-30T00:00:00.000000000,true
760547,Seminole Boosters Board of Directors,Chair-Elect,2016-07-01T00:00:00.000000000,2017-06-30T00:00:00.000000000,true
760547,Seminole Boosters Board of Directors,Chairman,2017-07-01T00:00:00.000000000,2018-06-30T00:00:00.000000000,true
760547,Seminole Boosters Board of Directors,Past Chairman,2018-07-01T00:00:00.000000000,,true
760547,Seminole Boosters Board of Directors,Secretary,2014-07-01T00:00:00.000000000,2016-06-30T00:00:00.000000000,true
274420427,Seminole Boosters Board of Directors,At-Large,1979-01-01T00:00:00.000000000,1983-12-31T00:00:00.000000000,false
274420427,Seminole Boosters Board of Directors,At-Large,1999-01-01T00:00:00.000000000,1999-12-31T00:00:00.000000000,false
556592,Seminole Boosters Board of Directors,At-Large,1978-01-01T00:00:00.000000000,1980-12-31T00:00:00.000000000,false
292609519,Seminole Boosters Board of Directors,At-Large,1994-01-01T00:00:00.000000000,1996-12-31T00:00:00.000000000,false
292609519,Seminole Boosters Board of Directors,At-Large,1997-01-01T00:00:00.000000000,1999-12-31T00:00:00.000000000,false
292609519,Seminole Boosters Board of Directors,At-Large,2002-01-01T00:00:00.000000000,2004-12-31T00:00:00.000000000,false
292609519,Seminole Boosters Board of Directors,At-Large,2005-01-01T00:00:00.000000000,2008-06-30T00:00:00.000000000,false
292609519,Seminole Boosters Board of Directors,At-Large,2011-07-01T00:00:00.000000000,2012-06-30T00:00:00.000000000,false
292609519,Seminole Boosters Board of Directors,At-Large,2012-07-01T00:00:00.000000000,2015-06-30T00:00:00.000000000,false
292609519,Seminole Boosters Board of Directors,At-Large,2015-07-01T00:00:00.000000000,2018-06-30T00:00:00.000000000,false
127716,Seminole Boosters Board of Directors,At-Large,1991-01-01T00:00:00.000000000,1993-12-31T00:00:00.000000000,false
127716,Seminole Boosters Board of Directors,At-Large,1994-01-01T00:00:00.000000000,1996-12-31T00:00:00.000000000,false
627751,Seminole Boosters Board of Directors,At-Large,2011-07-01T00:00:00.000000000,2017-06-30T00:00:00.000000000,false
203065,Seminole Boosters Board of Directors,At-Large,2006-01-01T00:00:00.000000000,2009-06-30T00:00:00.000000000,false
203065,Seminole Boosters Board of Directors,At-Large,2009-07-01T00:00:00.000000000,2012-06-30T00:00:00.000000000,false
187258,Seminole Boosters Board of Directors,At-Large,1989-01-01T00:00:00.000000000,1991-12-31T00:00:00.000000000,false
41041,Seminole Boosters Board of Directors,At-Large,2015-07-01T00:00:00.000000000,2018-06-30T00:00:00.000000000,false
41041,Seminole Boosters Board of Directors,At-Large,2018-07-01T00:00:00.000000000,2020-06-30T00:00:00.000000000,false
41041,Seminole Boosters Board of Directors,Secretary,2020-07-01T00:00:00.000000000,2021-06-30T00:00:00.000000000,false
41041,Seminole Boosters Board of Directors,Treasurer,2021-07-01T00:00:00.000000000,2022-06-30T00:00:00.000000000,false
41041,Seminole Boosters Board of Directors,Vice Chair,2022-07-01T00:00:00.000000000,2022-11-29T00:00:00.000000000,false
276011583,Seminole Boosters Board of Directors,At-Large,2023-07-01T00:00:00.000000000,,true
253948,Seminole Boosters Board of Directors,Ex-Officio,2006-01-01T00:00:00.000000000,2013-12-05T00:00:00.000000000,false
246532,Seminole Boosters Board of Directors,At-Large,1991-01-01T00:00:00.000000000,1993-12-31T00:00:00.000000000,false
729811,Seminole Boosters Board of Directors,At-Large,2011-07-01T00:00:00.000000000,2017-06-30T00:00:00.000000000,false
778494,Seminole Boosters Board of Directors,Ex-Officio,2008-01-01T00:00:00.000000000,2013-06-26T00:00:00.000000000,false
438904,Seminole Boosters Board of Directors,At-Large,1996-01-01T00:00:00.000000000,1998-12-31T00:00:00.000000000,false
438904,Seminole Boosters Board of Directors,At-Large,1999-01-01T00:00:00.000000000,2000-12-31T00:00:00.000000000,false
437228,Seminole Boosters Board of Directors,At-Large,2005-01-01T00:00:00.000000000,2008-06-30T00:00:00.000000000,false
437228,Seminole Boosters Board of Directors,At-Large,2008-07-01T00:00:00.000000000,2011-06-30T00:00:00.000000000,false
22883,Seminole Boosters Board of Directors,At-Large,1987-01-01T00:00:00.000000000,1989-12-31T00:00:00.000000000,false
22883,Seminole Boosters Board of Directors,At-Large,1990-01-01T00:00:00.000000000,1992-12-31T00:00:00.000000000,false
456709,Seminole Boosters Board of Directors,At-Large,1998-01-01T00:00:00.000000000,2000-12-31T00:00:00.000000000,false
456709,Seminole Boosters Board of Directors,At-Large,2001-01-01T00:00:00.000000000,2003-12-31T00:00:00.000000000,false
716304,Seminole Boosters Board of Directors,At-Large,1999-01-01T00:00:00.000000000,2001-12-31T00:00:00.000000000,false
588642,Seminole Boosters Board of Directors,At-Large,2004-01-01T00:00:00.000000000,,false
588642,Seminole Boosters Board of Directors,Ex-Officio,2005-01-01T00:00:00.000000000,2005-12-31T00:00:00.000000000,false
469401,Seminole Boosters Board of Directors,At-Large,1985-01-01T00:00:00.000000000,1986-12-31T00:00:00.000000000,false
512233,Seminole Boosters Board of Directors,At-Large,1993-01-01T00:00:00.000000000,1995-12-31T00:00:00.000000000,false
512233,Seminole Boosters Board of Directors,At-Large,1996-01-01T00:00:00.000000000,1998-12-31T00:00:00.000000000,false
274511521,Seminole Boosters Board of Directors,At-Large,1998-01-01T00:00:00.000000000,2000-12-31T00:00:00.000000000,true
274511521,Seminole Boosters Board of Directors,At-Large,2001-01-01T00:00:00.000000000,2002-12-31T00:00:00.000000000,true
274511521,Seminole Boosters Board of Directors,Chair-Elect,2003-01-01T00:00:00.000000000,2003-12-31T00:00:00.000000000,true
274511521,Seminole Boosters Board of Directors,Past Chairman,2005-01-01T00:00:00.000000000,,true
601494,Seminole Boosters Board of Directors,At-Large,1989-01-01T00:00:00.000000000,1991-12-31T00:00:00.000000000,false
601494,Seminole Boosters Board of Directors,At-Large,1992-01-01T00:00:00.000000000,1994-12-31T00:00:00.000000000,false
592877,Seminole Boosters Board of Directors,At-Large,2011-07-01T00:00:00.000000000,2017-06-30T00:00:00.000000000,false
282617890,Seminole Boosters Board of Directors,At-Large,2014-07-01T00:00:00.000000000,2019-06-30T00:00:00.000000000,true
282617890,Seminole Boosters Board of Directors,Chair,2021-07-01T00:00:00.000000000,,true
282617890,Seminole Boosters Board of Directors,Chair-Elect,2019-07-01T00:00:00.000000000,2021-06-30T00:00:00.000000000,true
106458576,Seminole Boosters Board of Directors,Ex-Officio,2011-07-01T00:00:00.000000000,2012-01-01T00:00:00.000000000,false
624683,Seminole Boosters Board of Directors,At-Large,1992-01-01T00:00:00.000000000,1994-12-31T00:00:00.000000000,false
624683,Seminole Boosters Board of Directors,At-Large,1995-01-01T00:00:00.000000000,1997-12-31T00:00:00.000000000,false
570256,Seminole Boosters Board of Directors,At-Large,2017-07-01T00:00:00.000000000,2023-06-30T00:00:00.000000000,false
106458281,Seminole Boosters Board of Directors,At-Large,2013-07-01T00:00:00.000000000,2016-06-30T00:00:00.000000000,false
106458281,Seminole Boosters Board of Directors,At-Large,2016-07-01T00:00:00.000000000,2019-06-30T00:00:00.000000000,false
658894,Seminole Boosters Board of Directors,At-Large,1992-01-01T00:00:00.000000000,1994-12-31T00:00:00.000000000,false
658894,Seminole Boosters Board of Directors,At-Large,1995-01-01T00:00:00.000000000,1997-12-31T00:00:00.000000000,false
72207,Seminole Boosters Board of Directors,Ex-Officio,2012-01-01T00:00:00.000000000,2013-01-24T00:00:00.000000000,false
625312,Seminole Boosters Board of Directors,At-Large,2016-07-01T00:00:00.000000000,2017-06-30T00:00:00.000000000,false
637831,Seminole Boosters Board of Directors,At-Large,1984-01-01T00:00:00.000000000,1986-12-31T00:00:00.000000000,false
637831,Seminole Boosters Board of Directors,At-Large,1987-01-01T00:00:00.000000000,1989-12-31T00:00:00.000000000,false
650427,Seminole Boosters Board of Directors,Ex-Officio,2017-07-01T00:00:00.000000000,2020-10-28T00:00:00.000000000,false
25466,Seminole Boosters Board of Directors,At-Large,2025-07-01T00:00:00.000000000,,true
2321679,Seminole Boosters Board of Directors,At-Large,1992-01-01T00:00:00.000000000,1994-12-31T00:00:00.000000000,false
2321679,Seminole Boosters Board of Directors,At-Large,1995-01-01T00:00:00.000000000,1996-12-31T00:00:00.000000000,false
2321679,Seminole Boosters Board of Directors,Past Chairman,1999-01-01T00:00:00.000000000,2021-04-27T00:00:00.000000000,false
123877,Seminole Boosters Board of Directors,Ex-Officio,2013-01-24T00:00:00.000000000,2014-02-25T00:00:00.000000000,false
274540844,Seminole Boosters Board of Directors,Ex-Officio,2008-07-01T00:00:00.000000000,2009-05-30T00:00:00.000000000,false
761209,Seminole Boosters Board of Directors,At-Large,2017-07-01T00:00:00.000000000,2023-06-30T00:00:00.000000000,false
716024,Seminole Boosters Board of Directors,At-Large,2011-07-01T00:00:00.000000000,2014-06-30T00:00:00.000000000,true
716024,Seminole Boosters Board of Directors,Chairman,2015-07-01T00:00:00.000000000,2016-06-30T00:00:00.000000000,true
716024,Seminole Boosters Board of Directors,Past Chairman,2016-07-01T00:00:00.000000000,,true
716024,Seminole Boosters Board of Directors,Vice Chairman,2014-07-01T00:00:00.000000000,2015-06-30T00:00:00.000000000,true
275966139,Seminole Boosters Board of Directors,At-Large,2023-07-01T00:00:00.000000000,,true
91736,Seminole Boosters Board of Directors,Ex-Officio,2010-10-01T00:00:00.000000000,2020-07-22T00:00:00.000000000,false
716276,Seminole Boosters Board of Directors,At-Large,2000-01-01T00:00:00.000000000,2002-12-31T00:00:00.000000000,false
716276,Seminole Boosters Board of Directors,At-Large,2003-01-01T00:00:00.000000000,2003-12-31T00:00:00.000000000,false
61850,Seminole Boosters Board of Directors,At-Large,2022-07-01T00:00:00.000000000,,true
702349,Seminole Boosters Board of Directors,At-Large,2002-01-01T00:00:00.000000000,2004-12-31T00:00:00.000000000,false
702349,Seminole Boosters Board of Directors,At-Large,2005-01-01T00:00:00.000000000,2008-06-30T00:00:00.000000000,false
292609411,Seminole Boosters Board of Directors,At-Large,2016-07-01T00:00:00.000000000,2022-06-30T00:00:00.000000000,false
719552,Seminole Boosters Board of Directors,At-Large,1981-01-01T00:00:00.000000000,1984-12-31T00:00:00.000000000,false
701579,Seminole Boosters Board of Directors,Ex-Officio,1979-01-01T00:00:00.000000000,1988-12-31T00:00:00.000000000,false
736125,Seminole Boosters Board of Directors,At-Large,2024-07-01T00:00:00.000000000,,true
730061,Seminole Boosters Board of Directors,At-Large,1998-01-01T00:00:00.000000000,2000-12-31T00:00:00.000000000,false
730061,Seminole Boosters Board of Directors,At-Large,2001-01-01T00:00:00.000000000,2003-12-31T00:00:00.000000000,false
276276387,Seminole Boosters Board of Directors,At-Large,2009-05-31T00:00:00.000000000,2012-06-30T00:00:00.000000000,true
276276387,Seminole Boosters Board of Directors,Chairman,2014-07-01T00:00:00.000000000,2015-06-30T00:00:00.000000000,true
276276387,Seminole Boosters Board of Directors,Past Chairman,2015-07-01T00:00:00.000000000,,true
274544904,Seminole Boosters Board of Directors,At-Large,2006-01-01T00:00:00.000000000,2012-06-30T00:00:00.000000000,false
656563,Seminole Boosters Board of Directors,At-Large,1980-01-01T00:00:00.000000000,1984-12-31T00:00:00.000000000,false
477681,Seminole Boosters Board of Directors,Ex-Officio,2025-03-04T00:00:00.000000000,,true
477681,Seminole Boosters Board of Directors,Ex-Officio - Varsity Club,2025-03-03T00:00:00.000000000,,true
106458509,Seminole Boosters Board of Directors,Ex-Officio,2015-01-23T00:00:00.000000000,2016-01-24T00:00:00.000000000,false
682052,Seminole Boosters Board of Directors,,,,false
7996,Seminole Boosters Board of Directors,"Ex-Officio - Chair, Alumni Association",2022-07-01T00:00:00.000000000,2023-06-30T00:00:00.000000000,false
227415,Seminole Boosters Board of Directors,At-Large,2024-07-01T00:00:00.000000000,,true
81364,Seminole Boosters Board of Directors,At-Large,2019-07-01T00:00:00.000000000,2025-06-30T00:00:00.000000000,false
566484,Seminole Boosters Board of Directors,At-Large,2022-07-01T00:00:00.000000000,,true
490996,Seminole Boosters Board of Directors,Ex-Officio,2014-02-25T00:00:00.000000000,2015-01-23T00:00:00.000000000,false
762261,Seminole Boosters Board of Directors,At-Large,1978-01-01T00:00:00.000000000,1984-12-31T00:00:00.000000000,false
707275,Seminole Boosters Board of Directors,Ex-Officio,2009-07-01T00:00:00.000000000,2011-06-30T00:00:00.000000000,false
564055,Seminole Boosters Board of Directors,Ex-Officio,2013-09-01T00:00:00.000000000,2018-09-01T00:00:00.000000000,false
462229,Seminole Boosters Board of Directors,At-Large,2025-07-01T00:00:00.000000000,,true
203811,Seminole Boosters Board of Directors,At-Large,2016-07-01T00:00:00.000000000,2022-06-30T00:00:00.000000000,false
572278,Seminole Boosters Board of Directors,Ex-Officio,2017-07-01T00:00:00.000000000,2018-06-30T00:00:00.000000000,false
192666,Seminole Boosters Board of Directors,At-Large,2017-07-01T00:00:00.000000000,2018-06-29T00:00:00.000000000,false
106458289,Seminole Boosters Board of Directors,Ex-Officio,2016-07-01T00:00:00.000000000,2017-05-03T00:00:00.000000000,false
730632,Seminole Boosters Board of Directors,At-Large,2024-07-01T00:00:00.000000000,,true
106458427,Seminole Boosters Board of Directors,At-Large,1987-01-01T00:00:00.000000000,1989-12-31T00:00:00.000000000,false
730883,Seminole Boosters Board of Directors,Past Chair,1963-01-01T00:00:00.000000000,2021-11-01T00:00:00.000000000,false
721012,Seminole Boosters Board of Directors,At-Large,1994-01-01T00:00:00.000000000,1996-12-31T00:00:00.000000000,false
721012,Seminole Boosters Board of Directors,At-Large,1997-01-01T00:00:00.000000000,1999-12-31T00:00:00.000000000,false
721012,Seminole Boosters Board of Directors,Ex-Officio,1988-01-01T00:00:00.000000000,1991-12-31T00:00:00.000000000,false
760696,Seminole Boosters Board of Directors,At-Large,2001-01-01T00:00:00.000000000,2003-12-31T00:00:00.000000000,false
760696,Seminole Boosters Board of Directors,At-Large,2004-01-01T00:00:00.000000000,2005-12-31T00:00:00.000000000,false
773825,Seminole Boosters Board of Directors,At-Large,1996-01-01T00:00:00.000000000,1998-12-31T00:00:00.000000000,false
773872,Seminole Boosters Board of Directors,At-Large,1979-01-01T00:00:00.000000000,1983-12-31T00:00:00.000000000,false
772020,Seminole Boosters Board of Directors,At-Large,1994-01-01T00:00:00.000000000,1995-12-31T00:00:00.000000000,false
725264,Seminole Boosters Board of Directors,At-Large,1986-01-01T00:00:00.000000000,1987-12-31T00:00:00.000000000,false
292609517,Seminole Boosters Board of Directors,At-Large,2006-01-01T00:00:00.000000000,2006-12-31T00:00:00.000000000,true
292609517,Seminole Boosters Board of Directors,Past Chairman,2010-07-01T00:00:00.000000000,,true
741676,Seminole Boosters Board of Directors,At-Large,2015-07-01T00:00:00.000000000,2018-06-30T00:00:00.000000000,false
741676,Seminole Boosters Board of Directors,At-Large,2018-07-01T00:00:00.000000000,2019-08-20T00:00:00.000000000,false
725560,Seminole Boosters Board of Directors,At-Large,2005-01-01T00:00:00.000000000,2008-06-30T00:00:00.000000000,false
725560,Seminole Boosters Board of Directors,At-Large,2008-07-01T00:00:00.000000000,2011-06-30T00:00:00.000000000,false
725664,Seminole Boosters Board of Directors,At-Large,1988-01-01T00:00:00.000000000,1989-12-31T00:00:00.000000000,false
